path,line,assembly,kind,visibility,signature,production,generated,tests,benchmarks,examples,root
"src/SharpLink.Abstractions/IRpcChannel.cs",4,"SharpLink.Abstractions","NamedType","Public","global::SharpLink.Abstractions.RpcMethodKind",19,1007,153,5,0,""
"src/SharpLink.Abstractions/IRpcChannel.cs",7,"SharpLink.Abstractions","Field","Public","Unary",4,509,75,5,0,"Enum/protocol identity"
"src/SharpLink.Abstractions/IRpcChannel.cs",10,"SharpLink.Abstractions","Field","Public","OneWay",10,134,39,2,0,"Enum/protocol identity"
"src/SharpLink.Abstractions/IRpcChannel.cs",13,"SharpLink.Abstractions","Field","Public","ClientStreaming",3,164,10,0,0,"Enum/protocol identity"
"src/SharpLink.Abstractions/IRpcChannel.cs",16,"SharpLink.Abstractions","Field","Public","ServerStreaming",2,116,15,0,0,"Enum/protocol identity"
"src/SharpLink.Abstractions/IRpcChannel.cs",19,"SharpLink.Abstractions","Field","Public","DuplexStreaming",5,80,11,0,0,"Enum/protocol identity"
"src/SharpLink.Abstractions/IRpcChannel.cs",23,"SharpLink.Abstractions","NamedType","Public","global::SharpLink.Abstractions.RpcMethodDescriptor",103,731,126,3,0,""
"src/SharpLink.Abstractions/IRpcChannel.cs",25,"SharpLink.Abstractions","Field","Private","HasResponsePayloadFlag",3,0,0,0,0,""
"src/SharpLink.Abstractions/IRpcChannel.cs",26,"SharpLink.Abstractions","Field","Private","HasClientStreamsFlag",3,0,0,0,0,""
"src/SharpLink.Abstractions/IRpcChannel.cs",27,"SharpLink.Abstractions","Field","Private","HasMethodTimeoutFlag",3,0,0,0,0,""
"src/SharpLink.Abstractions/IRpcChannel.cs",28,"SharpLink.Abstractions","Field","Private","IsIdempotentFlag",3,0,0,0,0,""
"src/SharpLink.Abstractions/IRpcChannel.cs",29,"SharpLink.Abstractions","Field","Private","ResponseNullableFlag",3,0,0,0,0,""
"src/SharpLink.Abstractions/IRpcChannel.cs",30,"SharpLink.Abstractions","Field","Private","HasMethodTimeoutValueFlag",2,0,0,0,0,""
"src/SharpLink.Abstractions/IRpcChannel.cs",43,"SharpLink.Abstractions","Method","Public","RpcMethodDescriptor",1,662,54,1,0,"Constructor/activation"
"src/SharpLink.Abstractions/IRpcChannel.cs",70,"SharpLink.Abstractions","Property","Public","ContractId",87,0,9,0,0,""
"src/SharpLink.Abstractions/IRpcChannel.cs",72,"SharpLink.Abstractions","Property","Public","MethodId",24,0,6,0,0,""
"src/SharpLink.Abstractions/IRpcChannel.cs",76,"SharpLink.Abstractions","Field","Private","_methodTimeoutTicks",2,0,0,0,0,""
"src/SharpLink.Abstractions/IRpcChannel.cs",85,"SharpLink.Abstractions","Property","Public","MethodTimeout",3,0,13,0,0,""
"src/SharpLink.Abstractions/IRpcChannel.cs",96,"SharpLink.Abstractions","Property","Public","ClientStreamCount",23,0,0,0,0,""
"src/SharpLink.Abstractions/IRpcChannel.cs",98,"SharpLink.Abstractions","Property","Public","Kind",17,12,18,0,0,""
"src/SharpLink.Abstractions/IRpcChannel.cs",100,"SharpLink.Abstractions","Property","Public","HasResponsePayload",6,0,5,0,0,""
"src/SharpLink.Abstractions/IRpcChannel.cs",106,"SharpLink.Abstractions","Property","Public","HasClientStreams",4,0,6,0,0,""
"src/SharpLink.Abstractions/IRpcChannel.cs",112,"SharpLink.Abstractions","Property","Public","HasMethodTimeout",2,0,5,0,0,""
"src/SharpLink.Abstractions/IRpcChannel.cs",118,"SharpLink.Abstractions","Property","Public","IsIdempotent",3,0,7,0,0,""
"src/SharpLink.Abstractions/IRpcChannel.cs",124,"SharpLink.Abstractions","Property","Public","ResponseNullable",10,0,6,0,0,""
"src/SharpLink.Abstractions/IRpcChannel.cs",130,"SharpLink.Abstractions","Field","Private","_flags",13,0,0,0,0,""
"src/SharpLink.Abstractions/IRpcChannel.cs",132,"SharpLink.Abstractions","Method","Private","SetFlag",6,0,0,0,0,""
"src/SharpLink.Abstractions/IRpcChannel.cs",145,"SharpLink.Abstractions","Method","Public","Deconstruct",1,0,1,0,0,""
"src/SharpLink.Abstractions/IRpcChannel.cs",205,"SharpLink.Abstractions","NamedType","Public","global::SharpLink.Abstractions.RpcEmptyRequest",7,150,58,0,0,""
"src/SharpLink.Abstractions/IRpcChannel.cs",208,"SharpLink.Abstractions","NamedType","Public","global::SharpLink.Abstractions.RpcEmptyRequestCodec",2,150,55,0,0,""
"src/SharpLink.Abstractions/IRpcChannel.cs",211,"SharpLink.Abstractions","Property","Public","Instance",1,150,55,0,0,""
"src/SharpLink.Abstractions/IRpcChannel.cs",213,"SharpLink.Abstractions","Method","Private","RpcEmptyRequestCodec",1,0,0,0,0,"Constructor/activation"
"src/SharpLink.Abstractions/IRpcChannel.cs",218,"SharpLink.Abstractions","Method","Public","Serialize",4,409,33,15,0,""
"src/SharpLink.Abstractions/IRpcChannel.cs",223,"SharpLink.Abstractions","Method","Public","Deserialize",4,90,43,0,0,""
"src/SharpLink.Abstractions/IRpcChannel.cs",232,"SharpLink.Abstractions","NamedType","Public","global::SharpLink.Abstractions.IRpcClientStreamWriter",30,98,8,0,0,""
"src/SharpLink.Abstractions/IRpcChannel.cs",238,"SharpLink.Abstractions","Method","Public","WriteAsync",3,0,0,0,0,"Interface contract"
"src/SharpLink.Abstractions/IRpcChannel.cs",245,"SharpLink.Abstractions","NamedType","Public","global::SharpLink.Abstractions.IRpcClientStreamSink",4,98,9,0,0,""
"src/SharpLink.Abstractions/IRpcChannel.cs",248,"SharpLink.Abstractions","Method","Public","SendClientStreamAsync<T>",1,101,0,0,0,"Interface contract"
"src/SharpLink.Abstractions/IRpcChannel.cs",257,"SharpLink.Abstractions","NamedType","Public","global::SharpLink.Abstractions.RpcNoClientStreams",0,26,9,0,0,""
"src/SharpLink.Abstractions/IRpcChannel.cs",268,"SharpLink.Abstractions","NamedType","Public","global::SharpLink.Abstractions.IRpcChannel",8,207,62,0,0,""
"src/SharpLink.Abstractions/IRpcChannel.cs",271,"SharpLink.Abstractions","Property","Public","RuntimeContext",1,0,35,0,0,"Interface contract"
"src/SharpLink.Abstractions/IRpcChannel.cs",274,"SharpLink.Abstractions","Method","Public","InvokeUnaryAsync<TRequest, TResponse>",1,169,20,0,0,"Interface contract"
"src/SharpLink.Abstractions/IRpcChannel.cs",283,"SharpLink.Abstractions","Method","Public","InvokeOneWayAsync<TRequest, TStreams>",1,44,18,0,0,"Interface contract"
"src/SharpLink.Abstractions/IRpcChannel.cs",293,"SharpLink.Abstractions","Method","Public","InvokeClientStreamingAsync<TRequest, TResponse, TStreams>",1,54,4,0,0,"Interface contract"
"src/SharpLink.Abstractions/IRpcChannel.cs",304,"SharpLink.Abstractions","Method","Public","InvokeServerStreamingAsync<TRequest, TResponse>",1,38,7,0,0,"Interface contract"
"src/SharpLink.Abstractions/IRpcChannel.cs",313,"SharpLink.Abstractions","Method","Public","InvokeDuplexStreamingAsync<TRequest, TResponse, TStreams>",1,26,3,0,0,"Interface contract"
"src/SharpLink.Abstractions/IRpcCodec.cs",4,"SharpLink.Abstractions","NamedType","Public","global::SharpLink.Abstractions.IRpcCodec",41,188,65,2,0,""
"src/SharpLink.Abstractions/IRpcCodec.cs",10,"SharpLink.Abstractions","NamedType","Public","global::SharpLink.Abstractions.IRpcCodec<T>",214,1280,226,45,0,""
"src/SharpLink.Abstractions/IRpcCodecAdapter.cs",4,"SharpLink.Abstractions","NamedType","Public","global::SharpLink.Abstractions.IRpcCodecAdapter",5,105,42,1,0,""
"src/SharpLink.Abstractions/IRpcCodecAdapter.cs",7,"SharpLink.Abstractions","Property","Public","AdapterId",14,38,0,0,0,"Interface contract"
"src/SharpLink.Abstractions/IRpcCodecAdapter.cs",10,"SharpLink.Abstractions","Method","Public","CreateScope",1,0,0,0,0,"Interface contract"
"src/SharpLink.Abstractions/IRpcCodecAdapter.cs",14,"SharpLink.Abstractions","NamedType","Public","global::SharpLink.Abstractions.IRpcCodecAdapterScope",12,104,58,1,0,""
"src/SharpLink.Abstractions/IRpcCodecAdapter.cs",17,"SharpLink.Abstractions","Method","Public","CreateCodec<T>",0,13,17,0,0,"Interface contract"
"src/SharpLink.Abstractions/IRpcGeneratedServerBridge.cs",6,"SharpLink.Abstractions","NamedType","Public","global::SharpLink.Abstractions.IRpcGeneratedServerBridge",26,414,60,10,0,""
"src/SharpLink.Abstractions/IRpcGeneratedServerBridge.cs",12,"SharpLink.Abstractions","Method","Public","EnsureUserCodeEntry",2,331,0,0,0,"Interface contract"
"src/SharpLink.Abstractions/IRpcGeneratedServerBridge.cs",15,"SharpLink.Abstractions","Method","Public","CreateInboundStream<T>",0,101,0,0,0,"Interface contract"
"src/SharpLink.Abstractions/IRpcGeneratedServerBridge.cs",23,"SharpLink.Abstractions","Method","Public","PumpOutboundStreamAsync<T>",0,64,0,0,0,"Interface contract"
"src/SharpLink.Abstractions/IRpcRuntimeContext.cs",6,"SharpLink.Abstractions","NamedType","Public","global::SharpLink.Abstractions.IRpcRuntimeContext",8,0,7,0,0,""
"src/SharpLink.Abstractions/IRpcRuntimeContext.cs",9,"SharpLink.Abstractions","Property","Public","Codecs",10,0,39,0,0,"Interface contract"
"src/SharpLink.Abstractions/IRpcRuntimeContext.cs",16,"SharpLink.Abstractions","NamedType","Public","global::SharpLink.Abstractions.IRpcContractCodecProviderResolver",4,0,1,0,0,""
"src/SharpLink.Abstractions/IRpcRuntimeContext.cs",19,"SharpLink.Abstractions","Method","Public","GetContractCodecProvider",1,0,0,0,0,"Interface contract"
"src/SharpLink.Abstractions/IRpcRuntimeContext.cs",23,"SharpLink.Abstractions","NamedType","Public","global::SharpLink.Abstractions.IRpcCodecProvider",36,589,62,3,0,""
"src/SharpLink.Abstractions/IRpcRuntimeContext.cs",28,"SharpLink.Abstractions","Method","Public","GetCodec<T>",7,883,133,17,0,"Interface contract"
"src/SharpLink.Abstractions/IRpcRuntimeContext.cs",32,"SharpLink.Abstractions","NamedType","Public","global::SharpLink.Abstractions.IRpcBufferWriterPool",3,0,3,0,0,""
"src/SharpLink.Abstractions/IRpcRuntimeContext.cs",52,"SharpLink.Abstractions","NamedType","Public","global::SharpLink.Abstractions.IRpcByteBufferWriter",108,107,103,17,0,""
"src/SharpLink.Abstractions/IRpcRuntimeContext.cs",55,"SharpLink.Abstractions","Property","Public","WrittenCount",19,177,16,3,0,"Interface contract"
"src/SharpLink.Abstractions/IRpcRuntimeContext.cs",58,"SharpLink.Abstractions","Property","Public","WrittenMemory",6,0,1,0,0,"Interface contract"
"src/SharpLink.Abstractions/IRpcRuntimeContext.cs",61,"SharpLink.Abstractions","Property","Public","WrittenSpan",13,59,2,0,0,"Interface contract"
"src/SharpLink.Abstractions/IRpcSizedCodec.cs",10,"SharpLink.Abstractions","NamedType","Public","global::SharpLink.Abstractions.IRpcSizedCodec<T>",9,90,10,4,0,""
"src/SharpLink.Abstractions/IRpcSizedCodec.cs",16,"SharpLink.Abstractions","Property","Public","CanExactSize",5,30,0,1,0,"Interface contract"
"src/SharpLink.Abstractions/IRpcSizedCodec.cs",19,"SharpLink.Abstractions","Method","Public","TryGetEncodedSize",5,20,0,3,0,"Interface contract"
"src/SharpLink.Abstractions/IRpcSizedCodec.cs",30,"SharpLink.Abstractions","Method","Public","SerializeSized",2,10,0,2,0,"Interface contract"
"src/SharpLink.Abstractions/IRpcSizedCodec.cs",33,"SharpLink.Abstractions","Method","Public","ReleaseSnapshot",4,10,0,2,0,"Interface contract"
"src/SharpLink.Abstractions/IRpcSizedCodec.cs",37,"SharpLink.Abstractions","NamedType","Public","global::SharpLink.Abstractions.IRpcSizedCodecSnapshot",10,137,34,8,0,""
"src/SharpLink.Abstractions/IRpcSizedCodec.cs",50,"SharpLink.Abstractions","Field","Private","_suppressionDepth",3,0,0,0,0,""
"src/SharpLink.Abstractions/IRpcStub.cs",3,"SharpLink.Abstractions","NamedType","Public","global::SharpLink.Abstractions.IRpcStub",26,138,23,5,0,""
"src/SharpLink.Abstractions/IRpcStub.cs",6,"SharpLink.Abstractions","Method","Public","TryGetMethodDescriptor",3,0,0,0,0,"Interface contract"
"src/SharpLink.Abstractions/IRpcStub.cs",15,"SharpLink.Abstractions","Method","Public","SupportsCancellation",2,0,0,0,0,"Interface contract"
"src/SharpLink.Abstractions/IRpcStub.cs",18,"SharpLink.Abstractions","Property","Public","InterfaceHash",1,0,5,0,0,"Interface contract"
"src/SharpLink.Abstractions/IRpcStub.cs",24,"SharpLink.Abstractions","Method","Public","InvokeNoReturnCancellableAsync",2,0,0,1,0,"Interface contract"
"src/SharpLink.Abstractions/IRpcStub.cs",27,"SharpLink.Abstractions","Method","Public","InvokeAsync",2,0,0,0,0,"Interface contract"
"src/SharpLink.Abstractions/IRpcStub.cs",30,"SharpLink.Abstractions","Method","Public","InvokeCancellableAsync",2,0,0,1,0,"Interface contract"
"src/SharpLink.Abstractions/ISharpLinkAssemblyRegistry.cs",6,"SharpLink.Abstractions","NamedType","Public","global::SharpLink.Abstractions.ISharpLinkAssemblyRegistry",2,0,4,0,0,""
"src/SharpLink.Abstractions/ISharpLinkAssemblyRegistry.cs",11,"SharpLink.Abstractions","Method","Public","RegisterAssembly",2,0,88,2,0,"Interface contract"
"src/SharpLink.Abstractions/ISharpLinkAssemblyRegistry.cs",17,"SharpLink.Abstractions","Method","Public","UnregisterAssemblyAsync",3,0,97,0,0,"Interface contract"
"src/SharpLink.Abstractions/ISharpLinkAssemblyRegistry.cs",28,"SharpLink.Abstractions","Method","Public","ReplaceAssemblyAsync",1,0,16,0,0,"Interface contract"
"src/SharpLink.Abstractions/ISharpLinkCircuitBreakerOptions.cs",4,"SharpLink.Abstractions","NamedType","Public","global::SharpLink.Abstractions.ISharpLinkCircuitBreakerOptions",9,0,0,0,0,""
"src/SharpLink.Abstractions/ISharpLinkCircuitBreakerOptions.cs",7,"SharpLink.Abstractions","Property","Public","MinimumThroughput",1,6,1,0,0,"Interface contract"
"src/SharpLink.Abstractions/ISharpLinkCircuitBreakerOptions.cs",10,"SharpLink.Abstractions","Property","Public","FailureRatio",1,6,0,0,0,"Interface contract"
"src/SharpLink.Abstractions/ISharpLinkCircuitBreakerOptions.cs",13,"SharpLink.Abstractions","Property","Public","SamplingDuration",1,6,0,0,0,"Interface contract"
"src/SharpLink.Abstractions/ISharpLinkCircuitBreakerOptions.cs",16,"SharpLink.Abstractions","Property","Public","BreakDuration",1,6,0,0,0,"Interface contract"
"src/SharpLink.Abstractions/ISharpLinkCircuitBreakerOptions.cs",19,"SharpLink.Abstractions","Property","Public","HalfOpenMaxCalls",1,6,0,0,0,"Interface contract"
"src/SharpLink.Abstractions/ISharpLinkClient.cs",4,"SharpLink.Abstractions","NamedType","Public","global::SharpLink.Abstractions.ISharpLinkClient",73,0,470,24,21,""
"src/SharpLink.Abstractions/ISharpLinkClient.cs",11,"SharpLink.Abstractions","Property","Public","State",15,6,39,0,0,"Interface contract"
"src/SharpLink.Abstractions/ISharpLinkClient.cs",28,"SharpLink.Abstractions","Property","Public","Readiness",4,0,12,0,0,"Interface contract"
"src/SharpLink.Abstractions/ISharpLinkClient.cs",33,"SharpLink.Abstractions","Property","Public","ClusterState",2,0,0,0,0,"Interface contract"
"src/SharpLink.Abstractions/ISharpLinkClient.cs",111,"SharpLink.Abstractions","Method","Public","WaitForRemoteContractAsync",2,0,32,0,0,"Interface contract"
"src/SharpLink.Abstractions/ISharpLinkClient.cs",404,"SharpLink.Abstractions","Method","Public","StartAsync",6,0,41,1,3,"Interface contract"
"src/SharpLink.Abstractions/ISharpLinkClient.cs",415,"SharpLink.Abstractions","Method","Public","ConnectAsync",10,0,225,8,7,"Interface contract"
"src/SharpLink.Abstractions/ISharpLinkClient.cs",419,"SharpLink.Abstractions","Method","Public","WaitForReadyAsync",2,0,32,0,0,"Interface contract"
"src/SharpLink.Abstractions/ISharpLinkClient.cs",425,"SharpLink.Abstractions","Method","Public","WaitForShutdownAsync",1,0,19,1,3,"Interface contract"
"src/SharpLink.Abstractions/ISharpLinkClient.cs",433,"SharpLink.Abstractions","Method","Public","StopAsync",8,0,140,11,5,"Interface contract"
"src/SharpLink.Abstractions/ISharpLinkClient.cs",438,"SharpLink.Abstractions","Method","Public","CheckHealthAsync",2,0,6,0,0,"Interface contract"
"src/SharpLink.Abstractions/ISharpLinkClient.cs",443,"SharpLink.Abstractions","Method","Public","Get<TContract>",1,0,386,6,19,"Interface contract"
"src/SharpLink.Abstractions/ISharpLinkClient.cs",448,"SharpLink.Abstractions","Method","Public","GetWithMetadata<TContract>",1,0,2,0,0,"Interface contract"
"src/SharpLink.Abstractions/ISharpLinkMultiClusterClient.cs",9,"SharpLink.Abstractions","NamedType","Public","global::SharpLink.Abstractions.ISharpLinkMultiClusterClient",22,0,100,0,1,""
"src/SharpLink.Abstractions/ISharpLinkMultiClusterClient.cs",165,"SharpLink.Abstractions","Method","Public","GetClusterState",3,0,25,0,0,"Interface contract"
"src/SharpLink.Abstractions/ISharpLinkRetryOptions.cs",6,"SharpLink.Abstractions","NamedType","Public","global::SharpLink.Abstractions.ISharpLinkRetryOptions",10,0,0,0,0,""
"src/SharpLink.Abstractions/ISharpLinkRetryOptions.cs",9,"SharpLink.Abstractions","Property","Public","MaxAttempts",1,6,4,0,0,"Interface contract"
"src/SharpLink.Abstractions/ISharpLinkRetryOptions.cs",11,"SharpLink.Abstractions","Property","Public","InitialBackoff",1,6,1,0,0,"Interface contract"
"src/SharpLink.Abstractions/ISharpLinkRetryOptions.cs",13,"SharpLink.Abstractions","Property","Public","MaxBackoff",6,10,1,0,0,"Interface contract"
"src/SharpLink.Abstractions/ISharpLinkRetryOptions.cs",15,"SharpLink.Abstractions","Property","Public","JitterRatio",1,6,0,0,0,"Interface contract"
"src/SharpLink.Abstractions/ISharpLinkServer.cs",4,"SharpLink.Abstractions","NamedType","Public","global::SharpLink.Abstractions.ISharpLinkServer",32,0,347,24,23,""
"src/SharpLink.Abstractions/ISharpLinkServer.cs",10,"SharpLink.Abstractions","Property","Public","HealthStatus",1,0,12,3,0,"Interface contract"
"src/SharpLink.Abstractions/ITransportConnection.cs",6,"SharpLink.Abstractions","NamedType","Public","global::SharpLink.Abstractions.IClientTransportFactory",41,0,100,0,0,""
"src/SharpLink.Abstractions/ITransportConnection.cs",15,"SharpLink.Abstractions","NamedType","Public","global::SharpLink.Abstractions.IServerTransportListener",15,0,52,3,0,""
"src/SharpLink.Abstractions/ITransportConnection.cs",18,"SharpLink.Abstractions","Property","Public","LocalEndPoint",2,0,78,8,0,"Interface contract"
"src/SharpLink.Abstractions/ITransportConnection.cs",23,"SharpLink.Abstractions","Method","Public","AcceptAsync",1,0,2,1,0,"Interface contract"
"src/SharpLink.Abstractions/ITransportConnection.cs",27,"SharpLink.Abstractions","NamedType","Public","global::SharpLink.Abstractions.ITransportConnection",35,0,319,9,0,""
"src/SharpLink.Abstractions/ITransportConnection.cs",30,"SharpLink.Abstractions","Property","Public","Id",25,0,129,5,2,"Interface contract"
"src/SharpLink.Abstractions/ITransportConnection.cs",33,"SharpLink.Abstractions","Property","Public","Input",2,0,71,1,0,"Interface contract"
"src/SharpLink.Abstractions/ITransportConnection.cs",36,"SharpLink.Abstractions","Property","Public","Output",2,0,70,1,0,"Interface contract"
"src/SharpLink.Abstractions/ITransportConnection.cs",42,"SharpLink.Abstractions","Property","Public","RemoteEndPoint",2,0,4,1,0,"Interface contract"
"src/SharpLink.Abstractions/LogEvents.cs",4,"SharpLink.Abstractions","NamedType","Public","global::SharpLink.Abstractions.LogEvents",33,0,16,0,0,""
"src/SharpLink.Abstractions/LogEvents.cs",7,"SharpLink.Abstractions","NamedType","Public","global::SharpLink.Abstractions.LogEvents.Connection",14,0,10,0,0,""
"src/SharpLink.Abstractions/LogEvents.cs",11,"SharpLink.Abstractions","Field","Public","ClientConnected",1,0,0,0,0,""
"src/SharpLink.Abstractions/LogEvents.cs",13,"SharpLink.Abstractions","Field","Public","ClientDisconnected",2,0,0,0,0,""
"src/SharpLink.Abstractions/LogEvents.cs",16,"SharpLink.Abstractions","Field","Public","HandshakeFailed",1,0,1,0,0,""
"src/SharpLink.Abstractions/LogEvents.cs",18,"SharpLink.Abstractions","Field","Public","HeartbeatTimeout",6,0,0,0,0,""
"src/SharpLink.Abstractions/LogEvents.cs",20,"SharpLink.Abstractions","Field","Public","TlsHandshakeFailed",1,0,0,0,0,""
"src/SharpLink.Abstractions/LogEvents.cs",22,"SharpLink.Abstractions","Field","Public","AuthenticationProviderFailed",1,0,3,0,0,""
"src/SharpLink.Abstractions/LogEvents.cs",24,"SharpLink.Abstractions","Field","Public","ConnectionAdmissionRejected",1,0,0,0,0,""
"src/SharpLink.Abstractions/LogEvents.cs",26,"SharpLink.Abstractions","Field","Public","ProtocolViolation",34,0,60,0,0,""
"src/SharpLink.Abstractions/LogEvents.cs",28,"SharpLink.Abstractions","Field","Public","ProtocolViolationSuppressed",1,0,2,0,0,""
"src/SharpLink.Abstractions/LogEvents.cs",31,"SharpLink.Abstractions","Field","Public","ClientDisConnectedWithError",1,0,0,0,0,""
"src/SharpLink.Abstractions/LogEvents.cs",35,"SharpLink.Abstractions","Field","Public","HeartbeatReceived",2,0,0,0,0,""
"src/SharpLink.Abstractions/LogEvents.cs",40,"SharpLink.Abstractions","NamedType","Public","global::SharpLink.Abstractions.LogEvents.Rpc",5,0,3,0,0,""
"src/SharpLink.Abstractions/LogEvents.cs",45,"SharpLink.Abstractions","Field","Public","DispatchFailed",1,0,3,0,0,""
"src/SharpLink.Abstractions/LogEvents.cs",47,"SharpLink.Abstractions","Field","Public","OneWayDispatchFailed",1,0,0,0,0,""
"src/SharpLink.Abstractions/LogEvents.cs",49,"SharpLink.Abstractions","Field","Public","ResourceExhausted",44,5,105,13,1,""
"src/SharpLink.Abstractions/LogEvents.cs",54,"SharpLink.Abstractions","Field","Public","RequestReceived",1,0,0,0,0,""
"src/SharpLink.Abstractions/LogEvents.cs",56,"SharpLink.Abstractions","Field","Public","CallAbandoned",1,0,0,0,0,""
"src/SharpLink.Abstractions/LogEvents.cs",70,"SharpLink.Abstractions","NamedType","Public","global::SharpLink.Abstractions.LogEvents.Transport",2,0,0,0,0,""
"src/SharpLink.Abstractions/LogEvents.cs",73,"SharpLink.Abstractions","Field","Public","TlsEstablished",2,0,0,0,0,""
"src/SharpLink.Abstractions/LogEvents.cs",77,"SharpLink.Abstractions","NamedType","Public","global::SharpLink.Abstractions.LogEvents.Server",6,0,2,0,0,""
"src/SharpLink.Abstractions/LogEvents.cs",80,"SharpLink.Abstractions","Field","Public","BackgroundLoopUnhandledException",3,0,1,0,0,""
"src/SharpLink.Abstractions/LogEvents.cs",84,"SharpLink.Abstractions","Field","Public","CallCapacityConfigured",1,0,0,0,0,""
"src/SharpLink.Abstractions/LogEvents.cs",86,"SharpLink.Abstractions","Field","Public","ConnectionAdmissionConfigured",1,0,1,0,0,""
"src/SharpLink.Abstractions/LogEvents.cs",88,"SharpLink.Abstractions","Field","Public","ForcedCallsRemaining",1,0,0,0,0,""
"src/SharpLink.Abstractions/LogEvents.cs",90,"SharpLink.Abstractions","Field","Public","DeferredCleanupFailed",1,0,0,0,0,""
"src/SharpLink.Abstractions/LogEvents.cs",92,"SharpLink.Abstractions","Field","Public","FrameworkCleanupTimeout",1,0,0,0,0,""
"src/SharpLink.Abstractions/LogEvents.cs",96,"SharpLink.Abstractions","NamedType","Public","global::SharpLink.Abstractions.LogEvents.Client",6,0,1,0,0,""
"src/SharpLink.Abstractions/LogEvents.cs",99,"SharpLink.Abstractions","Field","Public","UnknownOrTimedOutResponse",1,0,0,0,0,""
"src/SharpLink.Abstractions/LogEvents.cs",103,"SharpLink.Abstractions","Field","Public","ConnectionAttemptFailed",1,0,1,0,0,""
"src/SharpLink.Abstractions/LogEvents.cs",105,"SharpLink.Abstractions","Field","Public","ResolverUpdateFailed",1,0,0,0,0,""
"src/SharpLink.Abstractions/LogEvents.cs",107,"SharpLink.Abstractions","Field","Public","MultiClusterMutationStage",1,0,0,0,0,""
"src/SharpLink.Abstractions/ProtocolV2.cs",4,"SharpLink.Abstractions","NamedType","Public","global::SharpLink.Abstractions.ProtocolV2Constants",62,0,105,19,0,""
"src/SharpLink.Abstractions/ProtocolV2.cs",7,"SharpLink.Abstractions","Field","Public","Magic",5,0,10,0,0,""
"src/SharpLink.Abstractions/ProtocolV2.cs",10,"SharpLink.Abstractions","Field","Public","HeaderBytes",35,0,24,3,0,""
"src/SharpLink.Abstractions/ProtocolV2.cs",13,"SharpLink.Abstractions","Field","Public","RequestPrefixBytes",10,0,21,5,0,""
"src/SharpLink.Abstractions/ProtocolV2.cs",16,"SharpLink.Abstractions","Field","Public","MinorVersion",5,0,49,11,0,""
"src/SharpLink.Abstractions/ProtocolV2.cs",19,"SharpLink.Abstractions","Field","Public","MinimumCompatibleMinorVersion",7,0,5,0,0,""
"src/SharpLink.Abstractions/ProtocolV2.cs",23,"SharpLink.Abstractions","NamedType","Public","global::SharpLink.Abstractions.ProtocolV2FrameType",218,0,436,22,0,""
"src/SharpLink.Abstractions/ProtocolV2.cs",26,"SharpLink.Abstractions","Field","Public","HandshakeRequest",9,0,17,0,0,"Enum/protocol identity"
"src/SharpLink.Abstractions/ProtocolV2.cs",28,"SharpLink.Abstractions","Field","Public","HandshakeResponse",10,0,11,0,0,"Enum/protocol identity"
"src/SharpLink.Abstractions/ProtocolV2.cs",30,"SharpLink.Abstractions","Field","Public","Ping",11,0,44,2,0,"Enum/protocol identity"
"src/SharpLink.Abstractions/ProtocolV2.cs",32,"SharpLink.Abstractions","Field","Public","Pong",11,0,3,1,0,"Enum/protocol identity"
"src/SharpLink.Abstractions/ProtocolV2.cs",34,"SharpLink.Abstractions","Field","Public","Request",21,0,152,3,0,"Enum/protocol identity"
"src/SharpLink.Abstractions/ProtocolV2.cs",36,"SharpLink.Abstractions","Field","Public","Response",14,0,58,6,0,"Enum/protocol identity"
"src/SharpLink.Abstractions/ProtocolV2.cs",38,"SharpLink.Abstractions","Field","Public","Cancel",9,0,40,2,0,"Enum/protocol identity"
"src/SharpLink.Abstractions/ProtocolV2.cs",40,"SharpLink.Abstractions","Field","Public","StreamData",19,0,12,3,0,"Enum/protocol identity"
"src/SharpLink.Abstractions/ProtocolV2.cs",42,"SharpLink.Abstractions","Field","Public","StreamComplete",15,0,13,1,0,"Enum/protocol identity"
"src/SharpLink.Abstractions/ProtocolV2.cs",44,"SharpLink.Abstractions","Field","Public","WindowUpdate",9,0,7,2,0,"Enum/protocol identity"
"src/SharpLink.Abstractions/ProtocolV2.cs",46,"SharpLink.Abstractions","Field","Public","GoAway",12,0,9,1,0,"Enum/protocol identity"
"src/SharpLink.Abstractions/ProtocolV2.cs",48,"SharpLink.Abstractions","Field","Public","HealthCheck",11,0,22,0,0,"Enum/protocol identity"
"src/SharpLink.Abstractions/ProtocolV2.cs",50,"SharpLink.Abstractions","Field","Public","HealthResponse",9,0,8,0,0,"Enum/protocol identity"
"src/SharpLink.Abstractions/ProtocolV2.cs",52,"SharpLink.Abstractions","Field","Public","ContractManifest",14,0,13,0,0,"Enum/protocol identity"
"src/SharpLink.Abstractions/ProtocolV2.cs",54,"SharpLink.Abstractions","Field","Public","ResponseCompressionPreferenceUpdate",9,0,6,0,0,"Enum/protocol identity"
"src/SharpLink.Abstractions/ProtocolV2.cs",56,"SharpLink.Abstractions","Field","Public","ResponseCompressionPreferenceAck",9,0,1,0,0,"Enum/protocol identity"
"src/SharpLink.Abstractions/ProtocolV2.cs",58,"SharpLink.Abstractions","Field","Public","SessionRefreshRequested",8,0,12,0,0,"Enum/protocol identity"
"src/SharpLink.Abstractions/ProtocolV2.cs",62,"SharpLink.Abstractions","NamedType","Public","global::SharpLink.Abstractions.ProtocolV2FrameFlags",175,0,193,24,0,""
"src/SharpLink.Abstractions/ProtocolV2.cs",66,"SharpLink.Abstractions","Field","Public","None",49,0,185,20,0,"Enum/protocol identity"
"src/SharpLink.Abstractions/ProtocolV2.cs",68,"SharpLink.Abstractions","Field","Public","Error",24,0,21,2,0,"Enum/protocol identity"
"src/SharpLink.Abstractions/ProtocolV2.cs",70,"SharpLink.Abstractions","Field","Public","Truncated",10,0,2,0,0,"Enum/protocol identity"
"src/SharpLink.Abstractions/ProtocolV2.cs",72,"SharpLink.Abstractions","Field","Public","HasTimeBudget",8,0,18,0,0,"Enum/protocol identity"
"src/SharpLink.Abstractions/ProtocolV2.cs",74,"SharpLink.Abstractions","Field","Public","HasMetadata",10,0,8,1,0,"Enum/protocol identity"
"src/SharpLink.Abstractions/ProtocolV2.cs",76,"SharpLink.Abstractions","Field","Public","Compressed",19,0,16,0,0,"Enum/protocol identity"
"src/SharpLink.Abstractions/ProtocolV2.cs",78,"SharpLink.Abstractions","Field","Public","Cancellable",12,0,5,0,0,"Enum/protocol identity"
"src/SharpLink.Abstractions/ProtocolV2.cs",82,"SharpLink.Abstractions","Field","Public","HasReturn",7,0,5,2,0,"Enum/protocol identity"
"src/SharpLink.Abstractions/ProtocolV2.cs",86,"SharpLink.Abstractions","NamedType","Public","global::SharpLink.Abstractions.ProtocolV2Capabilities",70,0,252,11,0,""
"src/SharpLink.Abstractions/ProtocolV2.cs",92,"SharpLink.Abstractions","Field","Public","Metadata",6,0,21,0,0,"Enum/protocol identity"
"src/SharpLink.Abstractions/ProtocolV2.cs",94,"SharpLink.Abstractions","Field","Public","Compression",15,0,46,0,0,"Enum/protocol identity"
"src/SharpLink.Abstractions/ProtocolV2.cs",96,"SharpLink.Abstractions","Field","Public","FlowControl",3,0,41,6,0,"Enum/protocol identity"
"src/SharpLink.Abstractions/ProtocolV2.cs",100,"SharpLink.Abstractions","Field","Public","CancellationReason",4,0,33,0,0,"Enum/protocol identity"
"src/SharpLink.Abstractions/ProtocolV2.cs",104,"SharpLink.Abstractions","Field","Public","SessionRefresh",7,0,14,0,0,"Enum/protocol identity"
"src/SharpLink.Abstractions/ProtocolV2.cs",108,"SharpLink.Abstractions","NamedType","Public","global::SharpLink.Abstractions.ProtocolV2CancelReason",33,8,24,1,0,""
"src/SharpLink.Abstractions/ProtocolV2.cs",111,"SharpLink.Abstractions","Field","Public","Unspecified",12,2,6,0,0,"Enum/protocol identity"
"src/SharpLink.Abstractions/ProtocolV2.cs",113,"SharpLink.Abstractions","Field","Public","UserCancellation",4,2,5,1,0,"Enum/protocol identity"
"src/SharpLink.Abstractions/ProtocolV2.cs",115,"SharpLink.Abstractions","Field","Public","DeadlineExceeded",36,3,96,4,3,"Enum/protocol identity"
"src/SharpLink.Abstractions/ProtocolV2.cs",117,"SharpLink.Abstractions","Field","Public","ConsumerAbandoned",7,2,6,0,0,"Enum/protocol identity"
"src/SharpLink.Abstractions/ProtocolV2.cs",124,"SharpLink.Abstractions","NamedType","Public","global::SharpLink.Abstractions.ProtocolV2FrameHeader",10,0,114,5,0,""
"src/SharpLink.Abstractions/ProtocolV2.cs",141,"SharpLink.Abstractions","NamedType","Public","global::SharpLink.Abstractions.ProtocolV2HandshakeRequest",11,0,37,0,0,""
"src/SharpLink.Abstractions/ProtocolV2.cs",160,"SharpLink.Abstractions","NamedType","Public","global::SharpLink.Abstractions.ProtocolV2HandshakeResponse",11,0,16,0,0,""
"src/SharpLink.Abstractions/ProtocolV2.cs",171,"SharpLink.Abstractions","NamedType","Public","global::SharpLink.Abstractions.ProtocolV2ResponseCompressionPreferenceUpdate",7,0,14,0,0,""
"src/SharpLink.Abstractions/ProtocolV2.cs",177,"SharpLink.Abstractions","NamedType","Public","global::SharpLink.Abstractions.ProtocolV2ResponseCompressionPreferenceAck",4,0,0,0,0,""
"src/SharpLink.Abstractions/ProtocolV2.cs",183,"SharpLink.Abstractions","NamedType","Public","global::SharpLink.Abstractions.ProtocolV2SessionRefreshRequested",35,0,21,0,0,""
"src/SharpLink.Abstractions/ProtocolV2.cs",190,"SharpLink.Abstractions","NamedType","Public","global::SharpLink.Abstractions.ProtocolV2WindowUpdate",5,0,10,8,0,""
"src/SharpLink.Abstractions/ProtocolV2.cs",199,"SharpLink.Abstractions","NamedType","Public","global::SharpLink.Abstractions.ProtocolV2Error",7,0,6,0,0,""
"src/SharpLink.Abstractions/RpcDeadline.cs",6,"SharpLink.Abstractions","NamedType","Internal","global::SharpLink.Abstractions.RpcDeadline",93,0,93,10,0,""
"src/SharpLink.Abstractions/RpcDeadline.cs",8,"SharpLink.Abstractions","Field","Private","TimestampHalfRing",2,0,0,0,0,""
"src/SharpLink.Abstractions/RpcDeadline.cs",10,"SharpLink.Abstractions","Field","Private","_timestampOrigin",6,0,0,0,0,""
"src/SharpLink.Abstractions/RpcDeadline.cs",11,"SharpLink.Abstractions","Field","Private","_timestampFrequency",3,0,0,0,0,""
"src/SharpLink.Abstractions/RpcDeadline.cs",12,"SharpLink.Abstractions","Field","Private","_timeBudget",4,0,0,0,0,""
"src/SharpLink.Abstractions/RpcDeadline.cs",13,"SharpLink.Abstractions","Field","Private","_usesTimeBudget",8,0,0,0,0,""
"src/SharpLink.Abstractions/RpcDeadline.cs",15,"SharpLink.Abstractions","Method","Private","RpcDeadline",2,0,0,0,0,"Constructor/activation"
"src/SharpLink.Abstractions/RpcDeadline.cs",39,"SharpLink.Abstractions","Property","Internal","HasValue",50,0,9,0,0,""
"src/SharpLink.Abstractions/RpcDeadline.cs",45,"SharpLink.Abstractions","Field","Private","_timestampUnits",6,0,0,0,0,""
"src/SharpLink.Abstractions/RpcDeadline.cs",47,"SharpLink.Abstractions","Property","Internal","Timestamp",6,0,9,0,0,""
"src/SharpLink.Abstractions/RpcDeadline.cs",58,"SharpLink.Abstractions","Method","Internal","Create",17,38,78,6,0,""
"src/SharpLink.Abstractions/RpcDeadline.cs",84,"SharpLink.Abstractions","Method","Internal","IsExpired",40,0,10,0,0,""
"src/SharpLink.Abstractions/RpcDeadline.cs",103,"SharpLink.Abstractions","Method","Internal","WouldExpireBeforeOrAt",2,0,4,0,0,""
"src/SharpLink.Abstractions/RpcDeadline.cs",114,"SharpLink.Abstractions","Method","Internal","IsEarlierOrEqual",3,0,0,0,0,""
"src/SharpLink.Abstractions/RpcDeadline.cs",125,"SharpLink.Abstractions","Method","Internal","GetRemaining",19,0,12,0,0,""
"src/SharpLink.Abstractions/RpcDeadline.cs",144,"SharpLink.Abstractions","Method","Private","GetBudgetRemaining",3,0,0,0,0,""
"src/SharpLink.Abstractions/RpcDeadline.cs",155,"SharpLink.Abstractions","Method","Private","NormalizeFiniteBudget",1,0,0,0,0,""
"src/SharpLink.Abstractions/RpcGeneratedCodecRegistry.cs",4,"SharpLink.Abstractions","NamedType","Public","global::SharpLink.Abstractions.IRpcGeneratedCodecFactory",19,398,93,2,0,""
"src/SharpLink.Abstractions/RpcGeneratedCodecRegistry.cs",7,"SharpLink.Abstractions","Property","Public","TargetType",29,38,4,0,0,"Interface contract"
"src/SharpLink.Abstractions/RpcGeneratedCodecRegistry.cs",10,"SharpLink.Abstractions","Property","Public","CodecHash",20,0,2,0,0,"Interface contract"
"src/SharpLink.Abstractions/RpcGeneratedCodecRegistry.cs",16,"SharpLink.Abstractions","Property","Public","Adapter",3,38,0,0,0,"Interface contract"
"src/SharpLink.Abstractions/RpcGeneratedCodecRegistry.cs",24,"SharpLink.Abstractions","Method","Public","IsCompatibleCodec",2,38,0,0,0,"Interface contract"
"src/SharpLink.Abstractions/RpcGeneratedCodecWire.cs",8,"SharpLink.Abstractions","NamedType","Public","global::SharpLink.Abstractions.RpcGeneratedWireType",20,1266,14,0,0,""
"src/SharpLink.Abstractions/RpcGeneratedCodecWire.cs",11,"SharpLink.Abstractions","Field","Public","Null",1,573,0,0,0,"Enum/protocol identity"
"src/SharpLink.Abstractions/RpcGeneratedCodecWire.cs",13,"SharpLink.Abstractions","Field","Public","Fixed1",2,6,1,0,0,"Enum/protocol identity"
"src/SharpLink.Abstractions/RpcGeneratedCodecWire.cs",15,"SharpLink.Abstractions","Field","Public","Fixed2",2,0,1,0,0,"Enum/protocol identity"
"src/SharpLink.Abstractions/RpcGeneratedCodecWire.cs",17,"SharpLink.Abstractions","Field","Public","Fixed4",2,39,1,0,0,"Enum/protocol identity"
"src/SharpLink.Abstractions/RpcGeneratedCodecWire.cs",19,"SharpLink.Abstractions","Field","Public","Fixed8",2,12,2,0,0,"Enum/protocol identity"
"src/SharpLink.Abstractions/RpcGeneratedCodecWire.cs",21,"SharpLink.Abstractions","Field","Public","Fixed16",2,9,2,0,0,"Enum/protocol identity"
"src/SharpLink.Abstractions/RpcGeneratedCodecWire.cs",23,"SharpLink.Abstractions","Field","Public","LengthDelimited",3,597,3,0,0,"Enum/protocol identity"
"src/SharpLink.Abstractions/RpcGeneratedCodecWire.cs",27,"SharpLink.Abstractions","NamedType","Public","global::SharpLink.Abstractions.RpcGeneratedLengthToken",3,27,0,0,0,""
"src/SharpLink.Abstractions/RpcGeneratedCodecWire.cs",30,"SharpLink.Abstractions","NamedType","Public","global::SharpLink.Abstractions.RpcGeneratedCodecWire",1,3154,30,2,0,""
"src/SharpLink.Abstractions/RpcGeneratedCodecWire.cs",33,"SharpLink.Abstractions","Field","Public","MaximumCollectionItems",3,6,1,0,0,""
"src/SharpLink.Abstractions/RpcGeneratedCodecWire.cs",36,"SharpLink.Abstractions","Field","Public","MaximumStringPayloadBytes",2,3,0,0,0,""
"src/SharpLink.Abstractions/RpcGeneratedCodecWire.cs",39,"SharpLink.Abstractions","Method","Public","WriteFieldKey",0,824,2,0,0,""
"src/SharpLink.Abstractions/RpcGeneratedCodecWire.cs",50,"SharpLink.Abstractions","Method","Public","WriteObjectEnd",0,60,1,0,0,""
"src/SharpLink.Abstractions/RpcGeneratedCodecWire.cs",53,"SharpLink.Abstractions","Method","Public","TryReadField",0,30,4,0,0,""
"src/SharpLink.Abstractions/RpcGeneratedCodecWire.cs",75,"SharpLink.Abstractions","Method","Public","WriteUnmanaged<T>",5,28,1,0,0,""
"src/SharpLink.Abstractions/RpcGeneratedCodecWire.cs",86,"SharpLink.Abstractions","Method","Public","ReadUnmanaged<T>",5,14,0,0,0,""
"src/SharpLink.Abstractions/RpcGeneratedCodecWire.cs",111,"SharpLink.Abstractions","Method","Public","WriteBoolean",0,4,0,0,0,""
"src/SharpLink.Abstractions/RpcGeneratedCodecWire.cs",121,"SharpLink.Abstractions","Method","Public","ReadBoolean",0,2,0,0,0,""
"src/SharpLink.Abstractions/RpcGeneratedCodecWire.cs",130,"SharpLink.Abstractions","Method","Public","WriteRune",0,2,0,0,0,""
"src/SharpLink.Abstractions/RpcGeneratedCodecWire.cs",134,"SharpLink.Abstractions","Method","Public","ReadRune",0,1,0,0,0,""
"src/SharpLink.Abstractions/RpcGeneratedCodecWire.cs",144,"SharpLink.Abstractions","Method","Public","WriteDecimal",0,2,0,0,0,""
"src/SharpLink.Abstractions/RpcGeneratedCodecWire.cs",148,"SharpLink.Abstractions","Method","Public","ReadDecimal",0,1,0,0,0,""
"src/SharpLink.Abstractions/RpcGeneratedCodecWire.cs",164,"SharpLink.Abstractions","Method","Public","WriteDateOnly",0,2,0,0,0,""
"src/SharpLink.Abstractions/RpcGeneratedCodecWire.cs",168,"SharpLink.Abstractions","Method","Public","ReadDateOnly",0,1,0,0,0,""
"src/SharpLink.Abstractions/RpcGeneratedCodecWire.cs",178,"SharpLink.Abstractions","Method","Public","WriteDateTime",0,2,0,0,0,""
"src/SharpLink.Abstractions/RpcGeneratedCodecWire.cs",182,"SharpLink.Abstractions","Method","Public","ReadDateTime",0,1,0,0,0,""
"src/SharpLink.Abstractions/RpcGeneratedCodecWire.cs",192,"SharpLink.Abstractions","Method","Public","WriteTimeOnly",0,2,0,0,0,""
"src/SharpLink.Abstractions/RpcGeneratedCodecWire.cs",196,"SharpLink.Abstractions","Method","Public","ReadTimeOnly",0,1,0,0,0,""
"src/SharpLink.Abstractions/RpcGeneratedCodecWire.cs",206,"SharpLink.Abstractions","Method","Public","WriteDateTimeOffset",0,2,2,0,0,""
"src/SharpLink.Abstractions/RpcGeneratedCodecWire.cs",219,"SharpLink.Abstractions","Method","Public","ReadDateTimeOffset",0,1,4,0,0,""
"src/SharpLink.Abstractions/RpcGeneratedCodecWire.cs",272,"SharpLink.Abstractions","Method","Public","EnsureWireType",0,221,0,0,0,""
"src/SharpLink.Abstractions/RpcGeneratedCodecWire.cs",279,"SharpLink.Abstractions","Method","Public","WritePresence",0,120,0,0,0,""
"src/SharpLink.Abstractions/RpcGeneratedCodecWire.cs",287,"SharpLink.Abstractions","Method","Public","ReadPresence",0,30,1,0,0,""
"src/SharpLink.Abstractions/RpcGeneratedCodecWire.cs",311,"SharpLink.Abstractions","Method","Public","ReadString",0,189,5,0,0,""
"src/SharpLink.Abstractions/RpcGeneratedCodecWire.cs",330,"SharpLink.Abstractions","Method","Public","BeginLength",0,27,0,0,0,""
"src/SharpLink.Abstractions/RpcGeneratedCodecWire.cs",341,"SharpLink.Abstractions","Method","Public","EndLength",0,27,0,0,0,""
"src/SharpLink.Abstractions/RpcGeneratedCodecWire.cs",353,"SharpLink.Abstractions","Method","Public","ReadLengthDelimited",1,17,2,0,0,""
"src/SharpLink.Abstractions/RpcGeneratedCodecWire.cs",364,"SharpLink.Abstractions","Method","Public","SkipField",0,30,3,0,0,""
"src/SharpLink.Abstractions/RpcGeneratedCodecWire.cs",388,"SharpLink.Abstractions","Method","Public","WriteCollectionCount",0,14,1,0,0,""
"src/SharpLink.Abstractions/RpcGeneratedCodecWire.cs",403,"SharpLink.Abstractions","Method","Public","ReadCollectionCount",0,7,0,0,0,""
"src/SharpLink.Abstractions/RpcGeneratedCodecWire.cs",415,"SharpLink.Abstractions","Method","Public","EnsureFullyConsumed",0,75,1,0,0,""
"src/SharpLink.Abstractions/RpcGeneratedCodecWire.cs",422,"SharpLink.Abstractions","Method","Public","DataLoss",27,1408,0,0,0,""
"src/SharpLink.Abstractions/RpcGeneratedCodecWire.cs",425,"SharpLink.Abstractions","Method","Private","WriteInt32",1,0,0,0,0,""
"src/SharpLink.Abstractions/RpcGeneratedCodecWire.cs",432,"SharpLink.Abstractions","Method","Private","ReadInt32",1,0,0,0,0,""
"src/SharpLink.Abstractions/RpcGeneratedCodecWire.cs",454,"SharpLink.Abstractions","Method","Private","ReadUInt32",1,0,0,0,0,""
"src/SharpLink.Abstractions/RpcGeneratedCodecWire.cs",469,"SharpLink.Abstractions","Method","Private","WriteVarUInt32",4,0,0,0,0,""
"src/SharpLink.Abstractions/RpcGeneratedCodecWire.cs",484,"SharpLink.Abstractions","Method","Private","ReadVarUInt32",2,0,0,0,0,""
"src/SharpLink.Abstractions/RpcGeneratedCodecWire.cs",500,"SharpLink.Abstractions","Method","Private","ValidateFixedSize",2,0,0,0,0,""
"src/SharpLink.Abstractions/RpcHash128.cs",6,"SharpLink.Abstractions","NamedType","Public","global::SharpLink.Abstractions.RpcHash128",38,170,110,0,0,""
"src/SharpLink.Abstractions/RpcHash128.cs",9,"SharpLink.Abstractions","Method","Public","RpcHash128",2,132,54,0,0,"Constructor/activation"
"src/SharpLink.Abstractions/RpcHash128.cs",16,"SharpLink.Abstractions","Property","Public","High",7,0,1,0,0,""
"src/SharpLink.Abstractions/RpcHash128.cs",19,"SharpLink.Abstractions","Property","Public","Low",7,0,2,0,0,""
"src/SharpLink.Abstractions/RpcHash128.cs",22,"SharpLink.Abstractions","Property","Public","IsEmpty",13,0,1,0,0,""
"src/SharpLink.Abstractions/RpcHash128.cs",25,"SharpLink.Abstractions","Method","Public","Equals",3,0,0,0,0,""
"src/SharpLink.Abstractions/RpcHash128.cs",35,"SharpLink.Abstractions","Method","Public","ToString",6,0,4,0,0,"Virtual dispatch"
"src/SharpLink.Abstractions/RpcInvocationExtensions.cs",7,"SharpLink.Abstractions","Method","Public","AsVoid<T>",0,30,0,4,0,""
"src/SharpLink.Abstractions/Sdk/IdempotentAttribute.cs",4,"SharpLink.Abstractions","NamedType","Public","global::SharpLink.Sdk.IdempotentAttribute",1,0,0,0,0,""
"src/SharpLink.Abstractions/Sdk/IService.cs",8,"SharpLink.Abstractions","NamedType","Public","global::SharpLink.Sdk.IService",15,0,83,4,19,""
"src/SharpLink.Abstractions/Sdk/NonCancellableAttribute.cs",13,"SharpLink.Abstractions","NamedType","Public","global::SharpLink.Sdk.NonCancellableAttribute",1,0,0,0,0,""
"src/SharpLink.Abstractions/Sdk/OnewayAttribute.cs",7,"SharpLink.Abstractions","NamedType","Public","global::SharpLink.Sdk.OnewayAttribute",1,0,0,0,0,""
"src/SharpLink.Abstractions/Sdk/RpcCodecAdapterAttribute.cs",4,"SharpLink.Abstractions","NamedType","Public","global::SharpLink.Sdk.RpcCodecAdapterAttribute",1,0,0,0,0,""
"src/SharpLink.Abstractions/Sdk/RpcCodecAdapterAttribute.cs",27,"SharpLink.Abstractions","Property","Public","AdapterType",4,0,0,0,0,""
"src/SharpLink.Abstractions/Sdk/RpcCodecAdapterRegistrationAttribute.cs",4,"SharpLink.Abstractions","NamedType","Public","global::SharpLink.Sdk.RpcCodecAdapterRegistrationAttribute",1,0,0,0,0,""
"src/SharpLink.Abstractions/Sdk/RpcCodecAdapterRegistrationAttribute.cs",8,"SharpLink.Abstractions","Method","Public","RpcCodecAdapterRegistrationAttribute",1,0,1,0,0,"Constructor/activation"
"src/SharpLink.Abstractions/Sdk/RpcCodecAdapterRegistrationAttribute.cs",21,"SharpLink.Abstractions","Property","Public","SelectorAttributeType",1,0,0,0,0,""
"src/SharpLink.Abstractions/Sdk/RpcCodecAttribute.cs",27,"SharpLink.Abstractions","Property","Public","CodecType",2,0,0,0,0,""
"src/SharpLink.Abstractions/Sdk/RpcCodecRouteAttribute.cs",4,"SharpLink.Abstractions","NamedType","Public","global::SharpLink.Sdk.RpcCodecRouteAttribute",1,0,0,0,0,""
"src/SharpLink.Abstractions/Sdk/RpcCodecRouteAttribute.cs",15,"SharpLink.Abstractions","Property","Public","Scope",1,0,0,0,0,""
"src/SharpLink.Abstractions/Sdk/RpcCodecScope.cs",4,"SharpLink.Abstractions","NamedType","Public","global::SharpLink.Sdk.RpcCodecScope",3,0,0,0,0,""
"src/SharpLink.Abstractions/Sdk/RpcCodecScope.cs",11,"SharpLink.Abstractions","Field","Public","Managed",1,0,0,0,0,"Enum/protocol identity"
"src/SharpLink.Abstractions/Sdk/RpcCodecScope.cs",14,"SharpLink.Abstractions","Field","Public","Unmanaged",1,0,0,0,0,"Enum/protocol identity"
"src/SharpLink.Abstractions/Sdk/RpcCodecSemanticIdentityAttribute.cs",14,"SharpLink.Abstractions","Method","Public","RpcCodecSemanticIdentityAttribute",1,0,6,0,0,"Constructor/activation"
"src/SharpLink.Abstractions/Sdk/RpcContractAttribute.cs",5,"SharpLink.Abstractions","NamedType","Public","global::SharpLink.Sdk.RpcContractAttribute",1,0,0,0,0,""
"src/SharpLink.Abstractions/Sdk/RpcIgnoreAttribute.cs",5,"SharpLink.Abstractions","NamedType","Public","global::SharpLink.Sdk.RpcIgnoreAttribute",1,0,0,0,0,""
"src/SharpLink.Abstractions/Sdk/RpcMemberAttribute.cs",5,"SharpLink.Abstractions","NamedType","Public","global::SharpLink.Sdk.RpcMemberAttribute",1,0,3,1,0,""
"src/SharpLink.Abstractions/Sdk/RpcRequiredAttribute.cs",5,"SharpLink.Abstractions","NamedType","Public","global::SharpLink.Sdk.RpcRequiredAttribute",1,0,0,0,0,""
"src/SharpLink.Abstractions/Sdk/RpcSerializableAttribute.cs",5,"SharpLink.Abstractions","NamedType","Public","global::SharpLink.Sdk.RpcSerializableAttribute",1,0,0,0,0,""
"src/SharpLink.Abstractions/Sdk/RpcServiceAttribute.cs",8,"SharpLink.Abstractions","NamedType","Public","global::SharpLink.Sdk.RpcServiceAttribute",1,0,0,0,0,""
"src/SharpLink.Abstractions/Sdk/RpcServiceAttribute.cs",12,"SharpLink.Abstractions","Property","Public","Lifetime",4,0,5,0,0,""
"src/SharpLink.Abstractions/Sdk/RpcUnionCaseAttribute.cs",6,"SharpLink.Abstractions","NamedType","Public","global::SharpLink.Sdk.RpcUnionCaseAttribute",1,0,0,0,0,""
"src/SharpLink.Abstractions/Sdk/RpcUnionCaseAttribute.cs",19,"SharpLink.Abstractions","Property","Public","Tag",1,0,0,0,0,""
"src/SharpLink.Abstractions/Sdk/RpcUnionCaseAttribute.cs",22,"SharpLink.Abstractions","Property","Public","CaseType",1,0,0,0,0,""
"src/SharpLink.Abstractions/Sdk/SharpLinkClusterContractAssemblyAttribute.cs",4,"SharpLink.Abstractions","NamedType","Public","global::SharpLink.Sdk.SharpLinkClusterContractAssemblyAttribute",1,0,0,0,0,""
"src/SharpLink.Abstractions/Sdk/SharpLinkClusterContractAssemblyAttribute.cs",17,"SharpLink.Abstractions","Property","Public","Cluster",10,0,1,0,0,""
"src/SharpLink.Abstractions/Sdk/SharpLinkClusterContractAssemblyAttribute.cs",20,"SharpLink.Abstractions","Property","Public","AssemblyMarker",1,0,0,0,0,""
"src/SharpLink.Abstractions/Sdk/SharpLinkMetadata.cs",13,"SharpLink.Abstractions","NamedType","Public","global::SharpLink.Sdk.SharpLinkMetadata",50,0,31,4,1,""
"src/SharpLink.Abstractions/Sdk/SharpLinkMetadata.cs",15,"SharpLink.Abstractions","Field","Private","_entries",7,0,0,0,0,""
"src/SharpLink.Abstractions/Sdk/SharpLinkMetadata.cs",19,"SharpLink.Abstractions","Method","Public","SharpLinkMetadata",1,0,11,3,1,"Constructor/activation"
"src/SharpLink.Abstractions/Sdk/SharpLinkMetadata.cs",37,"SharpLink.Abstractions","Method","Internal","FromValidatedEntries",1,0,0,0,0,""
"src/SharpLink.Abstractions/Sdk/SharpLinkMetadata.cs",42,"SharpLink.Abstractions","Property","Public","Count",9,0,19,0,0,""
"src/SharpLink.Abstractions/Sdk/SharpLinkMetadata.cs",46,"SharpLink.Abstractions","Property","Public","this",2,0,14,0,0,""
"src/SharpLink.Abstractions/Sdk/SharpLinkRpcContractsAttribute.cs",5,"SharpLink.Abstractions","NamedType","Public","global::SharpLink.Sdk.SharpLinkRpcContractsAttribute",1,0,0,0,0,""
"src/SharpLink.Abstractions/Sdk/SharpLinkServiceLifetime.cs",4,"SharpLink.Abstractions","NamedType","Public","global::SharpLink.Sdk.SharpLinkServiceLifetime",32,61,17,0,0,""
"src/SharpLink.Abstractions/Sdk/SharpLinkServiceLifetime.cs",7,"SharpLink.Abstractions","Field","Public","Singleton",12,54,4,0,0,"Enum/protocol identity"
"src/SharpLink.Abstractions/Sdk/SharpLinkServiceLifetime.cs",10,"SharpLink.Abstractions","Field","Public","Connection",6,6,5,0,0,"Enum/protocol identity"
"src/SharpLink.Abstractions/Sdk/SharpLinkServiceLifetime.cs",13,"SharpLink.Abstractions","Field","Public","Call",4,1,8,0,0,"Enum/protocol identity"
"src/SharpLink.Abstractions/Sdk/TimeoutAttribute.cs",5,"SharpLink.Abstractions","NamedType","Public","global::SharpLink.Sdk.TimeoutAttribute",1,0,2,0,0,""
"src/SharpLink.Abstractions/Sdk/TimeoutAttribute.cs",26,"SharpLink.Abstractions","Property","Public","Seconds",2,0,0,0,0,""
"src/SharpLink.Abstractions/SharpLinkAssemblyRegistrationResult.cs",4,"SharpLink.Abstractions","NamedType","Public","global::SharpLink.Abstractions.SharpLinkAssemblyRegistrationErrorCode",109,0,47,0,0,""
"src/SharpLink.Abstractions/SharpLinkAssemblyRegistrationResult.cs",7,"SharpLink.Abstractions","Field","Public","InvalidArgument",4,1,4,0,0,"Enum/protocol identity"
"src/SharpLink.Abstractions/SharpLinkAssemblyRegistrationResult.cs",9,"SharpLink.Abstractions","Field","Public","InvalidObjectState",21,0,6,0,0,"Enum/protocol identity"
"src/SharpLink.Abstractions/SharpLinkAssemblyRegistrationResult.cs",11,"SharpLink.Abstractions","Field","Public","PlatformNotSupported",1,0,3,0,0,"Enum/protocol identity"
"src/SharpLink.Abstractions/SharpLinkAssemblyRegistrationResult.cs",13,"SharpLink.Abstractions","Field","Public","MissingManifest",1,0,3,0,0,"Enum/protocol identity"
"src/SharpLink.Abstractions/SharpLinkAssemblyRegistrationResult.cs",15,"SharpLink.Abstractions","Field","Public","InvalidManifest",31,0,7,0,0,"Enum/protocol identity"
"src/SharpLink.Abstractions/SharpLinkAssemblyRegistrationResult.cs",17,"SharpLink.Abstractions","Field","Public","IncompatibleManifest",6,0,8,0,0,"Enum/protocol identity"
"src/SharpLink.Abstractions/SharpLinkAssemblyRegistrationResult.cs",19,"SharpLink.Abstractions","Field","Public","DuplicateAssembly",7,0,3,0,0,"Enum/protocol identity"
"src/SharpLink.Abstractions/SharpLinkAssemblyRegistrationResult.cs",21,"SharpLink.Abstractions","Field","Public","MissingDependency",8,0,10,0,0,"Enum/protocol identity"
"src/SharpLink.Abstractions/SharpLinkAssemblyRegistrationResult.cs",23,"SharpLink.Abstractions","Field","Public","ContractConflict",7,0,4,0,0,"Enum/protocol identity"
"src/SharpLink.Abstractions/SharpLinkAssemblyRegistrationResult.cs",25,"SharpLink.Abstractions","Field","Public","MethodConflict",2,0,0,0,0,"Enum/protocol identity"
"src/SharpLink.Abstractions/SharpLinkAssemblyRegistrationResult.cs",27,"SharpLink.Abstractions","Field","Public","CodecConflict",4,0,0,0,0,"Enum/protocol identity"
"src/SharpLink.Abstractions/SharpLinkAssemblyRegistrationResult.cs",29,"SharpLink.Abstractions","Field","Public","ServiceConflict",3,0,0,0,0,"Enum/protocol identity"
"src/SharpLink.Abstractions/SharpLinkAssemblyRegistrationResult.cs",31,"SharpLink.Abstractions","Field","Public","CapacityExceeded",4,0,0,0,0,"Enum/protocol identity"
"src/SharpLink.Abstractions/SharpLinkAssemblyRegistrationResult.cs",48,"SharpLink.Abstractions","NamedType","Public","global::SharpLink.Abstractions.SharpLinkAssemblyRegistrationError",46,0,11,0,0,""
"src/SharpLink.Abstractions/SharpLinkAssemblyRegistrationResult.cs",64,"SharpLink.Abstractions","NamedType","Public","global::SharpLink.Abstractions.SharpLinkAssemblyRegistrationResult",40,0,73,2,0,""
"src/SharpLink.Abstractions/SharpLinkAssemblyRegistrationResult.cs",66,"SharpLink.Abstractions","Method","Internal","SharpLinkAssemblyRegistrationResult",2,0,0,0,0,"Constructor/activation"
"src/SharpLink.Abstractions/SharpLinkAssemblyRegistrationResult.cs",75,"SharpLink.Abstractions","Property","Public","Succeeded",14,0,143,2,0,""
"src/SharpLink.Abstractions/SharpLinkAssemblyRegistrationResult.cs",78,"SharpLink.Abstractions","Property","Public","Error",6,0,102,2,0,""
"src/SharpLink.Abstractions/SharpLinkAssemblyRegistrationResult.cs",80,"SharpLink.Abstractions","Method","Internal","Success",46,0,4,0,0,""
"src/SharpLink.Abstractions/SharpLinkAssemblyRegistrationResult.cs",82,"SharpLink.Abstractions","Method","Internal","Failure",57,0,3,0,0,""
"src/SharpLink.Abstractions/SharpLinkAssemblyRegistrationResult.cs",87,"SharpLink.Abstractions","NamedType","Public","global::SharpLink.Abstractions.SharpLinkAssemblyUnregisterResult",50,0,63,0,0,""
"src/SharpLink.Abstractions/SharpLinkAssemblyRegistrationResult.cs",90,"SharpLink.Abstractions","Property","Public","ReferencesReleased",12,0,103,0,0,""
"src/SharpLink.Abstractions/SharpLinkAssemblyRegistrationResult.cs",93,"SharpLink.Abstractions","Property","Public","RemainingCalls",3,0,11,0,0,""
"src/SharpLink.Abstractions/SharpLinkAssemblyRegistrationResult.cs",96,"SharpLink.Abstractions","Property","Public","RemainingStreams",3,0,8,0,0,""
"src/SharpLink.Abstractions/SharpLinkAssemblyRegistrationResult.cs",104,"SharpLink.Abstractions","NamedType","Public","global::SharpLink.Abstractions.SharpLinkAssemblyReplacementResult",45,0,41,0,0,""
"src/SharpLink.Abstractions/SharpLinkAssemblyRegistrationResult.cs",124,"SharpLink.Abstractions","Method","Internal","Published",2,0,0,0,0,""
"src/SharpLink.Abstractions/SharpLinkAsyncCleanup.cs",3,"SharpLink.Abstractions","NamedType","Internal","global::SharpLink.Abstractions.SharpLinkAsyncCleanup",18,0,1,0,0,""
"src/SharpLink.Abstractions/SharpLinkAsyncCleanup.cs",5,"SharpLink.Abstractions","Method","Internal","DisposeSynchronously",18,0,1,0,0,""
"src/SharpLink.Abstractions/SharpLinkAuthenticationContext.cs",7,"SharpLink.Abstractions","NamedType","Public","global::SharpLink.Abstractions.SharpLinkAuthenticationContext",21,0,22,0,2,""
"src/SharpLink.Abstractions/SharpLinkAuthenticationContext.cs",9,"SharpLink.Abstractions","Field","Private","SEmptyClaims",1,0,0,0,0,""
"src/SharpLink.Abstractions/SharpLinkAuthenticationContext.cs",11,"SharpLink.Abstractions","Field","Private","SEmptyScopes",2,0,0,0,0,""
"src/SharpLink.Abstractions/SharpLinkAuthenticationContext.cs",14,"SharpLink.Abstractions","Property","Public","Subject",1,0,2,0,1,""
"src/SharpLink.Abstractions/SharpLinkAuthenticationContext.cs",16,"SharpLink.Abstractions","Property","Public","TenantId",2,0,2,0,1,""
"src/SharpLink.Abstractions/SharpLinkAuthenticationContext.cs",18,"SharpLink.Abstractions","Property","Public","Scopes",3,0,3,0,0,""
"src/SharpLink.Abstractions/SharpLinkAuthenticationContext.cs",20,"SharpLink.Abstractions","Property","Public","ExpiresAt",2,0,2,0,0,""
"src/SharpLink.Abstractions/SharpLinkAuthenticationContext.cs",22,"SharpLink.Abstractions","Property","Public","Claims",3,0,0,0,0,""
"src/SharpLink.Abstractions/SharpLinkAuthenticationContext.cs",82,"SharpLink.Abstractions","Method","Public","HasScope",1,0,7,0,0,""
"src/SharpLink.Abstractions/SharpLinkAuthenticationResult.cs",8,"SharpLink.Abstractions","NamedType","Public","global::SharpLink.Abstractions.SharpLinkAuthenticationResult",25,0,40,6,3,""
"src/SharpLink.Abstractions/SharpLinkAuthenticationResult.cs",15,"SharpLink.Abstractions","Property","Public","Success",1,0,6,2,0,""
"src/SharpLink.Abstractions/SharpLinkAuthenticationResult.cs",31,"SharpLink.Abstractions","Method","Public","Reject",9,0,10,0,1,""
"src/SharpLink.Abstractions/SharpLinkAuthenticationResult.cs",50,"SharpLink.Abstractions","Method","Private","GetDefaultMessage",1,0,0,0,0,""
"src/SharpLink.Abstractions/SharpLinkAuthenticator.cs",6,"SharpLink.Abstractions","NamedType","Public","global::SharpLink.Abstractions.ISharpLinkClientAuthenticator",9,0,2,0,0,""
"src/SharpLink.Abstractions/SharpLinkAuthenticator.cs",10,"SharpLink.Abstractions","Method","Public","CreatePayloadAsync",1,0,0,0,0,"Interface contract"
"src/SharpLink.Abstractions/SharpLinkAuthenticator.cs",14,"SharpLink.Abstractions","NamedType","Public","global::SharpLink.Abstractions.ISharpLinkServerAuthenticator",9,0,9,4,0,""
"src/SharpLink.Abstractions/SharpLinkAuthenticator.cs",19,"SharpLink.Abstractions","Method","Public","AuthenticateAsync",1,0,0,0,0,"Interface contract"
"src/SharpLink.Abstractions/SharpLinkAuthenticator.cs",29,"SharpLink.Abstractions","NamedType","Public","global::SharpLink.Abstractions.SharpLinkAuthenticationRequest",6,0,5,2,0,""
"src/SharpLink.Abstractions/SharpLinkAuthenticator.cs",54,"SharpLink.Abstractions","NamedType","Private","global::SharpLink.Abstractions.SharpLinkAuthenticator.DelegateClientAuthenticator",1,0,0,0,0,""
"src/SharpLink.Abstractions/SharpLinkAuthenticator.cs",61,"SharpLink.Abstractions","NamedType","Private","global::SharpLink.Abstractions.SharpLinkAuthenticator.DelegateServerAuthenticator",1,0,0,0,0,""
"src/SharpLink.Abstractions/SharpLinkAuthorization.cs",10,"SharpLink.Abstractions","Method","Public","GetRequiredAuthentication",3,0,0,0,0,""
"src/SharpLink.Abstractions/SharpLinkCallContext.cs",4,"SharpLink.Abstractions","NamedType","Public","global::SharpLink.Abstractions.SharpLinkCallContext",11,0,27,5,0,""
"src/SharpLink.Abstractions/SharpLinkCallContext.cs",6,"SharpLink.Abstractions","Field","Private","SCurrent",4,0,0,0,0,""
"src/SharpLink.Abstractions/SharpLinkCallContext.cs",9,"SharpLink.Abstractions","Property","Public","Current",8,0,11,3,0,""
"src/SharpLink.Abstractions/SharpLinkCallContext.cs",11,"SharpLink.Abstractions","Method","Internal","Push",3,0,16,2,0,""
"src/SharpLink.Abstractions/SharpLinkCallContext.cs",18,"SharpLink.Abstractions","NamedType","Internal","global::SharpLink.Abstractions.SharpLinkCallContext.Scope",5,0,12,2,0,""
"src/SharpLink.Abstractions/SharpLinkCallContext.cs",20,"SharpLink.Abstractions","Field","Private","_disposed",1,0,0,0,0,""
"src/SharpLink.Abstractions/SharpLinkCallContextSnapshot.cs",4,"SharpLink.Abstractions","NamedType","Public","global::SharpLink.Abstractions.SharpLinkCallContextSnapshot",27,0,29,2,0,""
"src/SharpLink.Abstractions/SharpLinkCallContextSnapshot.cs",10,"SharpLink.Abstractions","Method","Public","SharpLinkCallContextSnapshot",2,0,18,2,0,"Constructor/activation"
"src/SharpLink.Abstractions/SharpLinkCallContextSnapshot.cs",35,"SharpLink.Abstractions","Property","Internal","LocalRpcDeadline",9,0,3,0,0,""
"src/SharpLink.Abstractions/SharpLinkCallContextSnapshot.cs",36,"SharpLink.Abstractions","Property","Internal","DeadlineTimeProvider",7,0,0,0,0,""
"src/SharpLink.Abstractions/SharpLinkCallContextSnapshot.cs",39,"SharpLink.Abstractions","Property","Public","SessionId",3,0,4,1,0,""
"src/SharpLink.Abstractions/SharpLinkCallContextSnapshot.cs",41,"SharpLink.Abstractions","Property","Public","Authentication",5,0,5,0,0,""
"src/SharpLink.Abstractions/SharpLinkCallContextSnapshot.cs",43,"SharpLink.Abstractions","Property","Public","Metadata",5,0,6,0,1,""
"src/SharpLink.Abstractions/SharpLinkCircuitBreakerPolicySnapshot.cs",11,"SharpLink.Abstractions","NamedType","Public","global::SharpLink.Abstractions.SharpLinkCircuitBreakerPolicySnapshot",5,90,4,0,0,""
"src/SharpLink.Abstractions/SharpLinkClientLifecycleState.cs",4,"SharpLink.Abstractions","NamedType","Public","global::SharpLink.Abstractions.SharpLinkClientLifecycleState",90,26,24,0,0,""
"src/SharpLink.Abstractions/SharpLinkClientLifecycleState.cs",7,"SharpLink.Abstractions","Field","Public","Created",18,0,32,0,0,"Enum/protocol identity"
"src/SharpLink.Abstractions/SharpLinkClientLifecycleState.cs",10,"SharpLink.Abstractions","Field","Public","Starting",12,0,0,0,0,"Enum/protocol identity"
"src/SharpLink.Abstractions/SharpLinkClientLifecycleState.cs",13,"SharpLink.Abstractions","Field","Public","Running",18,0,22,0,0,"Enum/protocol identity"
"src/SharpLink.Abstractions/SharpLinkClientLifecycleState.cs",16,"SharpLink.Abstractions","Field","Public","Draining",63,3,23,0,0,"Enum/protocol identity"
"src/SharpLink.Abstractions/SharpLinkClientLifecycleState.cs",19,"SharpLink.Abstractions","Field","Public","Stopped",64,1,31,0,0,"Enum/protocol identity"
"src/SharpLink.Abstractions/SharpLinkClientLifecycleState.cs",22,"SharpLink.Abstractions","Field","Public","Faulted",54,1,12,0,0,"Enum/protocol identity"
"src/SharpLink.Abstractions/SharpLinkClientReadinessSnapshot.cs",16,"SharpLink.Abstractions","NamedType","Public","global::SharpLink.Abstractions.SharpLinkClientReadinessSnapshot",14,82,55,0,0,""
"src/SharpLink.Abstractions/SharpLinkClientReadinessSnapshot.cs",27,"SharpLink.Abstractions","Property","Public","MeetsTarget",0,4,17,0,0,""
"src/SharpLink.Abstractions/SharpLinkClusterKey.cs",4,"SharpLink.Abstractions","NamedType","Public","global::SharpLink.Abstractions.SharpLinkClusterKey",74,6,40,0,0,""
"src/SharpLink.Abstractions/SharpLinkClusterKey.cs",8,"SharpLink.Abstractions","Method","Public","SharpLinkClusterKey",1,6,3,0,0,"Constructor/activation"
"src/SharpLink.Abstractions/SharpLinkClusterKey.cs",21,"SharpLink.Abstractions","Property","Public","Value",32,0,0,0,0,""
"src/SharpLink.Abstractions/SharpLinkClusterKey.cs",24,"SharpLink.Abstractions","Method","Public","IsValid",8,0,0,0,0,""
"src/SharpLink.Abstractions/SharpLinkClusterKey.cs",45,"SharpLink.Abstractions","Method","Private","IsAlphaNumeric",2,0,0,0,0,""
"src/SharpLink.Abstractions/SharpLinkClusterState.cs",4,"SharpLink.Abstractions","NamedType","Public","global::SharpLink.Abstractions.SharpLinkClusterState",31,26,5,0,0,""
"src/SharpLink.Abstractions/SharpLinkClusterState.cs",7,"SharpLink.Abstractions","Field","Public","Inactive",3,0,1,0,0,"Enum/protocol identity"
"src/SharpLink.Abstractions/SharpLinkClusterState.cs",13,"SharpLink.Abstractions","Field","Public","Connecting",18,0,4,0,0,"Enum/protocol identity"
"src/SharpLink.Abstractions/SharpLinkClusterState.cs",16,"SharpLink.Abstractions","Field","Public","Ready",45,2,117,3,0,"Enum/protocol identity"
"src/SharpLink.Abstractions/SharpLinkClusterState.cs",19,"SharpLink.Abstractions","Field","Public","Reconnecting",14,0,14,0,0,"Enum/protocol identity"
"src/SharpLink.Abstractions/SharpLinkClusterState.cs",22,"SharpLink.Abstractions","Field","Public","Unavailable",54,2,94,1,0,"Enum/protocol identity"
"src/SharpLink.Abstractions/SharpLinkClusterStatusSnapshot.cs",4,"SharpLink.Abstractions","NamedType","Public","global::SharpLink.Abstractions.SharpLinkClusterStatusSnapshot",3,0,3,0,0,""
"src/SharpLink.Abstractions/SharpLinkClusterStatusSnapshot.cs",12,"SharpLink.Abstractions","Method","Public","SharpLinkClusterStatusSnapshot",1,0,0,0,0,"Constructor/activation"
"src/SharpLink.Abstractions/SharpLinkClusterStatusSnapshot.cs",35,"SharpLink.Abstractions","Property","Public","ConnectionState",1,0,2,0,0,""
"src/SharpLink.Abstractions/SharpLinkClusterStatusSnapshot.cs",38,"SharpLink.Abstractions","Property","Public","RuntimeState",1,0,2,0,0,""
"src/SharpLink.Abstractions/SharpLinkCompressionSendPolicy.cs",8,"SharpLink.Abstractions","NamedType","Public","global::SharpLink.Abstractions.SharpLinkCompressionSendPolicy",25,0,23,3,0,""
"src/SharpLink.Abstractions/SharpLinkCompressionSendPolicy.cs",11,"SharpLink.Abstractions","Property","Public","Enabled",1,14,21,2,0,""
"src/SharpLink.Abstractions/SharpLinkCompressionSendPolicy.cs",14,"SharpLink.Abstractions","Property","Public","MinimumPayloadBytes",1,0,11,3,0,""
"src/SharpLink.Abstractions/SharpLinkCompressionSendPolicy.cs",17,"SharpLink.Abstractions","Property","Public","MinimumSavingsBytes",1,0,11,3,0,""
"src/SharpLink.Abstractions/SharpLinkCompressionSendPolicy.cs",20,"SharpLink.Abstractions","Property","Public","MinimumSavingsRatio",1,0,12,3,0,""
"src/SharpLink.Abstractions/SharpLinkConnectionState.cs",4,"SharpLink.Abstractions","NamedType","Public","global::SharpLink.Abstractions.SharpLinkConnectionState",179,36,161,0,0,""
"src/SharpLink.Abstractions/SharpLinkEndpointAdmission.cs",7,"SharpLink.Abstractions","NamedType","Public","global::SharpLink.Abstractions.SharpLinkEndpointAdmissionDecision",9,0,69,2,0,""
"src/SharpLink.Abstractions/SharpLinkEndpointAdmission.cs",13,"SharpLink.Abstractions","NamedType","Public","global::SharpLink.Abstractions.SharpLinkEndpointOutcomeKind",16,0,23,0,0,""
"src/SharpLink.Abstractions/SharpLinkEndpointAdmission.cs",16,"SharpLink.Abstractions","Field","Public","Success",5,0,8,0,0,"Enum/protocol identity"
"src/SharpLink.Abstractions/SharpLinkEndpointAdmission.cs",18,"SharpLink.Abstractions","Field","Public","RemoteError",7,0,24,0,0,"Enum/protocol identity"
"src/SharpLink.Abstractions/SharpLinkEndpointAdmission.cs",20,"SharpLink.Abstractions","Field","Public","SendFailure",2,0,4,0,0,"Enum/protocol identity"
"src/SharpLink.Abstractions/SharpLinkEndpointAdmission.cs",22,"SharpLink.Abstractions","Field","Public","ConnectionClosed",48,1,93,3,0,"Enum/protocol identity"
"src/SharpLink.Abstractions/SharpLinkEndpointAdmission.cs",26,"SharpLink.Abstractions","Field","Public","Cancelled",17,9,38,8,0,"Enum/protocol identity"
"src/SharpLink.Abstractions/SharpLinkEndpointAdmission.cs",38,"SharpLink.Abstractions","NamedType","Public","global::SharpLink.Abstractions.SharpLinkEndpointOutcome",4,0,42,1,0,""
"src/SharpLink.Abstractions/SharpLinkEndpointAdmission.cs",52,"SharpLink.Abstractions","NamedType","Public","global::SharpLink.Abstractions.ISharpLinkEndpointAdmissionPolicy",25,0,20,1,0,""
"src/SharpLink.Abstractions/SharpLinkEndpointAdmission.cs",55,"SharpLink.Abstractions","Method","Public","TryAcquire",1,0,0,0,0,"Interface contract"
"src/SharpLink.Abstractions/SharpLinkEndpointAdmission.cs",60,"SharpLink.Abstractions","Method","Public","Report",1,0,0,0,0,"Interface contract"
"src/SharpLink.Abstractions/SharpLinkEndpointAdmissionPolicySnapshot.cs",4,"SharpLink.Abstractions","NamedType","Public","global::SharpLink.Abstractions.SharpLinkEndpointAdmissionPolicyKind",5,26,2,0,0,""
"src/SharpLink.Abstractions/SharpLinkEndpointAdmissionPolicySnapshot.cs",7,"SharpLink.Abstractions","Field","Public","Disabled",9,0,7,0,0,"Enum/protocol identity"
"src/SharpLink.Abstractions/SharpLinkEndpointAdmissionPolicySnapshot.cs",10,"SharpLink.Abstractions","Field","Public","Custom",7,0,5,0,0,"Enum/protocol identity"
"src/SharpLink.Abstractions/SharpLinkEndpointAdmissionPolicySnapshot.cs",13,"SharpLink.Abstractions","Field","Public","CircuitBreaker",1,0,0,0,0,"Enum/protocol identity"
"src/SharpLink.Abstractions/SharpLinkEndpointAdmissionPolicySnapshot.cs",19,"SharpLink.Abstractions","NamedType","Public","global::SharpLink.Abstractions.SharpLinkEndpointAdmissionPolicySnapshot",4,50,3,0,0,""
"src/SharpLink.Abstractions/SharpLinkEndpointResolver.cs",11,"SharpLink.Abstractions","NamedType","Public","global::SharpLink.Abstractions.SharpLinkEndpointSnapshot",24,0,187,3,0,""
"src/SharpLink.Abstractions/SharpLinkEndpointResolver.cs",13,"SharpLink.Abstractions","Field","Private","_endpoints",2,0,0,0,0,""
"src/SharpLink.Abstractions/SharpLinkEndpointResolver.cs",20,"SharpLink.Abstractions","Method","Public","SharpLinkEndpointSnapshot",1,0,88,1,0,"Constructor/activation"
"src/SharpLink.Abstractions/SharpLinkEndpointResolver.cs",48,"SharpLink.Abstractions","Property","Public","Version",4,0,4,0,0,""
"src/SharpLink.Abstractions/SharpLinkEndpointResolver.cs",51,"SharpLink.Abstractions","Property","Public","Endpoints",1,0,13,0,0,""
"src/SharpLink.Abstractions/SharpLinkEndpointResolver.cs",59,"SharpLink.Abstractions","NamedType","Public","global::SharpLink.Abstractions.ISharpLinkEndpointResolver",14,0,24,1,0,""
"src/SharpLink.Abstractions/SharpLinkEndpointResolver.cs",64,"SharpLink.Abstractions","Method","Public","ResolveAsync",2,0,0,0,0,"Interface contract"
"src/SharpLink.Abstractions/SharpLinkEndpointResolver.cs",69,"SharpLink.Abstractions","Method","Public","WatchAsync",1,0,0,0,0,"Interface contract"
"src/SharpLink.Abstractions/SharpLinkEndpoints.cs",8,"SharpLink.Abstractions","NamedType","Public","global::SharpLink.Abstractions.SharpLinkTransportAddress",6,0,0,0,0,""
"src/SharpLink.Abstractions/SharpLinkEndpoints.cs",11,"SharpLink.Abstractions","NamedType","Public","global::SharpLink.Abstractions.SharpLinkTcpAddress",5,0,57,3,2,""
"src/SharpLink.Abstractions/SharpLinkEndpoints.cs",18,"SharpLink.Abstractions","Method","Public","SharpLinkTcpAddress",1,0,56,3,2,"Constructor/activation"
"src/SharpLink.Abstractions/SharpLinkEndpoints.cs",29,"SharpLink.Abstractions","Property","Public","Host",4,0,1,0,0,""
"src/SharpLink.Abstractions/SharpLinkEndpoints.cs",32,"SharpLink.Abstractions","Property","Public","Port",3,0,0,0,0,""
"src/SharpLink.Abstractions/SharpLinkEndpoints.cs",36,"SharpLink.Abstractions","NamedType","Public","global::SharpLink.Abstractions.SharpLinkUnixDomainSocketAddress",3,0,2,0,0,""
"src/SharpLink.Abstractions/SharpLinkEndpoints.cs",48,"SharpLink.Abstractions","Property","Public","Path",3,0,0,0,0,""
"src/SharpLink.Abstractions/SharpLinkEndpoints.cs",52,"SharpLink.Abstractions","NamedType","Public","global::SharpLink.Abstractions.SharpLinkNamedPipeAddress",2,0,4,0,0,""
"src/SharpLink.Abstractions/SharpLinkEndpoints.cs",67,"SharpLink.Abstractions","Property","Public","PipeName",2,0,0,0,0,""
"src/SharpLink.Abstractions/SharpLinkEndpoints.cs",70,"SharpLink.Abstractions","Property","Public","ServerName",2,0,0,0,0,""
"src/SharpLink.Abstractions/SharpLinkEndpoints.cs",74,"SharpLink.Abstractions","NamedType","Public","global::SharpLink.Abstractions.SharpLinkSharedMemoryAddress",2,0,4,0,0,""
"src/SharpLink.Abstractions/SharpLinkEndpoints.cs",86,"SharpLink.Abstractions","Property","Public","Name",11,0,2,0,0,""
"src/SharpLink.Abstractions/SharpLinkEndpoints.cs",94,"SharpLink.Abstractions","NamedType","Public","global::SharpLink.Abstractions.SharpLinkAnonymousPipeAddress",1,0,3,0,0,""
"src/SharpLink.Abstractions/SharpLinkEndpoints.cs",109,"SharpLink.Abstractions","Property","Public","InHandle",1,0,0,0,0,""
"src/SharpLink.Abstractions/SharpLinkEndpoints.cs",112,"SharpLink.Abstractions","Property","Public","OutHandle",1,0,0,0,0,""
"src/SharpLink.Abstractions/SharpLinkEndpoints.cs",123,"SharpLink.Abstractions","NamedType","Public","global::SharpLink.Abstractions.SharpLinkEndpoint",40,0,102,8,2,""
"src/SharpLink.Abstractions/SharpLinkEndpoints.cs",129,"SharpLink.Abstractions","Property","Public","Address",10,0,66,3,2,""
"src/SharpLink.Abstractions/SharpLinkEndpoints.cs",132,"SharpLink.Abstractions","Property","Public","Authority",9,0,6,0,0,""
"src/SharpLink.Abstractions/SharpLinkEndpoints.cs",135,"SharpLink.Abstractions","Property","Public","Attributes",7,0,20,0,0,""
"src/SharpLink.Abstractions/SharpLinkEndpoints.cs",141,"SharpLink.Abstractions","NamedType","Public","global::SharpLink.Abstractions.SharpLinkEndpointTransportFactory",22,0,27,0,0,""
"src/SharpLink.Abstractions/SharpLinkEndpoints.cs",149,"SharpLink.Abstractions","NamedType","Public","global::SharpLink.Abstractions.ISharpLinkEndpointSelector",24,0,16,0,0,""
"src/SharpLink.Abstractions/SharpLinkEndpoints.cs",154,"SharpLink.Abstractions","Method","Public","Select",2,0,0,0,0,"Interface contract"
"src/SharpLink.Abstractions/SharpLinkEndpoints.cs",158,"SharpLink.Abstractions","NamedType","Public","global::SharpLink.Abstractions.SharpLinkEndpointSelectionContext",3,0,16,0,0,""
"src/SharpLink.Abstractions/SharpLinkEndpoints.cs",160,"SharpLink.Abstractions","Field","Private","_candidates",3,0,0,0,0,""
"src/SharpLink.Abstractions/SharpLinkEndpoints.cs",165,"SharpLink.Abstractions","Method","Public","SharpLinkEndpointSelectionContext",2,0,0,0,0,"Constructor/activation"
"src/SharpLink.Abstractions/SharpLinkEndpoints.cs",177,"SharpLink.Abstractions","Property","Public","ExcludedMask",1,0,10,0,0,""
"src/SharpLink.Abstractions/SharpLinkEndpoints.cs",191,"SharpLink.Abstractions","NamedType","Public","global::SharpLink.Abstractions.SharpLinkEndpointCandidate",32,0,39,3,0,""
"src/SharpLink.Abstractions/SharpLinkEndpoints.cs",193,"SharpLink.Abstractions","Field","Private","_readyConnectionCount",3,0,0,0,0,""
"src/SharpLink.Abstractions/SharpLinkEndpoints.cs",194,"SharpLink.Abstractions","Field","Private","_activeCallCount",3,0,0,0,0,""
"src/SharpLink.Abstractions/SharpLinkEndpoints.cs",195,"SharpLink.Abstractions","Field","Private","_readyConnectionCountProvider",3,0,0,0,0,""
"src/SharpLink.Abstractions/SharpLinkEndpoints.cs",196,"SharpLink.Abstractions","Field","Private","_activeCallCountProvider",3,0,0,0,0,""
"src/SharpLink.Abstractions/SharpLinkEndpoints.cs",203,"SharpLink.Abstractions","Method","Public","SharpLinkEndpointCandidate",7,0,10,1,0,"Constructor/activation"
"src/SharpLink.Abstractions/SharpLinkEndpoints.cs",232,"SharpLink.Abstractions","Property","Public","Endpoint",6,0,13,0,0,""
"src/SharpLink.Abstractions/SharpLinkEndpoints.cs",241,"SharpLink.Abstractions","Property","Public","Generation",25,30,33,0,0,""
"src/SharpLink.Abstractions/SharpLinkErrorCode.cs",4,"SharpLink.Abstractions","NamedType","Public","global::SharpLink.Abstractions.SharpLinkErrorCode",404,227,671,33,4,""
"src/SharpLink.Abstractions/SharpLinkErrorCode.cs",7,"SharpLink.Abstractions","Field","Public","Unknown",7,0,4,0,0,"Enum/protocol identity"
"src/SharpLink.Abstractions/SharpLinkErrorCode.cs",11,"SharpLink.Abstractions","Field","Public","AuthenticationRejected",13,0,16,0,0,"Enum/protocol identity"
"src/SharpLink.Abstractions/SharpLinkErrorCode.cs",13,"SharpLink.Abstractions","Field","Public","AuthenticationExpired",10,0,8,0,0,"Enum/protocol identity"
"src/SharpLink.Abstractions/SharpLinkErrorCode.cs",15,"SharpLink.Abstractions","Field","Public","AuthorizationDenied",9,0,4,0,0,"Enum/protocol identity"
"src/SharpLink.Abstractions/SharpLinkErrorCode.cs",23,"SharpLink.Abstractions","Field","Public","DataLoss",49,0,44,0,0,"Enum/protocol identity"
"src/SharpLink.Abstractions/SharpLinkErrorCode.cs",35,"SharpLink.Abstractions","Field","Public","NotFound",1,0,0,0,0,"Enum/protocol identity"
"src/SharpLink.Abstractions/SharpLinkErrorCode.cs",37,"SharpLink.Abstractions","Field","Public","AlreadyExists",1,0,0,0,0,"Enum/protocol identity"
"src/SharpLink.Abstractions/SharpLinkErrorCode.cs",39,"SharpLink.Abstractions","Field","Public","PermissionDenied",11,0,3,0,0,"Enum/protocol identity"
"src/SharpLink.Abstractions/SharpLinkErrorCode.cs",41,"SharpLink.Abstractions","Field","Public","FailedPrecondition",25,0,33,0,0,"Enum/protocol identity"
"src/SharpLink.Abstractions/SharpLinkErrorCode.cs",43,"SharpLink.Abstractions","Field","Public","Aborted",1,0,0,0,0,"Enum/protocol identity"
"src/SharpLink.Abstractions/SharpLinkErrorCode.cs",45,"SharpLink.Abstractions","Field","Public","OutOfRange",1,0,0,0,0,"Enum/protocol identity"
"src/SharpLink.Abstractions/SharpLinkErrorCode.cs",47,"SharpLink.Abstractions","Field","Public","Unimplemented",11,138,11,0,0,"Enum/protocol identity"
"src/SharpLink.Abstractions/SharpLinkErrorCode.cs",49,"SharpLink.Abstractions","Field","Public","Internal",26,69,44,3,0,"Enum/protocol identity"
"src/SharpLink.Abstractions/SharpLinkErrorDetails.cs",8,"SharpLink.Abstractions","NamedType","Public","global::SharpLink.Abstractions.SharpLinkErrorDetails",33,0,8,0,0,""
"src/SharpLink.Abstractions/SharpLinkErrorDetails.cs",14,"SharpLink.Abstractions","NamedType","Public","global::SharpLink.Abstractions.SharpLinkErrorDetails.ResourceExhausted",29,0,7,0,0,""
"src/SharpLink.Abstractions/SharpLinkErrorDetails.cs",19,"SharpLink.Abstractions","Field","Public","ServerCallCapacity",3,0,6,0,0,""
"src/SharpLink.Abstractions/SharpLinkErrorDetails.cs",21,"SharpLink.Abstractions","Field","Public","PerConnectionCallCapacity",3,0,1,0,0,""
"src/SharpLink.Abstractions/SharpLinkErrorDetails.cs",23,"SharpLink.Abstractions","Field","Public","AdmissionConcurrency",3,0,1,0,0,""
"src/SharpLink.Abstractions/SharpLinkErrorDetails.cs",25,"SharpLink.Abstractions","Field","Public","AdmissionQueue",3,0,5,0,0,""
"src/SharpLink.Abstractions/SharpLinkErrorDetails.cs",27,"SharpLink.Abstractions","Field","Public","AdmissionRate",3,0,0,0,0,""
"src/SharpLink.Abstractions/SharpLinkErrorDetails.cs",29,"SharpLink.Abstractions","Field","Public","AdmissionPartitionCapacity",3,0,0,0,0,""
"src/SharpLink.Abstractions/SharpLinkErrorDetails.cs",31,"SharpLink.Abstractions","Field","Public","AdmissionOther",3,0,0,0,0,""
"src/SharpLink.Abstractions/SharpLinkErrorDetails.cs",33,"SharpLink.Abstractions","Field","Public","PendingRequestCapacity",3,0,1,0,0,""
"src/SharpLink.Abstractions/SharpLinkErrorDetails.cs",35,"SharpLink.Abstractions","Field","Public","SendQueueCapacity",6,0,1,0,0,""
"src/SharpLink.Abstractions/SharpLinkErrorDetails.cs",37,"SharpLink.Abstractions","Field","Public","ServerDecodeConcurrency",3,0,0,0,0,""
"src/SharpLink.Abstractions/SharpLinkErrorDetails.cs",39,"SharpLink.Abstractions","Field","Public","ServerRetainedCompressedBytes",4,0,0,0,0,""
"src/SharpLink.Abstractions/SharpLinkErrorDetails.cs",41,"SharpLink.Abstractions","Field","Public","ServerDecodedBytes",3,0,0,0,0,""
"src/SharpLink.Abstractions/SharpLinkErrorDetails.cs",43,"SharpLink.Abstractions","Field","Public","ServerDecodeQueue",3,0,0,0,0,""
"src/SharpLink.Abstractions/SharpLinkErrorDetails.cs",45,"SharpLink.Abstractions","Field","Public","ServerPreAdmissionStreamBytes",5,0,2,0,0,""
"src/SharpLink.Abstractions/SharpLinkException.cs",4,"SharpLink.Abstractions","NamedType","Public","global::SharpLink.Abstractions.SharpLinkException",316,211,672,26,4,""
"src/SharpLink.Abstractions/SharpLinkException.cs",7,"SharpLink.Abstractions","Property","Public","Code",65,0,442,24,4,""
"src/SharpLink.Abstractions/SharpLinkException.cs",17,"SharpLink.Abstractions","Property","Public","DetailCode",10,0,12,0,0,""
"src/SharpLink.Abstractions/SharpLinkException.cs",22,"SharpLink.Abstractions","Method","Public","SharpLinkException",200,211,116,3,0,"Constructor/activation"
"src/SharpLink.Abstractions/SharpLinkException.cs",63,"SharpLink.Abstractions","Method","Private","ValidateCode",2,0,0,0,0,""
"src/SharpLink.Abstractions/SharpLinkGeneratedAssemblyManifest.cs",8,"SharpLink.Abstractions","NamedType","Public","global::SharpLink.Abstractions.SharpLinkGeneratedAssemblyManifestAttribute",2,0,4,0,0,""
"src/SharpLink.Abstractions/SharpLinkGeneratedAssemblyManifest.cs",13,"SharpLink.Abstractions","Method","Internal","SharpLinkGeneratedAssemblyManifestAttribute",0,38,5,0,0,"Constructor/activation"
"src/SharpLink.Abstractions/SharpLinkGeneratedAssemblyManifest.cs",57,"SharpLink.Abstractions","Property","Public","ManifestType",1,0,0,0,0,""
"src/SharpLink.Abstractions/SharpLinkGeneratedAssemblyManifest.cs",61,"SharpLink.Abstractions","Property","Public","ApiVersion",4,0,0,0,0,""
"src/SharpLink.Abstractions/SharpLinkGeneratedAssemblyManifest.cs",64,"SharpLink.Abstractions","Property","Public","ProtocolVersion",4,0,0,0,0,""
"src/SharpLink.Abstractions/SharpLinkGeneratedAssemblyManifest.cs",67,"SharpLink.Abstractions","Property","Public","GeneratorVersion",7,0,0,0,0,""
"src/SharpLink.Abstractions/SharpLinkGeneratedAssemblyManifest.cs",70,"SharpLink.Abstractions","Property","Public","AbiIdentity",1,0,0,0,0,""
"src/SharpLink.Abstractions/SharpLinkGeneratedAssemblyManifest.cs",74,"SharpLink.Abstractions","NamedType","Public","global::SharpLink.Abstractions.SharpLinkGeneratedMethodDescriptor",3,400,0,0,0,""
"src/SharpLink.Abstractions/SharpLinkGeneratedAssemblyManifest.cs",84,"SharpLink.Abstractions","NamedType","Public","global::SharpLink.Abstractions.SharpLinkGeneratedContractDescriptor",30,183,66,1,0,""
"src/SharpLink.Abstractions/SharpLinkGeneratedAssemblyManifest.cs",94,"SharpLink.Abstractions","NamedType","Public","global::SharpLink.Abstractions.SharpLinkGeneratedServiceDescriptor",12,175,57,1,0,""
"src/SharpLink.Abstractions/SharpLinkGeneratedAssemblyManifest.cs",106,"SharpLink.Abstractions","NamedType","Public","global::SharpLink.Abstractions.ISharpLinkGeneratedAssemblyManifest",140,76,83,1,0,""
"src/SharpLink.Abstractions/SharpLinkGeneratedAssemblyManifest.cs",118,"SharpLink.Abstractions","Property","Public","OwnerAssembly",106,0,3,0,0,"Interface contract"
"src/SharpLink.Abstractions/SharpLinkGeneratedAssemblyManifest.cs",121,"SharpLink.Abstractions","Property","Public","RpcAssemblyHash",4,0,8,0,0,"Interface contract"
"src/SharpLink.Abstractions/SharpLinkGeneratedAssemblyManifest.cs",124,"SharpLink.Abstractions","Property","Public","CompileTimeDescriptor",3,0,0,0,0,"Interface contract"
"src/SharpLink.Abstractions/SharpLinkGeneratedAssemblyManifest.cs",127,"SharpLink.Abstractions","Property","Public","Contracts",33,0,7,0,0,"Interface contract"
"src/SharpLink.Abstractions/SharpLinkGeneratedAssemblyManifest.cs",130,"SharpLink.Abstractions","Property","Public","Services",11,0,1,0,0,"Interface contract"
"src/SharpLink.Abstractions/SharpLinkGeneratedAssemblyManifest.cs",140,"SharpLink.Abstractions","Property","Public","ContractCodecs",4,0,2,0,0,"Interface contract"
"src/SharpLink.Abstractions/SharpLinkGeneratedAssemblyManifest.cs",143,"SharpLink.Abstractions","Property","Public","Dependencies",24,0,0,0,0,"Interface contract"
"src/SharpLink.Abstractions/SharpLinkGeneratedAssemblyManifest.cs",149,"SharpLink.Abstractions","Property","Public","ContractDependencies",7,0,0,0,0,"Interface contract"
"src/SharpLink.Abstractions/SharpLinkGeneratedAssemblyManifest.cs",153,"SharpLink.Abstractions","NamedType","Public","global::SharpLink.Abstractions.SharpLinkGeneratedManifestVersions",9,0,142,2,0,""
"src/SharpLink.Abstractions/SharpLinkGeneratedAssemblyManifest.cs",160,"SharpLink.Abstractions","Field","Public","Api",3,0,67,1,0,""
"src/SharpLink.Abstractions/SharpLinkGeneratedAssemblyManifest.cs",163,"SharpLink.Abstractions","Field","Public","AbiIdentity",3,0,8,0,0,""
"src/SharpLink.Abstractions/SharpLinkGeneratedAssemblyManifest.cs",166,"SharpLink.Abstractions","Field","Public","Protocol",3,0,67,1,0,""
"src/SharpLink.Abstractions/SharpLinkGeneratedAssemblyManifest.cs",175,"SharpLink.Abstractions","NamedType","Public","global::SharpLink.Abstractions.SharpLinkGeneratedAssemblyCatalog",2,38,16,0,0,""
"src/SharpLink.Abstractions/SharpLinkGeneratedAssemblyManifest.cs",178,"SharpLink.Abstractions","Field","Private","MaximumEntries",4,0,0,0,0,""
"src/SharpLink.Abstractions/SharpLinkGeneratedAssemblyManifest.cs",179,"SharpLink.Abstractions","Field","Private","Gate",6,0,0,0,0,""
"src/SharpLink.Abstractions/SharpLinkGeneratedAssemblyManifest.cs",180,"SharpLink.Abstractions","Field","Private","Entries",26,0,0,0,0,""
"src/SharpLink.Abstractions/SharpLinkGeneratedAssemblyManifest.cs",183,"SharpLink.Abstractions","Method","Public","Register",0,46,17,0,0,""
"src/SharpLink.Abstractions/SharpLinkGeneratedAssemblyManifest.cs",215,"SharpLink.Abstractions","Method","Public","CreateSnapshot",3,0,10,0,0,""
"src/SharpLink.Abstractions/SharpLinkGeneratedAssemblyManifest.cs",231,"SharpLink.Abstractions","Method","Private","Remove",2,0,0,0,0,""
"src/SharpLink.Abstractions/SharpLinkGeneratedClusterRouteManifest.cs",7,"SharpLink.Abstractions","NamedType","Public","global::SharpLink.Abstractions.SharpLinkGeneratedClusterAssemblyRoute",10,21,10,0,0,""
"src/SharpLink.Abstractions/SharpLinkGeneratedClusterRouteManifest.cs",13,"SharpLink.Abstractions","NamedType","Public","global::SharpLink.Abstractions.ISharpLinkGeneratedClusterRouteManifest",19,5,15,0,0,""
"src/SharpLink.Abstractions/SharpLinkGeneratedClusterRouteManifest.cs",19,"SharpLink.Abstractions","Property","Public","Routes",1,0,0,0,0,"Interface contract"
"src/SharpLink.Abstractions/SharpLinkGeneratedClusterRouteManifest.cs",26,"SharpLink.Abstractions","NamedType","Public","global::SharpLink.Abstractions.SharpLinkGeneratedClusterRouteCatalog",1,5,10,0,0,""
"src/SharpLink.Abstractions/SharpLinkGeneratedCodecIdentityAttribute.cs",12,"SharpLink.Abstractions","Method","Public","SharpLinkGeneratedCodecIdentityAttribute",0,51,0,0,0,"Constructor/activation"
"src/SharpLink.Abstractions/SharpLinkGeneratedUnsafeBlitCatalog.cs",6,"SharpLink.Abstractions","NamedType","Public","global::SharpLink.Abstractions.SharpLinkGeneratedUnsafeBlitRequirement",7,0,1,0,0,""
"src/SharpLink.Abstractions/SharpLinkGeneratedUnsafeBlitCatalog.cs",13,"SharpLink.Abstractions","NamedType","Public","global::SharpLink.Abstractions.SharpLinkGeneratedUnsafeBlitCatalog",2,3,4,0,0,""
"src/SharpLink.Abstractions/SharpLinkGeneratedUnsafeBlitCatalog.cs",15,"SharpLink.Abstractions","Field","Private","Requirements",2,0,0,0,0,""
"src/SharpLink.Abstractions/SharpLinkGeneratedUnsafeBlitCatalog.cs",39,"SharpLink.Abstractions","Method","Public","TryGet",2,0,1,0,0,""
"src/SharpLink.Abstractions/SharpLinkGeneratedUnsafeBlitCatalog.cs",54,"SharpLink.Abstractions","NamedType","Private","global::SharpLink.Abstractions.SharpLinkGeneratedUnsafeBlitCatalog.RequirementBox",3,0,0,0,0,""
"src/SharpLink.Abstractions/SharpLinkGeneratedUnsafeBlitCatalog.cs",56,"SharpLink.Abstractions","Property","Internal","Requirement",2,0,0,0,0,""
"src/SharpLink.Abstractions/SharpLinkHealth.cs",4,"SharpLink.Abstractions","NamedType","Public","global::SharpLink.Abstractions.SharpLinkHealthStatus",30,10,62,3,0,""
"src/SharpLink.Abstractions/SharpLinkHealth.cs",7,"SharpLink.Abstractions","Field","Public","Unhealthy",6,2,14,0,0,"Enum/protocol identity"
"src/SharpLink.Abstractions/SharpLinkHealth.cs",17,"SharpLink.Abstractions","NamedType","Public","global::SharpLink.Abstractions.SharpLinkHealthProbeOutcome",11,0,7,0,0,""
"src/SharpLink.Abstractions/SharpLinkHealth.cs",20,"SharpLink.Abstractions","Field","Public","NotReady",8,0,20,0,0,"Enum/protocol identity"
"src/SharpLink.Abstractions/SharpLinkHealth.cs",29,"SharpLink.Abstractions","Field","Public","Unsupported",2,0,2,0,0,"Enum/protocol identity"
"src/SharpLink.Abstractions/SharpLinkHealth.cs",40,"SharpLink.Abstractions","NamedType","Public","global::SharpLink.Abstractions.SharpLinkHealthCheckResult",17,0,46,0,0,""
"src/SharpLink.Abstractions/SharpLinkHealth.cs",44,"SharpLink.Abstractions","Method","Public","SharpLinkHealthCheckResult",4,0,13,0,0,"Constructor/activation"
"src/SharpLink.Abstractions/SharpLinkHealth.cs",57,"SharpLink.Abstractions","Property","Public","Outcome",4,0,9,0,0,""
"src/SharpLink.Abstractions/SharpLinkHealth.cs",63,"SharpLink.Abstractions","Property","Public","Status",26,0,32,0,2,""
"src/SharpLink.Abstractions/SharpLinkHealth.cs",66,"SharpLink.Abstractions","Property","Public","NotReady",1,0,1,0,0,""
"src/SharpLink.Abstractions/SharpLinkHealth.cs",70,"SharpLink.Abstractions","Property","Public","Unavailable",1,0,1,0,0,""
"src/SharpLink.Abstractions/SharpLinkHealth.cs",74,"SharpLink.Abstractions","Property","Public","Unsupported",1,0,2,0,0,""
"src/SharpLink.Abstractions/SharpLinkHeartbeatConfigurationSnapshot.cs",7,"SharpLink.Abstractions","NamedType","Public","global::SharpLink.Abstractions.SharpLinkHeartbeatConfigurationSnapshot",4,58,3,0,0,""
"src/SharpLink.Abstractions/SharpLinkInterceptors.cs",7,"SharpLink.Abstractions","NamedType","Public","global::SharpLink.Abstractions.SharpLinkInvocationStatus",25,0,23,15,2,""
"src/SharpLink.Abstractions/SharpLinkInterceptors.cs",10,"SharpLink.Abstractions","Field","Public","Pending",9,0,0,5,0,"Enum/protocol identity"
"src/SharpLink.Abstractions/SharpLinkInterceptors.cs",12,"SharpLink.Abstractions","Field","Public","Succeeded",10,0,8,4,0,"Enum/protocol identity"
"src/SharpLink.Abstractions/SharpLinkInterceptors.cs",14,"SharpLink.Abstractions","Field","Public","Failed",2,0,10,2,0,"Enum/protocol identity"
"src/SharpLink.Abstractions/SharpLinkInterceptors.cs",20,"SharpLink.Abstractions","NamedType","Public","global::SharpLink.Abstractions.SharpLinkClientInvocationContext",22,0,49,6,1,""
"src/SharpLink.Abstractions/SharpLinkInterceptors.cs",22,"SharpLink.Abstractions","Method","Internal","SharpLinkClientInvocationContext",1,0,0,0,0,"Constructor/activation"
"src/SharpLink.Abstractions/SharpLinkInterceptors.cs",35,"SharpLink.Abstractions","Property","Public","Method",4,0,13,0,0,""
"src/SharpLink.Abstractions/SharpLinkInterceptors.cs",37,"SharpLink.Abstractions","Property","Public","Request",1,0,0,0,0,""
"src/SharpLink.Abstractions/SharpLinkInterceptors.cs",41,"SharpLink.Abstractions","Property","Public","CancellationToken",10,0,0,0,0,""
"src/SharpLink.Abstractions/SharpLinkInterceptors.cs",45,"SharpLink.Abstractions","Property","Public","ErrorCode",15,0,16,0,0,""
"src/SharpLink.Abstractions/SharpLinkInterceptors.cs",47,"SharpLink.Abstractions","Property","Public","Exception",2,0,6,0,0,""
"src/SharpLink.Abstractions/SharpLinkInterceptors.cs",49,"SharpLink.Abstractions","Property","Public","Elapsed",3,0,2,0,0,""
"src/SharpLink.Abstractions/SharpLinkInterceptors.cs",51,"SharpLink.Abstractions","Property","Internal","InterceptorPipelineState",2,0,0,0,0,""
"src/SharpLink.Abstractions/SharpLinkInterceptors.cs",56,"SharpLink.Abstractions","NamedType","Public","global::SharpLink.Abstractions.SharpLinkClientInvocationResult",41,0,51,13,2,""
"src/SharpLink.Abstractions/SharpLinkInterceptors.cs",59,"SharpLink.Abstractions","Method","Public","GetValue<T>",4,0,0,2,0,""
"src/SharpLink.Abstractions/SharpLinkInterceptors.cs",75,"SharpLink.Abstractions","NamedType","Public","global::SharpLink.Abstractions.SharpLinkClientInvocationDelegate",7,0,37,5,1,""
"src/SharpLink.Abstractions/SharpLinkInterceptors.cs",79,"SharpLink.Abstractions","NamedType","Public","global::SharpLink.Abstractions.ISharpLinkClientInterceptor",18,0,45,5,1,""
"src/SharpLink.Abstractions/SharpLinkInterceptors.cs",88,"SharpLink.Abstractions","NamedType","Public","global::SharpLink.Abstractions.SharpLinkServerInvocationContext",22,0,49,2,1,""
"src/SharpLink.Abstractions/SharpLinkInterceptors.cs",90,"SharpLink.Abstractions","Method","Internal","SharpLinkServerInvocationContext",1,0,0,0,0,"Constructor/activation"
"src/SharpLink.Abstractions/SharpLinkInterceptors.cs",112,"SharpLink.Abstractions","Property","Internal","InterceptorGeneration",2,0,1,0,0,""
"src/SharpLink.Abstractions/SharpLinkInterceptors.cs",113,"SharpLink.Abstractions","Property","Internal","InterceptorTerminalReached",3,0,0,0,0,""
"src/SharpLink.Abstractions/SharpLinkInterceptors.cs",114,"SharpLink.Abstractions","Property","Internal","InterceptorStub",3,0,0,0,0,""
"src/SharpLink.Abstractions/SharpLinkInterceptors.cs",115,"SharpLink.Abstractions","Property","Internal","InterceptorService",3,0,0,0,0,""
"src/SharpLink.Abstractions/SharpLinkInterceptors.cs",116,"SharpLink.Abstractions","Property","Internal","InterceptorGeneratedBridge",4,0,0,0,0,""
"src/SharpLink.Abstractions/SharpLinkInterceptors.cs",117,"SharpLink.Abstractions","Property","Internal","InterceptorMethodId",3,0,0,0,0,""
"src/SharpLink.Abstractions/SharpLinkInterceptors.cs",118,"SharpLink.Abstractions","Property","Internal","InterceptorArguments",4,0,0,0,0,""
"src/SharpLink.Abstractions/SharpLinkInterceptors.cs",119,"SharpLink.Abstractions","Property","Internal","InterceptorOutput",3,0,0,0,0,""
"src/SharpLink.Abstractions/SharpLinkInterceptors.cs",120,"SharpLink.Abstractions","Property","Internal","InterceptorTimeProvider",3,0,0,0,0,""
"src/SharpLink.Abstractions/SharpLinkInterceptors.cs",121,"SharpLink.Abstractions","Property","Internal","InterceptorStarted",3,0,0,0,0,""
"src/SharpLink.Abstractions/SharpLinkInterceptors.cs",126,"SharpLink.Abstractions","Property","Public","RequestId",18,0,86,0,0,""
"src/SharpLink.Abstractions/SharpLinkInterceptors.cs",151,"SharpLink.Abstractions","NamedType","Public","global::SharpLink.Abstractions.SharpLinkServerInvocationDelegate",6,0,31,1,1,""
"src/SharpLink.Abstractions/SharpLinkInterceptors.cs",154,"SharpLink.Abstractions","NamedType","Public","global::SharpLink.Abstractions.ISharpLinkServerInterceptor",17,0,39,1,1,""
"src/SharpLink.Abstractions/SharpLinkInterceptors.cs",166,"SharpLink.Abstractions","NamedType","Public","global::SharpLink.Abstractions.IRpcExceptionMapper",8,0,8,0,0,""
"src/SharpLink.Abstractions/SharpLinkInterceptors.cs",169,"SharpLink.Abstractions","Method","Public","Map",1,0,0,0,0,"Interface contract"
"src/SharpLink.Abstractions/SharpLinkLogicalPipeName.cs",3,"SharpLink.Abstractions","NamedType","Internal","global::SharpLink.Abstractions.SharpLinkLogicalPipeName",3,0,0,0,0,""
"src/SharpLink.Abstractions/SharpLinkLogicalPipeName.cs",5,"SharpLink.Abstractions","Method","Internal","Validate",9,0,0,0,0,""
"src/SharpLink.Abstractions/SharpLinkMultiClusterState.cs",4,"SharpLink.Abstractions","NamedType","Public","global::SharpLink.Abstractions.SharpLinkMultiClusterState",71,5,17,0,0,""
"src/SharpLink.Abstractions/SharpLinkMultiClusterState.cs",16,"SharpLink.Abstractions","Field","Public","Degraded",10,0,6,0,0,"Enum/protocol identity"
"src/SharpLink.Abstractions/SharpLinkReadinessState.cs",4,"SharpLink.Abstractions","NamedType","Public","global::SharpLink.Abstractions.SharpLinkReadinessState",27,26,29,0,0,""
"src/SharpLink.Abstractions/SharpLinkReconnectPolicy.cs",7,"SharpLink.Abstractions","NamedType","Public","global::SharpLink.Abstractions.SharpLinkReconnectPolicy",34,84,24,0,0,""
"src/SharpLink.Abstractions/SharpLinkReconnectPolicy.cs",10,"SharpLink.Abstractions","Method","Public","SharpLinkReconnectPolicy",2,2,10,0,0,"Constructor/activation"
"src/SharpLink.Abstractions/SharpLinkReconnectPolicy.cs",38,"SharpLink.Abstractions","Property","Public","InitialDelay",10,4,2,0,0,""
"src/SharpLink.Abstractions/SharpLinkReconnectPolicy.cs",44,"SharpLink.Abstractions","Property","Public","BackoffMultiplier",2,4,1,0,0,""
"src/SharpLink.Abstractions/SharpLinkReconnectPolicy.cs",47,"SharpLink.Abstractions","Property","Public","JitterMinimumFactor",2,4,1,0,0,""
"src/SharpLink.Abstractions/SharpLinkReconnectPolicy.cs",50,"SharpLink.Abstractions","Property","Public","JitterMaximumFactor",2,4,1,0,0,""
"src/SharpLink.Abstractions/SharpLinkReconnectPolicy.cs",56,"SharpLink.Abstractions","Property","Public","StableResetWindow",4,4,1,0,0,""
"src/SharpLink.Abstractions/SharpLinkReferencedCodecDependency.cs",7,"SharpLink.Abstractions","NamedType","Public","global::SharpLink.Abstractions.SharpLinkReferencedCodecDependency",9,114,11,0,0,""
"src/SharpLink.Abstractions/SharpLinkReferencedCodecDependency.cs",17,"SharpLink.Abstractions","NamedType","Public","global::SharpLink.Abstractions.ISharpLinkReferencedCodecDependencyManifest",5,38,4,0,0,""
"src/SharpLink.Abstractions/SharpLinkReferencedCodecDependency.cs",20,"SharpLink.Abstractions","Property","Public","ReferencedCodecDependencies",5,0,1,0,0,"Interface contract"
"src/SharpLink.Abstractions/SharpLinkRequestTimeoutPolicySnapshot.cs",4,"SharpLink.Abstractions","NamedType","Public","global::SharpLink.Abstractions.SharpLinkRequestTimeoutPolicySource",4,26,5,0,0,""
"src/SharpLink.Abstractions/SharpLinkRequestTimeoutPolicySnapshot.cs",9,"SharpLink.Abstractions","Field","Public","Recommended",1,0,0,0,0,"Enum/protocol identity"
"src/SharpLink.Abstractions/SharpLinkRequestTimeoutPolicySnapshot.cs",18,"SharpLink.Abstractions","NamedType","Public","global::SharpLink.Abstractions.SharpLinkRequestTimeoutPolicySnapshot",4,66,8,0,0,""
"src/SharpLink.Abstractions/SharpLinkResourceExhaustion.cs",3,"SharpLink.Abstractions","NamedType","Internal","global::SharpLink.Abstractions.SharpLinkResourceExhaustion",36,0,21,0,0,""
"src/SharpLink.Abstractions/SharpLinkResourceExhaustion.cs",30,"SharpLink.Abstractions","Method","Internal","CreateWire",6,0,1,0,0,""
"src/SharpLink.Abstractions/SharpLinkResourceExhaustion.cs",33,"SharpLink.Abstractions","Method","Internal","CreateRemote",2,0,4,0,0,""
"src/SharpLink.Abstractions/SharpLinkResourceExhaustion.cs",44,"SharpLink.Abstractions","Method","Internal","GetReason",3,0,5,0,0,""
"src/SharpLink.Abstractions/SharpLinkResourceExhaustion.cs",52,"SharpLink.Abstractions","Method","Internal","GetDetailCode",1,0,0,0,0,""
"src/SharpLink.Abstractions/SharpLinkRetry.cs",9,"SharpLink.Abstractions","NamedType","Public","global::SharpLink.Abstractions.SharpLinkRetryContext",3,0,11,0,0,""
"src/SharpLink.Abstractions/SharpLinkRetry.cs",19,"SharpLink.Abstractions","NamedType","Public","global::SharpLink.Abstractions.SharpLinkRetryDecision",5,0,15,0,0,""
"src/SharpLink.Abstractions/SharpLinkRetry.cs",26,"SharpLink.Abstractions","NamedType","Public","global::SharpLink.Abstractions.ISharpLinkRetryPolicy",19,0,11,0,0,""
"src/SharpLink.Abstractions/SharpLinkRetry.cs",31,"SharpLink.Abstractions","Method","Public","Evaluate",1,0,0,0,0,"Interface contract"
"src/SharpLink.Abstractions/SharpLinkRetryPolicySnapshot.cs",4,"SharpLink.Abstractions","NamedType","Public","global::SharpLink.Abstractions.SharpLinkRetryPolicyKind",20,26,6,0,0,""
"src/SharpLink.Abstractions/SharpLinkRetryPolicySnapshot.cs",9,"SharpLink.Abstractions","Field","Public","BuiltIn",3,0,2,0,0,"Enum/protocol identity"
"src/SharpLink.Abstractions/SharpLinkRetryPolicySnapshot.cs",21,"SharpLink.Abstractions","NamedType","Public","global::SharpLink.Abstractions.SharpLinkRetryPolicySnapshot",5,90,7,0,0,""
"src/SharpLink.Abstractions/SharpLinkRuntimeConfigurationUpdateResult.cs",4,"SharpLink.Abstractions","NamedType","Public","global::SharpLink.SharpLinkRuntimeConfigurationUpdateFailureCode",22,0,20,0,0,""
"src/SharpLink.Abstractions/SharpLinkRuntimeConfigurationUpdateResult.cs",10,"SharpLink.Abstractions","Field","Public","LifecycleClosed",3,0,8,0,0,"Enum/protocol identity"
"src/SharpLink.Abstractions/SharpLinkRuntimeConfigurationUpdateResult.cs",13,"SharpLink.Abstractions","Field","Public","ModeConflict",2,0,3,0,0,"Enum/protocol identity"
"src/SharpLink.Abstractions/SharpLinkRuntimeConfigurationUpdateResult.cs",16,"SharpLink.Abstractions","Field","Public","PublicationConflict",1,0,0,0,0,"Enum/protocol identity"
"src/SharpLink.Abstractions/SharpLinkRuntimeConfigurationUpdateResult.cs",19,"SharpLink.Abstractions","Field","Public","UnsupportedByImplementation",6,0,5,0,0,"Enum/protocol identity"
"src/SharpLink.Abstractions/SharpLinkRuntimeConfigurationUpdateResult.cs",31,"SharpLink.Abstractions","NamedType","Public","global::SharpLink.SharpLinkRuntimeConfigurationUpdateResult",130,0,21,0,0,""
"src/SharpLink.Abstractions/SharpLinkRuntimeConfigurationUpdateResult.cs",33,"SharpLink.Abstractions","Method","Private","SharpLinkRuntimeConfigurationUpdateResult",2,0,0,0,0,"Constructor/activation"
"src/SharpLink.Abstractions/SharpLinkRuntimeConfigurationUpdateResult.cs",47,"SharpLink.Abstractions","Property","Public","FailureCode",2,0,20,0,0,""
"src/SharpLink.Abstractions/SharpLinkRuntimeConfigurationUpdateResult.cs",50,"SharpLink.Abstractions","Property","Public","Message",12,0,45,0,0,""
"src/SharpLink.Abstractions/SharpLinkServerDesiredSessionConfiguration.cs",4,"SharpLink.Abstractions","NamedType","Public","global::SharpLink.Abstractions.SharpLinkServerDesiredSessionConfiguration",8,0,14,0,0,""
"src/SharpLink.Abstractions/SharpLinkServerDesiredSessionConfiguration.cs",7,"SharpLink.Abstractions","Property","Public","MaxFramePayloadBytes",15,0,22,0,0,""
"src/SharpLink.Abstractions/SharpLinkServerDesiredSessionConfiguration.cs",11,"SharpLink.Abstractions","NamedType","Public","global::SharpLink.Abstractions.SharpLinkSessionRolloutMode",10,0,17,0,0,""
"src/SharpLink.Abstractions/SharpLinkServerDesiredSessionConfiguration.cs",14,"SharpLink.Abstractions","Field","Public","FutureOnly",5,0,4,0,0,"Enum/protocol identity"
"src/SharpLink.Abstractions/SharpLinkServerDesiredSessionConfiguration.cs",16,"SharpLink.Abstractions","Field","Public","RollingRefresh",3,0,13,0,0,"Enum/protocol identity"
"src/SharpLink.Abstractions/SharpLinkServerDesiredSessionConfiguration.cs",23,"SharpLink.Abstractions","NamedType","Public","global::SharpLink.Abstractions.SharpLinkServerDesiredSessionSnapshot",29,0,19,0,0,""
"src/SharpLink.Abstractions/SharpLinkServerDesiredSessionPublicationResult.cs",10,"SharpLink.Abstractions","NamedType","Public","global::SharpLink.SharpLinkServerDesiredSessionPublicationResult",8,0,9,0,0,""
"src/SharpLink.Abstractions/SharpLinkServerDesiredSessionPublicationResult.cs",12,"SharpLink.Abstractions","Method","Private","SharpLinkServerDesiredSessionPublicationResult",2,0,0,0,0,"Constructor/activation"
"src/SharpLink.Abstractions/SharpLinkServerDesiredSessionPublicationResult.cs",31,"SharpLink.Abstractions","Property","Public","Snapshot",2,0,4,0,0,""
"src/SharpLink.Abstractions/SharpLinkServerLifecycleState.cs",4,"SharpLink.Abstractions","NamedType","Public","global::SharpLink.Abstractions.SharpLinkServerLifecycleState",10,0,17,0,0,""
"src/SharpLink.Abstractions/SharpLinkTelemetry.cs",8,"SharpLink.Abstractions","NamedType","Public","global::SharpLink.Abstractions.SharpLinkTelemetry",133,0,69,6,0,""
"src/SharpLink.Abstractions/SharpLinkTelemetry.cs",11,"SharpLink.Abstractions","Property","Public","ClientActivitySource",4,0,8,2,0,""
"src/SharpLink.Abstractions/SharpLinkTelemetry.cs",13,"SharpLink.Abstractions","Property","Public","ServerActivitySource",1,0,3,2,0,""
"src/SharpLink.Abstractions/SharpLinkTelemetry.cs",15,"SharpLink.Abstractions","Property","Public","Meter",52,0,7,2,0,""
"src/SharpLink.Abstractions/SharpLinkTelemetry.cs",17,"SharpLink.Abstractions","Field","Private","_clientActiveEndpointCount",2,0,0,0,0,""
"src/SharpLink.Abstractions/SharpLinkTelemetry.cs",18,"SharpLink.Abstractions","Field","Private","_clientReadyEndpointCount",2,0,0,0,0,""
"src/SharpLink.Abstractions/SharpLinkTelemetry.cs",19,"SharpLink.Abstractions","Field","Private","_clientDrainingEndpointCount",2,0,0,0,0,""
"src/SharpLink.Abstractions/SharpLinkTelemetry.cs",20,"SharpLink.Abstractions","Field","Private","_clientActiveConnectionCount",3,0,0,0,0,""
"src/SharpLink.Abstractions/SharpLinkTelemetry.cs",21,"SharpLink.Abstractions","Field","Private","_clientRetiringConnectionCount",2,0,0,0,0,""
"src/SharpLink.Abstractions/SharpLinkTelemetry.cs",23,"SharpLink.Abstractions","Field","Private","ActiveConnections",2,0,0,0,0,""
"src/SharpLink.Abstractions/SharpLinkTelemetry.cs",25,"SharpLink.Abstractions","Field","Private","AdmittedConnections",1,0,0,0,0,""
"src/SharpLink.Abstractions/SharpLinkTelemetry.cs",27,"SharpLink.Abstractions","Field","Private","ActiveHandshakes",1,0,0,0,0,""
"src/SharpLink.Abstractions/SharpLinkTelemetry.cs",29,"SharpLink.Abstractions","Field","Private","RejectedConnections",1,0,0,0,0,""
"src/SharpLink.Abstractions/SharpLinkTelemetry.cs",46,"SharpLink.Abstractions","Field","Private","ClientResolverUpdates",1,0,0,0,0,""
"src/SharpLink.Abstractions/SharpLinkTelemetry.cs",48,"SharpLink.Abstractions","Field","Private","ClientResolverFailures",1,0,0,0,0,""
"src/SharpLink.Abstractions/SharpLinkTelemetry.cs",60,"SharpLink.Abstractions","Field","Private","Reconnects",1,0,0,0,0,""
"src/SharpLink.Abstractions/SharpLinkTelemetry.cs",62,"SharpLink.Abstractions","Field","Private","StartedCalls",2,0,0,0,0,""
"src/SharpLink.Abstractions/SharpLinkTelemetry.cs",64,"SharpLink.Abstractions","Field","Private","CompletedCalls",2,0,0,0,0,""
"src/SharpLink.Abstractions/SharpLinkTelemetry.cs",66,"SharpLink.Abstractions","Field","Private","FailedCalls",2,0,0,0,0,""
"src/SharpLink.Abstractions/SharpLinkTelemetry.cs",68,"SharpLink.Abstractions","Field","Private","ActiveCalls",3,0,0,0,0,""
"src/SharpLink.Abstractions/SharpLinkTelemetry.cs",70,"SharpLink.Abstractions","Field","Private","RequestDuration",4,0,0,0,0,""
"src/SharpLink.Abstractions/SharpLinkTelemetry.cs",72,"SharpLink.Abstractions","Field","Private","SentBytes",1,0,0,0,0,""
"src/SharpLink.Abstractions/SharpLinkTelemetry.cs",74,"SharpLink.Abstractions","Field","Private","ReceivedBytes",1,0,0,0,0,""
"src/SharpLink.Abstractions/SharpLinkTelemetry.cs",76,"SharpLink.Abstractions","Field","Private","SendQueueBytes",1,0,0,0,0,""
"src/SharpLink.Abstractions/SharpLinkTelemetry.cs",78,"SharpLink.Abstractions","Field","Private","PendingRequests",1,0,0,0,0,""
"src/SharpLink.Abstractions/SharpLinkTelemetry.cs",80,"SharpLink.Abstractions","Field","Private","ActiveStreams",1,0,0,0,0,""
"src/SharpLink.Abstractions/SharpLinkTelemetry.cs",82,"SharpLink.Abstractions","Field","Private","ProtocolFailures",1,0,0,0,0,""
"src/SharpLink.Abstractions/SharpLinkTelemetry.cs",84,"SharpLink.Abstractions","Field","Private","AuthenticationFailures",1,0,0,0,0,""
"src/SharpLink.Abstractions/SharpLinkTelemetry.cs",88,"SharpLink.Abstractions","Field","Private","AbandonedCalls",2,0,0,0,0,""
"src/SharpLink.Abstractions/SharpLinkTelemetry.cs",90,"SharpLink.Abstractions","Field","Private","LateDroppedResponses",1,0,0,0,0,""
"src/SharpLink.Abstractions/SharpLinkTelemetry.cs",92,"SharpLink.Abstractions","Field","Private","ForcedStopCalls",1,0,0,0,0,""
"src/SharpLink.Abstractions/SharpLinkTelemetry.cs",94,"SharpLink.Abstractions","Field","Private","SharedMemoryConnections",1,0,0,0,0,""
"src/SharpLink.Abstractions/SharpLinkTelemetry.cs",96,"SharpLink.Abstractions","Field","Private","SharedMemorySpillBytes",1,0,0,0,0,""
"src/SharpLink.Abstractions/SharpLinkTelemetry.cs",98,"SharpLink.Abstractions","Field","Private","SharedMemoryDirectWriteBytes",1,0,0,0,0,""
"src/SharpLink.Abstractions/SharpLinkTelemetry.cs",100,"SharpLink.Abstractions","Field","Private","SharedMemorySpillCopyBytes",1,0,0,0,0,""
"src/SharpLink.Abstractions/SharpLinkTelemetry.cs",102,"SharpLink.Abstractions","Field","Private","SharedMemoryStagingBytes",1,0,0,0,0,""
"src/SharpLink.Abstractions/SharpLinkTelemetry.cs",104,"SharpLink.Abstractions","Field","Private","SharedMemoryStagingCopyBytes",1,0,0,0,0,""
"src/SharpLink.Abstractions/SharpLinkTelemetry.cs",106,"SharpLink.Abstractions","Field","Private","SharedMemoryWaits",1,0,0,0,0,""
"src/SharpLink.Abstractions/SharpLinkTelemetry.cs",108,"SharpLink.Abstractions","Field","Private","SharedMemoryNotificationRequests",1,0,0,0,0,""
"src/SharpLink.Abstractions/SharpLinkTelemetry.cs",110,"SharpLink.Abstractions","Field","Private","SharedMemoryNotificationCoalesced",1,0,0,0,0,""
"src/SharpLink.Abstractions/SharpLinkTelemetry.cs",112,"SharpLink.Abstractions","Field","Private","SharedMemoryNotifications",1,0,0,0,0,""
"src/SharpLink.Abstractions/SharpLinkTelemetry.cs",114,"SharpLink.Abstractions","Field","Private","SharedMemoryCursorRefreshes",1,0,0,0,0,""
"src/SharpLink.Abstractions/SharpLinkTelemetry.cs",116,"SharpLink.Abstractions","Field","Private","AdmissionActivePermits",1,0,0,0,0,""
"src/SharpLink.Abstractions/SharpLinkTelemetry.cs",118,"SharpLink.Abstractions","Field","Private","AdmissionQueuedCalls",1,0,0,0,0,""
"src/SharpLink.Abstractions/SharpLinkTelemetry.cs",120,"SharpLink.Abstractions","Field","Private","AdmissionRejectedCalls",1,0,0,0,0,""
"src/SharpLink.Abstractions/SharpLinkTelemetry.cs",122,"SharpLink.Abstractions","Field","Private","AdmissionQueueDuration",1,0,0,0,0,""
"src/SharpLink.Abstractions/SharpLinkTelemetry.cs",124,"SharpLink.Abstractions","Field","Private","AdmissionOneWayDropped",1,0,0,0,0,""
"src/SharpLink.Abstractions/SharpLinkTelemetry.cs",126,"SharpLink.Abstractions","Field","Private","AdmissionActivePartitions",1,0,0,0,0,""
"src/SharpLink.Abstractions/SharpLinkTelemetry.cs",128,"SharpLink.Abstractions","Field","Private","ClientAttempts",1,0,0,0,0,""
"src/SharpLink.Abstractions/SharpLinkTelemetry.cs",130,"SharpLink.Abstractions","Field","Private","ClientRetries",1,0,0,0,0,""
"src/SharpLink.Abstractions/SharpLinkTelemetry.cs",132,"SharpLink.Abstractions","Field","Private","EndpointAdmissionRejected",1,0,0,0,0,""
"src/SharpLink.Abstractions/SharpLinkTelemetry.cs",134,"SharpLink.Abstractions","Field","Private","SelectionFailures",1,0,0,0,0,""
"src/SharpLink.Abstractions/SharpLinkTelemetry.cs",136,"SharpLink.Abstractions","Field","Private","BreakerOpen",1,0,0,0,0,""
"src/SharpLink.Abstractions/SharpLinkTelemetry.cs",138,"SharpLink.Abstractions","Field","Private","MultiClusterMutations",1,0,0,0,0,""
"src/SharpLink.Abstractions/SharpLinkTelemetry.cs",140,"SharpLink.Abstractions","Field","Private","MultiClusterMutationDuration",1,0,0,0,0,""
"src/SharpLink.Abstractions/SharpLinkTelemetry.cs",143,"SharpLink.Abstractions","Method","Internal","StartClientCall",5,0,6,0,0,""
"src/SharpLink.Abstractions/SharpLinkTelemetry.cs",151,"SharpLink.Abstractions","Method","Internal","StartClientAttempt",1,0,4,0,0,""
"src/SharpLink.Abstractions/SharpLinkTelemetry.cs",173,"SharpLink.Abstractions","Method","Internal","StartServerCall",1,0,3,0,0,""
"src/SharpLink.Abstractions/SharpLinkTelemetry.cs",176,"SharpLink.Abstractions","Property","Internal","ClientCallsEnabled",6,0,0,0,0,""
"src/SharpLink.Abstractions/SharpLinkTelemetry.cs",179,"SharpLink.Abstractions","Method","Internal","ConnectionOpened",1,0,1,0,0,""
"src/SharpLink.Abstractions/SharpLinkTelemetry.cs",186,"SharpLink.Abstractions","Method","Internal","ConnectionClosed",1,0,1,0,0,""
"src/SharpLink.Abstractions/SharpLinkTelemetry.cs",193,"SharpLink.Abstractions","Method","Internal","AddAdmittedConnections",2,0,0,0,0,""
"src/SharpLink.Abstractions/SharpLinkTelemetry.cs",194,"SharpLink.Abstractions","Method","Internal","AddActiveHandshakes",2,0,0,0,0,""
"src/SharpLink.Abstractions/SharpLinkTelemetry.cs",196,"SharpLink.Abstractions","Method","Internal","RecordConnectionRejected",1,0,0,0,0,""
"src/SharpLink.Abstractions/SharpLinkTelemetry.cs",202,"SharpLink.Abstractions","Method","Internal","AddClientActiveEndpoints",4,0,2,0,0,""
"src/SharpLink.Abstractions/SharpLinkTelemetry.cs",208,"SharpLink.Abstractions","Method","Internal","AddClientReadyEndpoints",4,0,2,0,0,""
"src/SharpLink.Abstractions/SharpLinkTelemetry.cs",214,"SharpLink.Abstractions","Method","Internal","AddClientDrainingEndpoints",3,0,2,0,0,""
"src/SharpLink.Abstractions/SharpLinkTelemetry.cs",220,"SharpLink.Abstractions","Method","Internal","RecordClientResolverUpdate",1,0,1,0,0,""
"src/SharpLink.Abstractions/SharpLinkTelemetry.cs",223,"SharpLink.Abstractions","Method","Internal","RecordClientResolverFailure",6,0,1,0,0,""
"src/SharpLink.Abstractions/SharpLinkTelemetry.cs",226,"SharpLink.Abstractions","Method","Internal","AddClientRetiringConnections",2,0,2,0,0,""
"src/SharpLink.Abstractions/SharpLinkTelemetry.cs",232,"SharpLink.Abstractions","Method","Internal","ReconnectAttempt",3,0,0,0,0,""
"src/SharpLink.Abstractions/SharpLinkTelemetry.cs",233,"SharpLink.Abstractions","Method","Internal","RecordSentBytes",1,0,0,0,0,""
"src/SharpLink.Abstractions/SharpLinkTelemetry.cs",234,"SharpLink.Abstractions","Method","Internal","RecordReceivedBytes",5,0,0,0,0,""
"src/SharpLink.Abstractions/SharpLinkTelemetry.cs",235,"SharpLink.Abstractions","Method","Internal","AddSendQueueBytes",2,0,0,0,0,""
"src/SharpLink.Abstractions/SharpLinkTelemetry.cs",236,"SharpLink.Abstractions","Method","Internal","AddPendingRequests",2,0,0,0,0,""
"src/SharpLink.Abstractions/SharpLinkTelemetry.cs",237,"SharpLink.Abstractions","Method","Internal","AddActiveStreams",10,0,0,0,0,""
"src/SharpLink.Abstractions/SharpLinkTelemetry.cs",238,"SharpLink.Abstractions","Method","Internal","RecordProtocolFailure",7,0,0,0,0,""
"src/SharpLink.Abstractions/SharpLinkTelemetry.cs",239,"SharpLink.Abstractions","Method","Internal","RecordAuthenticationFailure",2,0,0,0,0,""
"src/SharpLink.Abstractions/SharpLinkTelemetry.cs",241,"SharpLink.Abstractions","Method","Internal","RecordResourceExhausted",7,0,1,0,0,""
"src/SharpLink.Abstractions/SharpLinkTelemetry.cs",250,"SharpLink.Abstractions","Method","Internal","RecordAbandonedCall",3,0,2,0,0,""
"src/SharpLink.Abstractions/SharpLinkTelemetry.cs",259,"SharpLink.Abstractions","Method","Internal","RecordLateResponseDropped",1,0,1,0,0,""
"src/SharpLink.Abstractions/SharpLinkTelemetry.cs",261,"SharpLink.Abstractions","Method","Internal","RecordForcedStopCalls",2,0,0,0,0,""
"src/SharpLink.Abstractions/SharpLinkTelemetry.cs",262,"SharpLink.Abstractions","Method","Internal","AddAdmissionActivePermits",2,0,1,0,0,""
"src/SharpLink.Abstractions/SharpLinkTelemetry.cs",264,"SharpLink.Abstractions","Method","Internal","AddAdmissionQueuedCalls",2,0,1,0,0,""
"src/SharpLink.Abstractions/SharpLinkTelemetry.cs",266,"SharpLink.Abstractions","Method","Internal","AddAdmissionActivePartitions",3,0,1,0,0,""
"src/SharpLink.Abstractions/SharpLinkTelemetry.cs",269,"SharpLink.Abstractions","Method","Internal","RecordAdmissionQueueDuration",1,0,2,0,0,""
"src/SharpLink.Abstractions/SharpLinkTelemetry.cs",277,"SharpLink.Abstractions","Method","Internal","RecordAdmissionRejected",2,0,2,0,0,""
"src/SharpLink.Abstractions/SharpLinkTelemetry.cs",284,"SharpLink.Abstractions","Method","Internal","RecordAdmissionOneWayDropped",1,0,1,0,0,""
"src/SharpLink.Abstractions/SharpLinkTelemetry.cs",291,"SharpLink.Abstractions","Method","Internal","RecordClientAttempt",8,0,0,0,0,""
"src/SharpLink.Abstractions/SharpLinkTelemetry.cs",294,"SharpLink.Abstractions","Method","Internal","RecordClientRetry",1,0,1,0,0,""
"src/SharpLink.Abstractions/SharpLinkTelemetry.cs",297,"SharpLink.Abstractions","Method","Internal","RecordEndpointAdmissionRejected",2,0,0,0,0,""
"src/SharpLink.Abstractions/SharpLinkTelemetry.cs",303,"SharpLink.Abstractions","Method","Internal","RecordSelectionFailure",4,0,0,0,0,""
"src/SharpLink.Abstractions/SharpLinkTelemetry.cs",309,"SharpLink.Abstractions","Method","Internal","RecordBreakerOpen",1,0,0,0,0,""
"src/SharpLink.Abstractions/SharpLinkTelemetry.cs",312,"SharpLink.Abstractions","Method","Internal","RecordMultiClusterMutation",1,0,2,0,0,""
"src/SharpLink.Abstractions/SharpLinkTelemetry.cs",329,"SharpLink.Abstractions","Method","Internal","RecordSharedMemoryConnection",1,0,0,0,0,""
"src/SharpLink.Abstractions/SharpLinkTelemetry.cs",337,"SharpLink.Abstractions","Method","Internal","RecordSharedMemoryDirectWriteBytes",1,0,1,0,0,""
"src/SharpLink.Abstractions/SharpLinkTelemetry.cs",340,"SharpLink.Abstractions","Method","Internal","RecordSharedMemorySpillBytes",1,0,1,0,0,""
"src/SharpLink.Abstractions/SharpLinkTelemetry.cs",353,"SharpLink.Abstractions","Method","Internal","RecordSharedMemoryStagingBytes",1,0,1,0,0,""
"src/SharpLink.Abstractions/SharpLinkTelemetry.cs",358,"SharpLink.Abstractions","Method","Internal","RecordSharedMemoryWait",2,0,1,0,0,""
"src/SharpLink.Abstractions/SharpLinkTelemetry.cs",364,"SharpLink.Abstractions","Method","Internal","RecordSharedMemoryNotificationRequest",1,0,1,0,0,""
"src/SharpLink.Abstractions/SharpLinkTelemetry.cs",366,"SharpLink.Abstractions","Method","Internal","RecordSharedMemoryNotificationCoalesced",1,0,1,0,0,""
"src/SharpLink.Abstractions/SharpLinkTelemetry.cs",368,"SharpLink.Abstractions","Method","Internal","RecordSharedMemoryNotification",4,0,1,0,0,""
"src/SharpLink.Abstractions/SharpLinkTelemetry.cs",371,"SharpLink.Abstractions","Method","Internal","RecordSharedMemoryCursorRefresh",2,0,1,0,0,""
"src/SharpLink.Abstractions/SharpLinkTelemetry.cs",377,"SharpLink.Abstractions","Method","Private","RecordSharedMemoryNotificationMetric",3,0,0,0,0,""
"src/SharpLink.Abstractions/SharpLinkTelemetry.cs",383,"SharpLink.Abstractions","Property","Private","CallMetricsEnabled",2,0,0,0,0,""
"src/SharpLink.Abstractions/SharpLinkTelemetry.cs",387,"SharpLink.Abstractions","Method","Private","StartCall",2,0,0,0,0,""
"src/SharpLink.Abstractions/SharpLinkTelemetry.cs",420,"SharpLink.Abstractions","Method","Private","Record",7,0,0,0,0,""
"src/SharpLink.Abstractions/SharpLinkTelemetry.cs",426,"SharpLink.Abstractions","Method","Private","RecordPositive",7,0,0,0,0,""
"src/SharpLink.Abstractions/SharpLinkTelemetry.cs",432,"SharpLink.Abstractions","Method","Private","RecordDelta",10,0,0,0,0,""
"src/SharpLink.Abstractions/SharpLinkTelemetry.cs",449,"SharpLink.Abstractions","Method","Private","RecordCallMetric",3,0,0,0,0,""
"src/SharpLink.Abstractions/SharpLinkTelemetry.cs",469,"SharpLink.Abstractions","Method","Private","RecordCallDelta",2,0,0,0,0,""
"src/SharpLink.Abstractions/SharpLinkTelemetry.cs",485,"SharpLink.Abstractions","NamedType","Internal","global::SharpLink.Abstractions.SharpLinkTelemetry.CallScope",19,0,10,0,0,""
"src/SharpLink.Abstractions/SharpLinkTelemetry.cs",487,"SharpLink.Abstractions","Field","Private","_side",8,0,0,0,0,""
"src/SharpLink.Abstractions/SharpLinkTelemetry.cs",488,"SharpLink.Abstractions","Field","Private","_method",6,0,0,0,0,""
"src/SharpLink.Abstractions/SharpLinkTelemetry.cs",489,"SharpLink.Abstractions","Field","Private","_activity",13,0,0,0,0,""
"src/SharpLink.Abstractions/SharpLinkTelemetry.cs",490,"SharpLink.Abstractions","Field","Private","_started",3,0,0,0,0,""
"src/SharpLink.Abstractions/SharpLinkTelemetry.cs",491,"SharpLink.Abstractions","Field","Private","_completed",5,0,0,0,0,""
"src/SharpLink.Abstractions/SharpLinkTelemetry.cs",493,"SharpLink.Abstractions","Method","Internal","CallScope",1,0,1,0,0,"Constructor/activation"
"src/SharpLink.Abstractions/SharpLinkTelemetry.cs",506,"SharpLink.Abstractions","Property","Internal","IsEnabled",1,0,0,0,0,""
"src/SharpLink.Abstractions/SharpLinkTelemetry.cs",508,"SharpLink.Abstractions","Method","Internal","SetTag",1,0,1,0,0,""
"src/SharpLink.Abstractions/SharpLinkTelemetry.cs",514,"SharpLink.Abstractions","Method","Internal","Complete",21,0,15,0,0,""
"src/SharpLink.Abstractions/SharpLinkTelemetry.cs",563,"SharpLink.Abstractions","NamedType","Internal","global::SharpLink.Abstractions.SharpLinkTelemetry.AttemptScope",4,0,6,0,0,""
"src/SharpLink.Abstractions/SharpLinkTelemetry.cs",568,"SharpLink.Abstractions","Method","Internal","AttemptScope",1,0,0,0,0,"Constructor/activation"
"src/SharpLink.Abstractions/SharpLinkTelemetry.ObserverIsolation.cs",10,"SharpLink.Abstractions","NamedType","Internal","global::SharpLink.Abstractions.SharpLinkTelemetryObserverIsolation",31,0,0,0,0,""
"src/SharpLink.Abstractions/SharpLinkTelemetry.ObserverIsolation.cs",12,"SharpLink.Abstractions","Method","Internal","StartActivity",2,0,0,0,0,""
"src/SharpLink.Abstractions/SharpLinkTelemetry.ObserverIsolation.cs",48,"SharpLink.Abstractions","Method","Internal","DisposeActivity",3,0,0,0,0,""
"src/SharpLink.Abstractions/SharpLinkTelemetry.ObserverIsolation.cs",65,"SharpLink.Abstractions","Method","Internal","Add",24,0,0,0,0,""
"src/SharpLink.Abstractions/SharpLinkTelemetryDetailPolicy.cs",4,"SharpLink.Abstractions","NamedType","Public","global::SharpLink.Abstractions.SharpLinkTelemetryDetailMode",32,0,16,0,0,""
"src/SharpLink.Abstractions/SharpLinkTelemetryDetailPolicy.cs",7,"SharpLink.Abstractions","Field","Public","Basic",1,0,9,0,0,"Enum/protocol identity"
"src/SharpLink.Abstractions/SharpLinkTelemetryDetailPolicy.cs",10,"SharpLink.Abstractions","Field","Public","Detailed",8,0,5,0,0,"Enum/protocol identity"
"src/SharpLink.Abstractions/SharpLinkTelemetryDetailPolicy.cs",14,"SharpLink.Abstractions","NamedType","Public","global::SharpLink.Abstractions.SharpLinkTelemetryDetailPolicySnapshot",7,0,4,0,0,""
"src/SharpLink.Abstractions/SharpLinkTelemetryDetailPolicy.cs",22,"SharpLink.Abstractions","NamedType","Internal","global::SharpLink.Abstractions.ISharpLinkTelemetryDetailRuntime",6,0,0,0,0,""
"src/SharpLink.Abstractions/SharpLinkTelemetryDetailPolicy.cs",24,"SharpLink.Abstractions","Method","Public","GetTelemetryDetailPolicySnapshot",2,0,9,0,0,"Interface contract"
"src/SharpLink.Abstractions/SharpLinkTelemetryDetailPolicy.cs",25,"SharpLink.Abstractions","Method","Public","UpdateTelemetryDetailPolicy",2,0,9,0,0,"Interface contract"
"src/SharpLink.Abstractions/SharpLinkTelemetryDetailPolicy.cs",29,"SharpLink.Abstractions","NamedType","Public","global::SharpLink.Abstractions.SharpLinkTelemetryDetailExtensions",4,0,0,0,0,""
"src/SharpLink.Abstractions/SharpLinkTelemetryDetailPolicy.cs",76,"SharpLink.Abstractions","NamedType","Internal","global::SharpLink.Abstractions.SharpLinkTelemetryDetailGeneration",18,0,0,0,0,""
"src/SharpLink.Abstractions/SharpLinkTelemetryDetailPolicy.cs",81,"SharpLink.Abstractions","Property","Internal","Mode",10,0,4,0,0,""
"src/SharpLink.Abstractions/SharpLinkTime.cs",4,"SharpLink.Abstractions","NamedType","Internal","global::SharpLink.Abstractions.SharpLinkTime",13,0,10,0,0,""
"src/SharpLink.Abstractions/SharpLinkTime.cs",6,"SharpLink.Abstractions","Method","Internal","AddDuration",6,0,7,0,0,""
"src/SharpLink.Abstractions/SharpLinkTime.cs",45,"SharpLink.Abstractions","Method","Internal","GetElapsed",2,0,1,0,0,""
"src/SharpLink.Abstractions/SharpLinkTime.cs",58,"SharpLink.Abstractions","Method","Private","GetElapsedWide",1,0,0,0,0,""
"src/SharpLink.Abstractions/SharpLinkTimer.cs",3,"SharpLink.Abstractions","NamedType","Internal","global::SharpLink.Abstractions.SharpLinkTimer",26,0,22,0,0,""
"src/SharpLink.Abstractions/SharpLinkTimer.cs",5,"SharpLink.Abstractions","Field","Internal","MaximumDelay",19,0,4,0,0,""
"src/SharpLink.Abstractions/SharpLinkTimer.cs",6,"SharpLink.Abstractions","Field","Private","Never",1,0,0,0,0,""
"src/SharpLink.Abstractions/SharpLinkTimer.cs",8,"SharpLink.Abstractions","Method","Internal","DelayAsync",8,0,3,0,0,""
"src/SharpLink.Abstractions/SharpLinkTimer.cs",79,"SharpLink.Abstractions","Method","Internal","WaitAsync",14,0,15,0,0,""
"src/SharpLink.Abstractions/SharpLinkTimer.cs",147,"SharpLink.Abstractions","NamedType","Private","global::SharpLink.Abstractions.SharpLinkTimer.AbsoluteDeadlineSignal",2,0,0,0,0,""
"src/SharpLink.Abstractions/SharpLinkTimer.cs",149,"SharpLink.Abstractions","Field","Private","_deadline",3,0,0,0,0,""
"src/SharpLink.Abstractions/SharpLinkTimer.cs",150,"SharpLink.Abstractions","Field","Private","_timeProvider",3,0,0,0,0,""
"src/SharpLink.Abstractions/SharpLinkTimer.cs",151,"SharpLink.Abstractions","Field","Private","_completion",4,0,0,0,0,""
"src/SharpLink.Abstractions/SharpLinkTimer.cs",153,"SharpLink.Abstractions","Field","Private","_timer",3,0,0,0,0,""
"src/SharpLink.Abstractions/SharpLinkTimer.cs",155,"SharpLink.Abstractions","Method","Internal","AbsoluteDeadlineSignal",1,0,0,0,0,"Constructor/activation"
"src/SharpLink.Abstractions/SharpLinkTimer.cs",170,"SharpLink.Abstractions","Property","Internal","Completion",2,0,0,0,0,""
"src/SharpLink.Abstractions/SharpLinkTimer.cs",172,"SharpLink.Abstractions","Property","Internal","IsCompleted",1,0,0,0,0,""
"src/SharpLink.Abstractions/SharpLinkTimer.cs",174,"SharpLink.Abstractions","Method","Private","OnTimer",1,0,0,0,0,""
"src/SharpLink.Abstractions/SharpLinkTimer.cs",185,"SharpLink.Abstractions","Method","Private","ArmFromAbsoluteDeadline",2,0,0,0,0,""
"src/SharpLink.Abstractions/SharpLinkTimer.cs",201,"SharpLink.Abstractions","Method","Private","ClaimTaskCompletionAsync",5,0,0,0,0,""
"src/SharpLink.Client/ClientAssemblyRegistry.cs",6,"SharpLink.Client","NamedType","Internal","global::SharpLink.Client.ClientProxyLookup",4,0,0,0,0,""
"src/SharpLink.Client/ClientAssemblyRegistry.cs",8,"SharpLink.Client","Field","Private","_snapshot",46,0,0,0,0,""
"src/SharpLink.Client/ClientAssemblyRegistry.cs",10,"SharpLink.Client","Method","Internal","ClientProxyLookup",1,0,0,0,0,"Constructor/activation"
"src/SharpLink.Client/ClientAssemblyRegistry.cs",13,"SharpLink.Client","Method","Internal","TryGetValue",3,0,0,0,0,""
"src/SharpLink.Client/ClientAssemblyRegistry.cs",17,"SharpLink.Client","Method","Internal","Capture",14,0,0,0,0,""
"src/SharpLink.Client/ClientAssemblyRegistry.cs",20,"SharpLink.Client","Method","Internal","Publish",4,0,0,0,0,""
"src/SharpLink.Client/ClientAssemblyRegistry.cs",28,"SharpLink.Client","NamedType","Internal","global::SharpLink.Client.ClientAssemblyRegistry",5,0,16,0,0,""
"src/SharpLink.Client/ClientAssemblyRegistry.cs",30,"SharpLink.Client","Field","Private","MaximumDynamicModules",4,0,0,0,0,""
"src/SharpLink.Client/ClientAssemblyRegistry.cs",32,"SharpLink.Client","Field","Private","_runtimeContext",87,0,0,0,0,""
"src/SharpLink.Client/ClientAssemblyRegistry.cs",33,"SharpLink.Client","Field","Private","_staticManifests",12,0,0,0,0,""
"src/SharpLink.Client/ClientAssemblyRegistry.cs",34,"SharpLink.Client","Field","Private","_proxyLookup",9,0,0,0,0,""
"src/SharpLink.Client/ClientAssemblyRegistry.cs",35,"SharpLink.Client","Field","Private","_stateProvider",4,0,0,0,0,""
"src/SharpLink.Client/ClientAssemblyRegistry.cs",36,"SharpLink.Client","Field","Private","_trackFrameworkTask",4,0,0,0,0,""
"src/SharpLink.Client/ClientAssemblyRegistry.cs",37,"SharpLink.Client","Field","Private","_gate",126,0,0,0,0,""
"src/SharpLink.Client/ClientAssemblyRegistry.cs",38,"SharpLink.Client","Field","Private","_dynamicModules",20,0,0,0,0,""
"src/SharpLink.Client/ClientAssemblyRegistry.cs",40,"SharpLink.Client","Field","Private","_unregisterOperations",11,0,0,0,0,""
"src/SharpLink.Client/ClientAssemblyRegistry.cs",42,"SharpLink.Client","Field","Private","_generation",7,0,0,0,0,""
"src/SharpLink.Client/ClientAssemblyRegistry.cs",43,"SharpLink.Client","Field","Private","_shutdownStarted",3,0,0,0,0,""
"src/SharpLink.Client/ClientAssemblyRegistry.cs",45,"SharpLink.Client","Method","Internal","ClientAssemblyRegistry",1,0,0,0,0,"Constructor/activation"
"src/SharpLink.Client/ClientAssemblyRegistry.cs",61,"SharpLink.Client","Method","Internal","CaptureProxySnapshot",1,0,2,0,0,""
"src/SharpLink.Client/ClientAssemblyRegistry.cs",69,"SharpLink.Client","Method","Internal","FindOwningManifest",2,0,0,0,0,""
"src/SharpLink.Client/ClientAssemblyRegistry.cs",91,"SharpLink.Client","Method","Internal","BeginShutdown",2,0,0,0,0,""
"src/SharpLink.Client/ClientAssemblyRegistry.cs",97,"SharpLink.Client","Method","Internal","RegisterAssembly",1,0,7,0,0,""
"src/SharpLink.Client/ClientAssemblyRegistry.cs",212,"SharpLink.Client","Method","Internal","ReplaceAssemblyAsync",1,0,1,0,0,""
"src/SharpLink.Client/ClientAssemblyRegistry.cs",400,"SharpLink.Client","Method","Internal","UnregisterAssemblyAsync",2,0,5,0,0,""
"src/SharpLink.Client/ClientAssemblyRegistry.cs",431,"SharpLink.Client","Method","Internal","DrainForShutdownAsync",2,0,0,0,0,""
"src/SharpLink.Client/ClientAssemblyRegistry.cs",449,"SharpLink.Client","Method","Internal","IsDynamicAssemblyRegistered",6,0,0,0,0,""
"src/SharpLink.Client/ClientAssemblyRegistry.cs",455,"SharpLink.Client","Method","Internal","BuildStaticProxySnapshot",2,0,0,0,0,""
"src/SharpLink.Client/ClientAssemblyRegistry.cs",487,"SharpLink.Client","Method","Internal","ValidateStaticManifestCompatibility",3,0,1,0,0,""
"src/SharpLink.Client/ClientAssemblyRegistry.cs",491,"SharpLink.Client","Method","Internal","GetShutdownDependencyOrder",1,0,2,0,0,""
"src/SharpLink.Client/ClientAssemblyRegistry.cs",550,"SharpLink.Client","Method","Private","RejectMutation",1,0,0,0,0,""
"src/SharpLink.Client/ClientAssemblyRegistry.cs",559,"SharpLink.Client","Method","Private","RejectMutationLocked",3,0,0,0,0,""
"src/SharpLink.Client/ClientAssemblyRegistry.cs",568,"SharpLink.Client","Method","Private","UnregisterCoreAsync",1,0,0,0,0,""
"src/SharpLink.Client/ClientAssemblyRegistry.cs",604,"SharpLink.Client","Method","Private","CompleteUnregisterOperationAsync",2,0,0,0,0,""
"src/SharpLink.Client/ClientAssemblyRegistry.cs",626,"SharpLink.Client","Method","Private","CompleteTimedOutUnregisterAsync",1,0,0,0,0,""
"src/SharpLink.Client/ClientAssemblyRegistry.cs",632,"SharpLink.Client","Method","Private","ReleaseModule",2,0,0,0,0,""
"src/SharpLink.Client/ClientAssemblyRegistry.cs",671,"SharpLink.Client","Method","Private","FindReplacementCodec",2,0,0,0,0,""
"src/SharpLink.Client/ClientAssemblyRegistry.Validation.cs",7,"SharpLink.Client","Method","Private","BuildRegistrationCandidate",2,0,0,0,0,""
"src/SharpLink.Client/ClientAssemblyRegistry.Validation.cs",66,"SharpLink.Client","Method","Private","CreateCodecSnapshotWithout",1,0,0,0,0,""
"src/SharpLink.Client/ClientAssemblyRegistry.Validation.cs",82,"SharpLink.Client","Method","Private","ValidateReplacementDependants",1,0,0,0,0,""
"src/SharpLink.Client/ClientAssemblyRegistry.Validation.cs",105,"SharpLink.Client","Method","Private","EnumerateManifestDependencies",1,0,0,0,0,""
"src/SharpLink.Client/ClientAssemblyRegistry.Validation.cs",113,"SharpLink.Client","Method","Private","ManifestDependsOn",2,0,0,0,0,""
"src/SharpLink.Client/ClientAssemblyRegistry.Validation.cs",118,"SharpLink.Client","Method","Private","ValidateDependencies",3,0,0,0,0,""
"src/SharpLink.Client/ClientAssemblyRegistry.Validation.cs",163,"SharpLink.Client","Method","Private","EnumerateRegisteredManifests",1,0,0,0,0,""
"src/SharpLink.Client/ClientAssemblyRegistry.Validation.cs",171,"SharpLink.Client","Method","Private","FindManifest",1,0,0,0,0,""
"src/SharpLink.Client/ClientAssemblyRegistry.Validation.cs",174,"SharpLink.Client","Method","Private","IsAssemblyRegistered",3,0,0,0,0,""
"src/SharpLink.Client/ClientAssemblyRegistry.Validation.cs",178,"SharpLink.Client","Method","Private","GetDynamicAssembliesForShutdown",1,0,0,0,0,""
"src/SharpLink.Client/ClientAssemblyRegistry.Validation.cs",197,"SharpLink.Client","Method","Private","EnsureNoDynamicDependants",1,0,0,0,0,""
"src/SharpLink.Client/ClientAssemblyRegistry.Validation.cs",210,"SharpLink.Client","Method","Private","WaitForUnregisterAsync",2,0,0,0,0,""
"src/SharpLink.Client/ClientAssemblyRegistry.Validation.cs",216,"SharpLink.Client","Method","Private","WaitForReplacementAsync",1,0,0,0,0,""
"src/SharpLink.Client/ClientAssemblyRegistry.Validation.cs",225,"SharpLink.Client","Method","Private","ThrowAfterAssemblyRollback",2,0,0,0,0,""
"src/SharpLink.Client/ClientAssemblyRegistry.Validation.cs",244,"SharpLink.Client","Method","Private","Failure",15,0,0,0,0,""
"src/SharpLink.Client/ClientAssemblyRegistry.Validation.cs",248,"SharpLink.Client","Method","Private","CreateError",16,0,0,0,0,""
"src/SharpLink.Client/ClientAssemblyRegistry.Validation.cs",262,"SharpLink.Client","Method","Private","Conflict",1,0,0,0,0,""
"src/SharpLink.Client/ClientAssemblyRegistry.Validation.cs",279,"SharpLink.Client","NamedType","Private","global::SharpLink.Client.ClientAssemblyRegistry.RegistrationCandidate",4,0,0,0,0,""
"src/SharpLink.Client/ClientBuildPlan.cs",4,"SharpLink.Client","NamedType","Internal","global::SharpLink.Client.ClientTopologyKind",10,0,0,0,0,""
"src/SharpLink.Client/ClientBuildPlan.cs",6,"SharpLink.Client","Field","Public","FixedTransport",2,0,0,0,0,"Enum/protocol identity"
"src/SharpLink.Client/ClientBuildPlan.cs",7,"SharpLink.Client","Field","Public","StaticEndpoints",2,0,0,0,0,"Enum/protocol identity"
"src/SharpLink.Client/ClientBuildPlan.cs",8,"SharpLink.Client","Field","Public","DynamicResolver",3,0,0,0,0,"Enum/protocol identity"
"src/SharpLink.Client/ClientBuildPlan.cs",12,"SharpLink.Client","NamedType","Internal","global::SharpLink.Client.ClientTopologyDraft",8,0,0,0,0,""
"src/SharpLink.Client/ClientBuildPlan.cs",14,"SharpLink.Client","Property","Internal","Kind",18,10,11,0,0,"Virtual dispatch"
"src/SharpLink.Client/ClientBuildPlan.cs",17,"SharpLink.Client","NamedType","Internal","global::SharpLink.Client.FixedTransportTopologyDraft",4,0,0,0,0,""
"src/SharpLink.Client/ClientBuildPlan.cs",19,"SharpLink.Client","Property","Internal","Transport",2,4,3,0,0,""
"src/SharpLink.Client/ClientBuildPlan.cs",23,"SharpLink.Client","NamedType","Internal","global::SharpLink.Client.StaticEndpointsTopologyDraft",3,0,0,0,0,""
"src/SharpLink.Client/ClientBuildPlan.cs",27,"SharpLink.Client","Property","Internal","Endpoints",5,4,13,0,0,""
"src/SharpLink.Client/ClientBuildPlan.cs",28,"SharpLink.Client","Property","Internal","TransportFactory",22,0,1,0,0,""
"src/SharpLink.Client/ClientBuildPlan.cs",32,"SharpLink.Client","NamedType","Internal","global::SharpLink.Client.DynamicResolverTopologyDraft",4,0,0,0,0,""
"src/SharpLink.Client/ClientBuildPlan.cs",36,"SharpLink.Client","Property","Internal","Resolver",2,0,0,0,0,""
"src/SharpLink.Client/ClientBuildPlan.cs",42,"SharpLink.Client","NamedType","Internal","global::SharpLink.Client.ClientTopologyPlan",8,0,0,0,0,""
"src/SharpLink.Client/ClientBuildPlan.cs",47,"SharpLink.Client","NamedType","Internal","global::SharpLink.Client.FixedTransportTopologyPlan",4,0,0,0,0,""
"src/SharpLink.Client/ClientBuildPlan.cs",52,"SharpLink.Client","NamedType","Internal","global::SharpLink.Client.StaticEndpointsTopologyPlan",8,0,0,0,0,""
"src/SharpLink.Client/ClientBuildPlan.cs",54,"SharpLink.Client","Field","Private","_endpoints",41,0,0,0,0,""
"src/SharpLink.Client/ClientBuildPlan.cs",56,"SharpLink.Client","Method","Internal","StaticEndpointsTopologyPlan",1,0,0,0,0,"Constructor/activation"
"src/SharpLink.Client/ClientBuildPlan.cs",68,"SharpLink.Client","Property","Internal","EndpointCount",8,0,0,0,0,""
"src/SharpLink.Client/ClientBuildPlan.cs",70,"SharpLink.Client","Property","Internal","this",2,1,0,0,0,""
"src/SharpLink.Client/ClientBuildPlan.cs",75,"SharpLink.Client","NamedType","Internal","global::SharpLink.Client.DynamicResolverTopologyPlan",5,0,0,0,0,""
"src/SharpLink.Client/ClientBuildPlan.cs",87,"SharpLink.Client","NamedType","Internal","global::SharpLink.Client.ClientRuntimeResources",9,0,0,0,0,""
"src/SharpLink.Client/ClientBuildPlan.cs",89,"SharpLink.Client","Field","Private","_state",50,0,0,0,0,""
"src/SharpLink.Client/ClientBuildPlan.cs",91,"SharpLink.Client","Method","Internal","ClientRuntimeResources",3,0,0,0,0,"Constructor/activation"
"src/SharpLink.Client/ClientBuildPlan.cs",100,"SharpLink.Client","Property","Internal","DirectTransport",8,0,0,0,0,""
"src/SharpLink.Client/ClientBuildPlan.cs",103,"SharpLink.Client","Property","Internal","DynamicResolver",6,0,0,0,0,""
"src/SharpLink.Client/ClientBuildPlan.cs",105,"SharpLink.Client","Method","Internal","RegisterWith",1,0,0,0,0,""
"src/SharpLink.Client/ClientBuildPlan.cs",125,"SharpLink.Client","Method","Internal","MarkTransferred",1,0,0,0,0,""
"src/SharpLink.Client/ClientBuildPlan.cs",131,"SharpLink.Client","Method","Internal","MarkRolledBack",1,0,0,0,0,""
"src/SharpLink.Client/ClientBuildPlan.cs",137,"SharpLink.Client","Method","Internal","DisposeUnmaterialized",1,0,0,0,0,""
"src/SharpLink.Client/ClientBuildPlan.cs",160,"SharpLink.Client","Method","Private","EnsurePending",1,0,0,0,0,""
"src/SharpLink.Client/ClientBuildPlan.cs",168,"SharpLink.Client","NamedType","Internal","global::SharpLink.Client.ClientBuildPlan",23,0,7,0,0,""
"src/SharpLink.Client/ClientBuildPlan.cs",170,"SharpLink.Client","Field","Private","_interceptors",10,0,0,0,0,""
"src/SharpLink.Client/ClientBuildPlan.cs",171,"SharpLink.Client","Field","Private","_materializationState",2,0,0,0,0,""
"src/SharpLink.Client/ClientBuildPlan.cs",173,"SharpLink.Client","Method","Internal","ClientBuildPlan",1,0,0,0,0,"Constructor/activation"
"src/SharpLink.Client/ClientBuildPlan.cs",237,"SharpLink.Client","Property","Internal","Topology",7,4,31,0,0,""
"src/SharpLink.Client/ClientBuildPlan.cs",238,"SharpLink.Client","Property","Internal","Resources",8,8,17,0,0,""
"src/SharpLink.Client/ClientBuildPlan.cs",239,"SharpLink.Client","Property","Internal","RuntimeContext",9,0,16,0,0,""
"src/SharpLink.Client/ClientBuildPlan.cs",240,"SharpLink.Client","Property","Internal","RequestCompressionPolicy",6,0,0,0,0,""
"src/SharpLink.Client/ClientBuildPlan.cs",241,"SharpLink.Client","Property","Internal","BeforeReadyPublicationTestHook",4,0,0,0,0,""
"src/SharpLink.Client/ClientBuildPlan.cs",242,"SharpLink.Client","Property","Internal","HeartbeatInterval",4,0,0,0,0,""
"src/SharpLink.Client/ClientBuildPlan.cs",243,"SharpLink.Client","Property","Internal","HeartbeatTimeout",4,0,0,0,0,""
"src/SharpLink.Client/ClientBuildPlan.cs",244,"SharpLink.Client","Property","Internal","RequestTimeout",4,4,0,0,0,""
"src/SharpLink.Client/ClientBuildPlan.cs",245,"SharpLink.Client","Property","Internal","RequestTimeoutSource",4,0,0,0,0,""
"src/SharpLink.Client/ClientBuildPlan.cs",246,"SharpLink.Client","Property","Internal","RpcSessionFlushOptions",4,0,0,0,0,""
"src/SharpLink.Client/ClientBuildPlan.cs",247,"SharpLink.Client","Property","Internal","ConnectionPool",5,0,0,0,0,""
"src/SharpLink.Client/ClientBuildPlan.cs",248,"SharpLink.Client","Property","Internal","Cluster",8,0,0,0,0,""
"src/SharpLink.Client/ClientBuildPlan.cs",249,"SharpLink.Client","Property","Internal","LoadBalancingStrategy",6,0,0,0,0,""
"src/SharpLink.Client/ClientBuildPlan.cs",250,"SharpLink.Client","Property","Internal","EndpointSelector",6,0,0,0,0,""
"src/SharpLink.Client/ClientBuildPlan.cs",251,"SharpLink.Client","Property","Internal","Retry",2,4,0,0,0,""
"src/SharpLink.Client/ClientBuildPlan.cs",252,"SharpLink.Client","Property","Internal","RetryPolicy",4,0,0,0,0,""
"src/SharpLink.Client/ClientBuildPlan.cs",253,"SharpLink.Client","Property","Internal","CircuitBreaker",2,4,0,0,0,""
"src/SharpLink.Client/ClientBuildPlan.cs",254,"SharpLink.Client","Property","Internal","EndpointAdmissionPolicy",4,0,0,0,0,""
"src/SharpLink.Client/ClientBuildPlan.cs",255,"SharpLink.Client","Property","Internal","Authenticator",4,0,0,0,0,""
"src/SharpLink.Client/ClientBuildPlan.cs",256,"SharpLink.Client","Property","Internal","LoggerFactory",2,0,0,0,0,""
"src/SharpLink.Client/ClientBuildPlan.cs",257,"SharpLink.Client","Property","Internal","ReconnectPolicy",5,0,0,0,0,""
"src/SharpLink.Client/ClientBuildPlan.cs",258,"SharpLink.Client","Property","Internal","ReconnectJitter",4,0,0,0,0,""
"src/SharpLink.Client/ClientBuildPlan.cs",260,"SharpLink.Client","Property","Internal","MaximumConnections",4,0,0,0,0,""
"src/SharpLink.Client/ClientBuildPlan.cs",271,"SharpLink.Client","Method","Internal","CreateInterceptorSnapshot",3,0,0,0,0,""
"src/SharpLink.Client/ClientBuildPlan.cs",274,"SharpLink.Client","Method","Internal","CreateStaticManifestSnapshot",1,0,0,0,0,""
"src/SharpLink.Client/ClientBuildPlan.cs",277,"SharpLink.Client","Method","Internal","BeginMaterialization",1,0,0,0,0,""
"src/SharpLink.Client/ClientBuildPlan.cs",283,"SharpLink.Client","Method","Internal","MarkDiscarded",1,0,0,0,0,""
"src/SharpLink.Client/ClientBuildPlan.cs",290,"SharpLink.Client","NamedType","Internal","global::SharpLink.Client.ClientConnectionPoolPlan",6,0,0,0,0,""
"src/SharpLink.Client/ClientBuildPlan.cs",292,"SharpLink.Client","Method","Internal","CreateOptions",6,0,0,0,0,""
"src/SharpLink.Client/ClientBuildPlan.cs",300,"SharpLink.Client","NamedType","Internal","global::SharpLink.Client.ClientClusterPlan",7,0,0,0,0,""
"src/SharpLink.Client/ClientBuildPlan.cs",318,"SharpLink.Client","NamedType","Internal","global::SharpLink.Client.ClientRetryPlan",4,0,0,0,0,""
"src/SharpLink.Client/ClientBuildPlan.cs",334,"SharpLink.Client","NamedType","Internal","global::SharpLink.Client.ClientCircuitBreakerPlan",4,0,0,0,0,""
"src/SharpLink.Client/ClientConnection.cs",3,"SharpLink.Client","NamedType","Internal","global::SharpLink.Client.ClientConnectionState",28,0,31,0,0,""
"src/SharpLink.Client/ClientConnection.cs",5,"SharpLink.Client","Field","Public","Ready",15,0,13,0,0,"Enum/protocol identity"
"src/SharpLink.Client/ClientConnection.cs",6,"SharpLink.Client","Field","Public","Draining",10,0,9,0,0,"Enum/protocol identity"
"src/SharpLink.Client/ClientConnection.cs",7,"SharpLink.Client","Field","Public","Closed",7,0,12,0,0,"Enum/protocol identity"
"src/SharpLink.Client/ClientConnection.cs",11,"SharpLink.Client","NamedType","Internal","global::SharpLink.Client.ClientConnection",202,0,147,0,0,""
"src/SharpLink.Client/ClientConnection.cs",20,"SharpLink.Client","Field","Private","_sessionRefreshCommitGate",2,0,0,0,0,""
"src/SharpLink.Client/ClientConnection.cs",21,"SharpLink.Client","Field","Private","_sessionRefreshCommitCompleted",2,0,0,0,0,""
"src/SharpLink.Client/ClientConnection.cs",23,"SharpLink.Client","Field","Private","_client",274,0,0,0,0,""
"src/SharpLink.Client/ClientConnection.cs",24,"SharpLink.Client","Field","Private","_timeProvider",62,0,0,0,0,""
"src/SharpLink.Client/ClientConnection.cs",25,"SharpLink.Client","Field","Private","_cancellation",4,0,0,0,0,""
"src/SharpLink.Client/ClientConnection.cs",26,"SharpLink.Client","Field","Private","_consumerAbandonedCallback",2,0,0,0,0,""
"src/SharpLink.Client/ClientConnection.cs",27,"SharpLink.Client","Field","Private","_lateResponseLogLimiter",2,0,0,0,0,""
"src/SharpLink.Client/ClientConnection.cs",29,"SharpLink.Client","Field","Private","_auxiliaryActiveCallCount",4,0,0,0,0,""
"src/SharpLink.Client/ClientConnection.cs",30,"SharpLink.Client","Field","Private","_callAdmissionReservations",4,0,0,0,0,""
"src/SharpLink.Client/ClientConnection.cs",31,"SharpLink.Client","Field","Private","_fatalFailureObservedForAdmission",4,0,0,0,0,""
"src/SharpLink.Client/ClientConnection.cs",32,"SharpLink.Client","Field","Private","_plannedSessionRefreshRetirement",3,0,0,0,0,""
"src/SharpLink.Client/ClientConnection.cs",33,"SharpLink.Client","Field","Private","_sessionRefreshRedirect",6,0,0,0,0,""
"src/SharpLink.Client/ClientConnection.cs",34,"SharpLink.Client","Field","Private","_disposed",28,0,0,0,0,""
"src/SharpLink.Client/ClientConnection.cs",36,"SharpLink.Client","Method","Public","ClientConnection",6,0,17,0,0,"Constructor/activation"
"src/SharpLink.Client/ClientConnection.cs",61,"SharpLink.Client","Property","Public","Session",57,0,52,0,0,""
"src/SharpLink.Client/ClientConnection.cs",62,"SharpLink.Client","Property","Public","PendingCalls",51,0,36,0,0,""
"src/SharpLink.Client/ClientConnection.cs",63,"SharpLink.Client","Property","Public","EndpointId",6,0,0,0,0,""
"src/SharpLink.Client/ClientConnection.cs",64,"SharpLink.Client","Property","Public","EndpointGeneration",6,0,0,0,0,""
"src/SharpLink.Client/ClientConnection.cs",66,"SharpLink.Client","Property","Public","State",58,8,78,0,0,""
"src/SharpLink.Client/ClientConnection.cs",69,"SharpLink.Client","Property","Public","CanAcceptCalls",28,4,11,0,0,""
"src/SharpLink.Client/ClientConnection.cs",74,"SharpLink.Client","Property","Public","ActiveCallCount",36,0,18,0,0,""
"src/SharpLink.Client/ClientConnection.cs",77,"SharpLink.Client","Property","Internal","CallAdmissionReservationCount",3,0,5,0,0,""
"src/SharpLink.Client/ClientConnection.cs",79,"SharpLink.Client","Property","Internal","HasObservedFatalFailureForAdmission",1,0,7,0,0,""
"src/SharpLink.Client/ClientConnection.cs",82,"SharpLink.Client","Property","Internal","HasPlannedSessionRefreshRetirement",12,0,5,0,0,""
"src/SharpLink.Client/ClientConnection.cs",92,"SharpLink.Client","Method","Internal","TryReserveCallAdmission",5,0,5,0,0,""
"src/SharpLink.Client/ClientConnection.cs",129,"SharpLink.Client","Method","Internal","TryReserveSessionRefreshCommit",3,0,3,0,0,""
"src/SharpLink.Client/ClientConnection.cs",146,"SharpLink.Client","Method","Internal","TryCommitSessionRefreshRetirement",3,0,3,0,0,""
"src/SharpLink.Client/ClientConnection.cs",176,"SharpLink.Client","Method","Internal","ObserveFatalFailureForAdmission",6,0,3,0,0,""
"src/SharpLink.Client/ClientConnection.cs",190,"SharpLink.Client","Property","Private","IsOwnCallAdmissionOpen",3,0,0,0,0,""
"src/SharpLink.Client/ClientConnection.cs",202,"SharpLink.Client","Method","Private","TryReserveOwnCallAdmission",3,0,0,0,0,""
"src/SharpLink.Client/ClientConnection.cs",228,"SharpLink.Client","Method","Internal","ReleaseCallAdmissionReservation",23,0,7,0,0,""
"src/SharpLink.Client/ClientConnection.cs",248,"SharpLink.Client","Method","Private","GetOrCreateSessionRefreshRedirect",1,0,0,0,0,""
"src/SharpLink.Client/ClientConnection.cs",258,"SharpLink.Client","Method","Internal","CompletePlannedSessionRefreshRetirement",6,0,0,0,0,""
"src/SharpLink.Client/ClientConnection.cs",281,"SharpLink.Client","Property","Public","CancellationToken",5,0,1,0,0,""
"src/SharpLink.Client/ClientConnection.cs",283,"SharpLink.Client","Property","Public","ConsumerAbandonedCallback",1,0,0,0,0,""
"src/SharpLink.Client/ClientConnection.cs",289,"SharpLink.Client","Method","Internal","ShouldLogLateResponse",1,0,4,0,0,""
"src/SharpLink.Client/ClientConnection.cs",292,"SharpLink.Client","Method","Public","MarkDraining",8,0,3,0,0,""
"src/SharpLink.Client/ClientConnection.cs",307,"SharpLink.Client","Method","Public","Fail",7,0,1,0,0,""
"src/SharpLink.Client/ClientConnection.cs",335,"SharpLink.Client","Method","Public","TryBeginUntrackedCall",1,0,9,0,0,""
"src/SharpLink.Client/ClientConnection.cs",349,"SharpLink.Client","Method","Public","EndUntrackedCall",1,0,13,0,0,""
"src/SharpLink.Client/ClientConnection.cs",351,"SharpLink.Client","Method","Public","SendClientStreamAsync<T>",1,0,3,0,0,""
"src/SharpLink.Client/ClientConnection.cs",435,"SharpLink.Client","Method","Public","OnConsumerAbandonedAsync",1,0,2,0,0,""
"src/SharpLink.Client/ClientConnection.cs",456,"SharpLink.Client","Method","Private","OnPendingCallRegistered",1,0,0,0,0,"Interface implementation"
"src/SharpLink.Client/ClientConnection.cs",461,"SharpLink.Client","Method","Private","OnPendingCallCompleted",3,0,0,0,0,"Interface implementation"
"src/SharpLink.Client/ClientConnection.cs",541,"SharpLink.Client","Method","Private","OnProducerCancellationCallbackFailed",1,0,0,0,0,"Interface implementation"
"src/SharpLink.Client/ClientConnection.cs",544,"SharpLink.Client","Method","Private","OnPendingCallCapacityIdle",2,0,0,0,0,"Interface implementation"
"src/SharpLink.Client/ClientConnection.cs",550,"SharpLink.Client","Method","Private","FinishCancellationAfterDispatchesAsync",1,0,0,0,0,""
"src/SharpLink.Client/ClientConnection.cs",581,"SharpLink.Client","Method","Private","AwaitRemoteCompletionAndSendCancelAsync",1,0,0,0,0,""
"src/SharpLink.Client/ClientConnection.cs",598,"SharpLink.Client","Method","Public","DisposeAsync",8,0,18,0,0,"Entrypoint/lifecycle"
"src/SharpLink.Client/ClientConnection.cs",611,"SharpLink.Client","Method","Private","ReleaseAuxiliaryActiveCall",4,0,0,0,0,""
"src/SharpLink.Client/ClientConnection.cs",623,"SharpLink.Client","Method","Private","GetCancelReason",2,0,0,0,0,""
"src/SharpLink.Client/ClientConnection.cs",639,"SharpLink.Client","Method","Internal","TrySendDeadlineCancel",1,0,0,0,0,""
"src/SharpLink.Client/ClientConnection.cs",642,"SharpLink.Client","Method","Private","TrySendCancel",5,0,0,0,0,""
"src/SharpLink.Client/ClientConnection.cs",657,"SharpLink.Client","NamedType","Internal","global::SharpLink.Client.SharpLinkClient",69,0,471,3,0,""
"src/SharpLink.Client/ClientConnection.cs",659,"SharpLink.Client","Method","Internal","ReportConnectionCancellationCallbackFailure",1,0,0,0,0,""
"src/SharpLink.Client/ClientConnection.cs",662,"SharpLink.Client","Method","Internal","ReportProducerCancellationCallbackFailure",1,0,0,0,0,""
"src/SharpLink.Client/ClientConnection.cs",666,"SharpLink.Client","NamedType","Internal","global::SharpLink.Client.LateResponseLogLimiter",2,0,3,0,0,""
"src/SharpLink.Client/ClientConnection.cs",668,"SharpLink.Client","Field","Private","_intervalTimestampTicks",4,0,0,0,0,""
"src/SharpLink.Client/ClientConnection.cs",669,"SharpLink.Client","Field","Private","_nextLogTimestamp",3,0,0,0,0,""
"src/SharpLink.Client/ClientConnection.cs",670,"SharpLink.Client","Field","Private","_suppressedCount",2,0,0,0,0,""
"src/SharpLink.Client/ClientConnection.cs",672,"SharpLink.Client","Method","Internal","LateResponseLogLimiter",1,0,3,0,0,"Constructor/activation"
"src/SharpLink.Client/ClientConnection.cs",683,"SharpLink.Client","Method","Internal","ShouldLog",1,0,8,0,0,""
"src/SharpLink.Client/ClientRequestTimeoutPolicy.cs",3,"SharpLink.Client","NamedType","Internal","global::SharpLink.Client.ClientRequestTimeoutPolicyState",5,0,0,0,0,""
"src/SharpLink.Client/ClientRequestTimeoutPolicy.cs",5,"SharpLink.Client","Field","Public","Unspecified",1,0,0,0,0,"Enum/protocol identity"
"src/SharpLink.Client/ClientRequestTimeoutPolicy.cs",6,"SharpLink.Client","Field","Public","Enabled",2,0,0,0,0,"Enum/protocol identity"
"src/SharpLink.Client/ClientRequestTimeoutPolicy.cs",7,"SharpLink.Client","Field","Public","Disabled",1,0,0,0,0,"Enum/protocol identity"
"src/SharpLink.Client/ClientRequestTimeoutPolicy.cs",10,"SharpLink.Client","NamedType","Internal","global::SharpLink.Client.ClientRequestTimeoutSource",19,0,7,0,0,""
"src/SharpLink.Client/ClientRequestTimeoutPolicy.cs",12,"SharpLink.Client","Field","Public","None",11,0,3,0,0,"Enum/protocol identity"
"src/SharpLink.Client/ClientRequestTimeoutPolicy.cs",13,"SharpLink.Client","Field","Public","Recommended",4,0,0,0,0,"Enum/protocol identity"
"src/SharpLink.Client/ClientRequestTimeoutPolicy.cs",14,"SharpLink.Client","Field","Public","Custom",7,0,6,0,0,"Enum/protocol identity"
"src/SharpLink.Client/ClientRequestTimeoutPolicy.cs",17,"SharpLink.Client","NamedType","Internal","global::SharpLink.Client.ClientRequestTimeoutPolicy",31,0,0,0,0,""
"src/SharpLink.Client/ClientRequestTimeoutPolicy.cs",22,"SharpLink.Client","Property","Internal","Unspecified",2,0,0,0,0,""
"src/SharpLink.Client/ClientRequestTimeoutPolicy.cs",24,"SharpLink.Client","Method","Internal","Recommended",3,0,0,0,0,""
"src/SharpLink.Client/ClientRequestTimeoutPolicy.cs",27,"SharpLink.Client","Method","Internal","Custom",5,0,0,0,0,""
"src/SharpLink.Client/ClientRequestTimeoutPolicy.cs",30,"SharpLink.Client","Property","Internal","Disabled",5,0,0,0,0,""
"src/SharpLink.Client/ClientRequestTimeoutPolicy.cs",33,"SharpLink.Client","Property","Internal","IsSpecified",4,0,0,0,0,""
"src/SharpLink.Client/ClientRequestTimeoutPolicy.cs",35,"SharpLink.Client","Property","Internal","HasTimeout",2,0,0,0,0,""
"src/SharpLink.Client/ClientRequestTimeoutPolicy.cs",37,"SharpLink.Client","Property","Internal","TimeoutOrNull",2,0,0,0,0,""
"src/SharpLink.Client/ClientRequestTimeoutPolicy.cs",39,"SharpLink.Client","Method","Private","CreateEnabled",2,0,0,0,0,""
"src/SharpLink.Client/ClientRequestTimeoutPolicy.cs",48,"SharpLink.Client","NamedType","Internal","global::SharpLink.Client.ClientCallLifetimeSource",22,0,2,0,0,""
"src/SharpLink.Client/ClientRequestTimeoutPolicy.cs",51,"SharpLink.Client","Field","Public","MethodTimeout",2,0,1,0,0,"Enum/protocol identity"
"src/SharpLink.Client/ClientRequestTimeoutPolicy.cs",52,"SharpLink.Client","Field","Public","ClientRecommendedTimeout",2,0,0,0,0,"Enum/protocol identity"
"src/SharpLink.Client/ClientRequestTimeoutPolicy.cs",53,"SharpLink.Client","Field","Public","ClientCustomTimeout",2,0,1,0,0,"Enum/protocol identity"
"src/SharpLink.Client/ClientRequestTimeoutPolicy.cs",54,"SharpLink.Client","Field","Public","InheritedTimeBudget",5,0,0,0,0,"Enum/protocol identity"
"src/SharpLink.Client/ClientRequestTimeoutPolicy.cs",59,"SharpLink.Client","Method","Internal","ToLifetimeSource",1,0,0,0,0,""
"src/SharpLink.Client/ClientRequestTimeoutPolicy.cs",67,"SharpLink.Client","Method","Internal","ToTelemetryValue",1,0,0,0,0,""
"src/SharpLink.Client/ClientRuntimeComposition.cs",8,"SharpLink.Client","NamedType","Internal","global::SharpLink.Client.ClientRuntimeTopologyComposition",6,0,0,0,0,""
"src/SharpLink.Client/ClientRuntimeComposition.cs",13,"SharpLink.Client","NamedType","Internal","global::SharpLink.Client.ClientReadinessConfiguration",8,0,0,0,0,""
"src/SharpLink.Client/ClientRuntimeComposition.cs",19,"SharpLink.Client","NamedType","Internal","global::SharpLink.Client.FixedClientRuntimeTopologyComposition",2,0,0,0,0,""
"src/SharpLink.Client/ClientRuntimeComposition.cs",22,"SharpLink.Client","Property","Internal","Endpoint",20,0,3,0,0,""
"src/SharpLink.Client/ClientRuntimeComposition.cs",26,"SharpLink.Client","NamedType","Internal","global::SharpLink.Client.StaticClientRuntimeTopologyComposition",3,0,0,0,0,""
"src/SharpLink.Client/ClientRuntimeComposition.cs",28,"SharpLink.Client","Field","Private","_endpointStates",4,0,0,0,0,""
"src/SharpLink.Client/ClientRuntimeComposition.cs",30,"SharpLink.Client","Method","Internal","StaticClientRuntimeTopologyComposition",1,0,0,0,0,"Constructor/activation"
"src/SharpLink.Client/ClientRuntimeComposition.cs",51,"SharpLink.Client","Property","Internal","ClusterOptions",3,0,0,0,0,""
"src/SharpLink.Client/ClientRuntimeComposition.cs",59,"SharpLink.Client","Property","Internal","EndpointStates",1,0,0,0,0,""
"src/SharpLink.Client/ClientRuntimeComposition.cs",67,"SharpLink.Client","NamedType","Internal","global::SharpLink.Client.StaticClientRuntimeEndpointState",45,0,16,0,0,""
"src/SharpLink.Client/ClientRuntimeComposition.cs",69,"SharpLink.Client","Field","Private","_readyConnectionCountProvider",4,0,0,0,0,""
"src/SharpLink.Client/ClientRuntimeComposition.cs",70,"SharpLink.Client","Field","Private","_activeCallCountProvider",4,0,0,0,0,""
"src/SharpLink.Client/ClientRuntimeComposition.cs",71,"SharpLink.Client","Field","Private","_readyConnections",12,0,0,0,0,""
"src/SharpLink.Client/ClientRuntimeComposition.cs",73,"SharpLink.Client","Method","Internal","StaticClientRuntimeEndpointState",1,0,3,0,0,"Constructor/activation"
"src/SharpLink.Client/ClientRuntimeComposition.cs",81,"SharpLink.Client","Property","Public","Configuration",38,4,1,0,0,""
"src/SharpLink.Client/ClientRuntimeComposition.cs",83,"SharpLink.Client","Property","Internal","Index",4,0,0,0,0,""
"src/SharpLink.Client/ClientRuntimeComposition.cs",85,"SharpLink.Client","Property","Internal","Connections",26,4,17,0,0,""
"src/SharpLink.Client/ClientRuntimeComposition.cs",87,"SharpLink.Client","Property","Public","ReadyConnections",41,8,13,0,0,""
"src/SharpLink.Client/ClientRuntimeComposition.cs",89,"SharpLink.Client","Property","Internal","ReadyConnectionCountProvider",5,0,0,0,0,""
"src/SharpLink.Client/ClientRuntimeComposition.cs",91,"SharpLink.Client","Property","Internal","ActiveCallCountProvider",5,0,0,0,0,""
"src/SharpLink.Client/ClientRuntimeComposition.cs",93,"SharpLink.Client","Property","Internal","ConnectingCount",24,0,2,0,0,""
"src/SharpLink.Client/ClientRuntimeComposition.cs",95,"SharpLink.Client","Property","Internal","ReconnectDelayTicks",8,0,0,0,0,""
"src/SharpLink.Client/ClientRuntimeComposition.cs",97,"SharpLink.Client","Property","Internal","ReadyTimestamp",6,0,2,0,0,""
"src/SharpLink.Client/ClientRuntimeComposition.cs",99,"SharpLink.Client","Property","Internal","HasReadyTimestamp",8,0,4,0,0,""
"src/SharpLink.Client/ClientRuntimeComposition.cs",101,"SharpLink.Client","Method","Internal","MarkReadyTimestamp",4,0,4,0,0,""
"src/SharpLink.Client/ClientRuntimeComposition.cs",109,"SharpLink.Client","Method","Internal","ClearReadyTimestamp",2,0,2,0,0,""
"src/SharpLink.Client/ClientRuntimeComposition.cs",115,"SharpLink.Client","Property","Public","ReconnectTask",14,0,0,0,0,""
"src/SharpLink.Client/ClientRuntimeComposition.cs",117,"SharpLink.Client","Property","Internal","ExpansionTask",6,0,0,0,0,""
"src/SharpLink.Client/ClientRuntimeComposition.cs",119,"SharpLink.Client","Property","Internal","NonRetiringConnectionCount",5,0,0,0,0,""
"src/SharpLink.Client/ClientRuntimeComposition.cs",133,"SharpLink.Client","Method","Internal","PublishReadyConnections",4,0,14,0,0,""
"src/SharpLink.Client/ClientRuntimeComposition.cs",142,"SharpLink.Client","Method","Private","GetReadyConnectionCount",2,0,0,0,0,""
"src/SharpLink.Client/ClientRuntimeComposition.cs",144,"SharpLink.Client","Method","Private","GetActiveCallCount",4,0,0,0,0,""
"src/SharpLink.Client/ClientRuntimeComposition.cs",155,"SharpLink.Client","NamedType","Internal","global::SharpLink.Client.DynamicClientRuntimeTopologyComposition",3,0,0,0,0,""
"src/SharpLink.Client/ClientRuntimeComposition.cs",179,"SharpLink.Client","NamedType","Internal","global::SharpLink.Client.ClientRuntimeComposition",2,0,0,0,0,""
"src/SharpLink.Client/ClientRuntimeComposition.cs",184,"SharpLink.Client","Method","Internal","ClientRuntimeComposition",1,0,0,0,0,"Constructor/activation"
"src/SharpLink.Client/ClientRuntimeComposition.cs",266,"SharpLink.Client","Property","Internal","Readiness",8,4,5,0,0,""
"src/SharpLink.Client/ClientRuntimeComposition.cs",274,"SharpLink.Client","Property","Internal","StaticProxies",2,0,0,0,0,""
"src/SharpLink.Client/ClientRuntimeComposition.cs",280,"SharpLink.Client","Property","Internal","HasRequestTimeout",2,0,0,0,0,""
"src/SharpLink.Client/ClientRuntimeComposition.cs",288,"SharpLink.Client","Property","Internal","ProtocolOptions",2,0,0,0,0,""
"src/SharpLink.Client/ClientRuntimeComposition.cs",292,"SharpLink.Client","Property","Internal","ConnectionPoolOptions",2,0,0,0,0,""
"src/SharpLink.Client/ClientRuntimeComposition.cs",294,"SharpLink.Client","Property","Internal","RetryOptions",2,0,0,0,0,""
"src/SharpLink.Client/ClientRuntimeComposition.cs",304,"SharpLink.Client","Property","Internal","Logger",2,0,0,0,0,""
"src/SharpLink.Client/ClientRuntimeComposition.cs",306,"SharpLink.Client","Property","Internal","FrameworkTasks",2,0,0,0,0,""
"src/SharpLink.Client/ClientRuntimeComposition.cs",308,"SharpLink.Client","Property","Internal","StaticManifests",3,0,1,0,0,""
"src/SharpLink.Client/ClientRuntimeComposition.cs",310,"SharpLink.Client","Property","Internal","Interceptors",1,0,0,0,0,""
"src/SharpLink.Client/ClientRuntimeMaterializer.cs",7,"SharpLink.Client","NamedType","Internal","global::SharpLink.Client.ClientRuntimeMaterializer",1,0,0,0,0,""
"src/SharpLink.Client/ClientRuntimeMaterializer.cs",9,"SharpLink.Client","Method","Internal","Materialize",3,0,0,0,0,""
"src/SharpLink.Client/ClientRuntimeMaterializer.cs",43,"SharpLink.Client","Method","Private","MaterializeClient",1,0,0,0,0,""
"src/SharpLink.Client/ClientRuntimeMaterializer.cs",126,"SharpLink.Client","Method","Private","CreateFixedClient",2,0,0,0,0,""
"src/SharpLink.Client/ClientRuntimeMaterializer.cs",139,"SharpLink.Client","Method","Private","CreateClusterClient",1,0,0,0,0,""
"src/SharpLink.Client/ClientRuntimeMaterializer.cs",155,"SharpLink.Client","Method","Private","CreateDynamicClusterClient",1,0,0,0,0,""
"src/SharpLink.Client/ClientRuntimeMaterializer.cs",173,"SharpLink.Client","Method","Private","CreateClient",3,0,0,0,0,""
"src/SharpLink.Client/ClientRuntimeMaterializer.cs",212,"SharpLink.Client","Method","Private","CreateReadinessConfiguration",1,0,0,0,0,""
"src/SharpLink.Client/ClientRuntimeMaterializer.cs",232,"SharpLink.Client","Method","Private","CreateStaticReadinessConfiguration",1,0,0,0,0,""
"src/SharpLink.Client/ClientRuntimeMaterializer.cs",240,"SharpLink.Client","Method","Private","CreateDefaultConnectionPoolOptions",2,0,0,0,0,""
"src/SharpLink.Client/ClientRuntimeMaterializer.cs",243,"SharpLink.Client","Method","Private","CreateEndpointAdmissionPolicy",1,0,0,0,0,""
"src/SharpLink.Client/ClientRuntimeMaterializer.cs",250,"SharpLink.Client","Method","Private","CreateBuildTransportFactory",2,0,0,0,0,""
"src/SharpLink.Client/DynamicClusterConnectionState.cs",10,"SharpLink.Client","NamedType","Internal","global::SharpLink.Client.SharpLinkClient.DynamicClusterConnectionState",4,0,8,0,0,""
"src/SharpLink.Client/DynamicClusterConnectionState.cs",12,"SharpLink.Client","Field","Private","_connectionsByEndpoint",17,0,0,0,0,""
"src/SharpLink.Client/DynamicClusterConnectionState.cs",13,"SharpLink.Client","Field","Private","_retiringConnections",14,0,0,0,0,""
"src/SharpLink.Client/DynamicClusterConnectionState.cs",15,"SharpLink.Client","Property","Public","RetiringConnectionCount",2,0,6,0,0,""
"src/SharpLink.Client/DynamicClusterConnectionState.cs",17,"SharpLink.Client","Method","Public","Add",4,0,11,0,0,""
"src/SharpLink.Client/DynamicClusterConnectionState.cs",43,"SharpLink.Client","Method","Public","Remove",9,0,0,0,0,""
"src/SharpLink.Client/DynamicClusterConnectionState.cs",55,"SharpLink.Client","Method","Public","FindEndpoint",3,0,4,0,0,""
"src/SharpLink.Client/DynamicClusterConnectionState.cs",64,"SharpLink.Client","Method","Public","CountConnections",7,0,7,0,0,""
"src/SharpLink.Client/DynamicClusterConnectionState.cs",78,"SharpLink.Client","Method","Public","GetOwnedConnections",3,0,0,0,0,""
"src/SharpLink.Client/DynamicClusterConnectionState.cs",86,"SharpLink.Client","Method","Public","NonRetiringConnectionCount",5,0,0,0,0,""
"src/SharpLink.Client/DynamicClusterConnectionState.cs",98,"SharpLink.Client","Method","Public","TotalActiveConnections",2,0,0,0,0,""
"src/SharpLink.Client/DynamicClusterConnectionState.cs",107,"SharpLink.Client","Method","Public","IsRetiringBudgetExceeded",2,0,0,0,0,""
"src/SharpLink.Client/DynamicClusterConnectionState.cs",110,"SharpLink.Client","Method","Public","TryMarkDraining",1,0,2,0,0,""
"src/SharpLink.Client/DynamicClusterConnectionState.cs",136,"SharpLink.Client","Method","Public","TryRetireDrainingIfIdle",1,0,2,0,0,""
"src/SharpLink.Client/DynamicClusterConnectionState.cs",147,"SharpLink.Client","Method","Public","BeginEndpointRetirement",1,0,2,0,0,""
"src/SharpLink.Client/DynamicClusterConnectionState.cs",177,"SharpLink.Client","Method","Public","CanRelease",4,0,4,0,0,""
"src/SharpLink.Client/DynamicClusterConnectionState.cs",184,"SharpLink.Client","Method","Public","ReleaseEndpoint",1,0,3,0,0,""
"src/SharpLink.Client/DynamicClusterConnectionState.cs",214,"SharpLink.Client","Method","Public","CaptureReadyConnections",5,0,0,0,0,""
"src/SharpLink.Client/DynamicClusterConnectionState.cs",228,"SharpLink.Client","Method","Public","DetachAll",1,0,2,0,0,""
"src/SharpLink.Client/DynamicClusterReconnectCoordinator.cs",9,"SharpLink.Client","NamedType","Private","global::SharpLink.Client.SharpLinkClient.DynamicClusterReconnectCoordinator",2,0,0,0,0,""
"src/SharpLink.Client/DynamicClusterReconnectCoordinator.cs",13,"SharpLink.Client","Field","Private","_options",55,0,0,0,0,""
"src/SharpLink.Client/DynamicClusterReconnectCoordinator.cs",14,"SharpLink.Client","Field","Private","_current",59,0,0,0,0,""
"src/SharpLink.Client/DynamicClusterReconnectCoordinator.cs",15,"SharpLink.Client","Field","Private","_connections",58,0,0,0,0,""
"src/SharpLink.Client/DynamicClusterReconnectCoordinator.cs",16,"SharpLink.Client","Field","Private","_isStopping",4,0,0,0,0,""
"src/SharpLink.Client/DynamicClusterReconnectCoordinator.cs",17,"SharpLink.Client","Field","Private","_connectOneAsync",2,0,0,0,0,""
"src/SharpLink.Client/DynamicClusterReconnectCoordinator.cs",18,"SharpLink.Client","Field","Private","_trackTask",2,0,0,0,0,""
"src/SharpLink.Client/DynamicClusterReconnectCoordinator.cs",19,"SharpLink.Client","Field","Private","_reconnectCursor",2,0,0,0,0,""
"src/SharpLink.Client/DynamicClusterReconnectCoordinator.cs",21,"SharpLink.Client","Method","Public","DynamicClusterReconnectCoordinator",1,0,0,0,0,"Constructor/activation"
"src/SharpLink.Client/DynamicClusterReconnectCoordinator.cs",41,"SharpLink.Client","Method","Public","EnsureMinimumReadyEndpoints",23,0,0,0,0,""
"src/SharpLink.Client/DynamicClusterReconnectCoordinator.cs",80,"SharpLink.Client","Method","Public","EnsureReconnect",14,0,0,0,0,""
"src/SharpLink.Client/DynamicClusterReconnectCoordinator.cs",99,"SharpLink.Client","Method","Private","ReconnectAsync",2,0,0,0,0,""
"src/SharpLink.Client/DynamicClusterReconnectCoordinator.cs",177,"SharpLink.Client","Method","Private","NeedsReconnectLocked",6,0,0,0,0,""
"src/SharpLink.Client/DynamicClusterReconnectCoordinator.cs",185,"SharpLink.Client","Method","Private","TotalActiveConnectionsLocked",4,0,0,0,0,""
"src/SharpLink.Client/DynamicClusterRuntimeLifecycle.cs",9,"SharpLink.Client","NamedType","Private","global::SharpLink.Client.SharpLinkClient.DynamicClusterRuntimeLifecycle",5,0,0,0,0,""
"src/SharpLink.Client/DynamicClusterRuntimeLifecycle.cs",12,"SharpLink.Client","Field","Private","_resolver",7,0,0,0,0,""
"src/SharpLink.Client/DynamicClusterRuntimeLifecycle.cs",14,"SharpLink.Client","Field","Private","_applySnapshotAsync",3,0,0,0,0,""
"src/SharpLink.Client/DynamicClusterRuntimeLifecycle.cs",15,"SharpLink.Client","Field","Private","_updateClientReadiness",3,0,0,0,0,""
"src/SharpLink.Client/DynamicClusterRuntimeLifecycle.cs",16,"SharpLink.Client","Field","Private","_connectTask",26,0,0,0,0,""
"src/SharpLink.Client/DynamicClusterRuntimeLifecycle.cs",17,"SharpLink.Client","Field","Private","_resolverTask",4,0,0,0,0,""
"src/SharpLink.Client/DynamicClusterRuntimeLifecycle.cs",18,"SharpLink.Client","Field","Private","_stopTask",11,0,0,0,0,""
"src/SharpLink.Client/DynamicClusterRuntimeLifecycle.cs",19,"SharpLink.Client","Field","Private","_stopping",25,0,0,0,0,""
"src/SharpLink.Client/DynamicClusterRuntimeLifecycle.cs",20,"SharpLink.Client","Field","Private","_resolverDisposed",1,0,0,0,0,""
"src/SharpLink.Client/DynamicClusterRuntimeLifecycle.cs",21,"SharpLink.Client","Field","Private","_stoppedFactories",2,0,0,0,0,""
"src/SharpLink.Client/DynamicClusterRuntimeLifecycle.cs",23,"SharpLink.Client","Method","Public","DynamicClusterRuntimeLifecycle",1,0,0,0,0,"Constructor/activation"
"src/SharpLink.Client/DynamicClusterRuntimeLifecycle.cs",37,"SharpLink.Client","Property","Public","IsStopping",26,0,0,0,0,""
"src/SharpLink.Client/DynamicClusterRuntimeLifecycle.cs",39,"SharpLink.Client","Method","Public","BeginStop",2,0,0,0,0,""
"src/SharpLink.Client/DynamicClusterRuntimeLifecycle.cs",45,"SharpLink.Client","Method","Public","ConnectAsync",6,0,171,0,0,""
"src/SharpLink.Client/DynamicClusterRuntimeLifecycle.cs",95,"SharpLink.Client","Method","Public","StartResolverWorker",2,0,0,0,0,""
"src/SharpLink.Client/DynamicClusterRuntimeLifecycle.cs",106,"SharpLink.Client","Method","Public","TrackTask",13,0,0,0,0,""
"src/SharpLink.Client/DynamicClusterRuntimeLifecycle.cs",112,"SharpLink.Client","Method","Public","StopAsync",4,0,65,0,0,""
"src/SharpLink.Client/DynamicClusterRuntimeLifecycle.cs",123,"SharpLink.Client","Method","Public","DisposeResourcesAsync",2,0,0,0,0,""
"src/SharpLink.Client/DynamicClusterRuntimeLifecycle.cs",135,"SharpLink.Client","Method","Public","DisposeConnectionAsync",5,0,0,0,0,""
"src/SharpLink.Client/DynamicClusterRuntimeLifecycle.cs",141,"SharpLink.Client","Method","Public","DisposeFactoryQuietlyAsync",3,0,0,0,0,""
"src/SharpLink.Client/DynamicClusterRuntimeLifecycle.cs",147,"SharpLink.Client","Method","Public","DisposeCreatedFactoriesAsync",2,0,0,0,0,""
"src/SharpLink.Client/DynamicClusterRuntimeLifecycle.cs",169,"SharpLink.Client","Method","Private","RunResolverWorkerAsync",1,0,0,0,0,""
"src/SharpLink.Client/DynamicClusterRuntimeLifecycle.cs",237,"SharpLink.Client","Method","Private","DelayResolverRetryAsync",2,0,0,0,0,""
"src/SharpLink.Client/DynamicClusterRuntimeLifecycle.cs",246,"SharpLink.Client","Method","Private","StopCoreAsync",4,0,0,0,0,""
"src/SharpLink.Client/DynamicClusterRuntimeLifecycle.cs",273,"SharpLink.Client","Method","Private","ThrowCleanupFailures",4,0,0,0,0,""
"src/SharpLink.Client/DynamicClusterRuntimeLifecycle.cs",283,"SharpLink.Client","NamedType","Private","global::SharpLink.Client.SharpLinkClient.DynamicClusterStopSnapshot",5,0,0,0,0,""
"src/SharpLink.Client/DynamicClusterTopologyState.cs",10,"SharpLink.Client","NamedType","Private","global::SharpLink.Client.SharpLinkClient.DynamicClusterTopologyState",6,0,0,0,0,""
"src/SharpLink.Client/DynamicClusterTopologyState.cs",12,"SharpLink.Client","Field","Private","_selectionPolicy",12,0,0,0,0,""
"src/SharpLink.Client/DynamicClusterTopologyState.cs",13,"SharpLink.Client","Field","Private","_currentById",5,0,0,0,0,""
"src/SharpLink.Client/DynamicClusterTopologyState.cs",14,"SharpLink.Client","Field","Private","_allStates",6,0,0,0,0,""
"src/SharpLink.Client/DynamicClusterTopologyState.cs",16,"SharpLink.Client","Field","Private","_readyEndpoints",11,0,0,0,0,""
"src/SharpLink.Client/DynamicClusterTopologyState.cs",17,"SharpLink.Client","Field","Private","_selectionSnapshot",6,0,0,0,0,""
"src/SharpLink.Client/DynamicClusterTopologyState.cs",18,"SharpLink.Client","Field","Private","_lastAcceptedVersion",3,0,0,0,0,""
"src/SharpLink.Client/DynamicClusterTopologyState.cs",19,"SharpLink.Client","Field","Private","_nextGeneration",1,0,0,0,0,""
"src/SharpLink.Client/DynamicClusterTopologyState.cs",20,"SharpLink.Client","Field","Private","_roundRobinCursor",2,0,0,0,0,""
"src/SharpLink.Client/DynamicClusterTopologyState.cs",21,"SharpLink.Client","Field","Private","_leastPendingCursor",2,0,0,0,0,""
"src/SharpLink.Client/DynamicClusterTopologyState.cs",23,"SharpLink.Client","Method","Public","DynamicClusterTopologyState",1,0,0,0,0,"Constructor/activation"
"src/SharpLink.Client/DynamicClusterTopologyState.cs",30,"SharpLink.Client","Property","Public","Current",12,0,5,0,0,""
"src/SharpLink.Client/DynamicClusterTopologyState.cs",31,"SharpLink.Client","Property","Public","States",7,0,0,0,0,""
"src/SharpLink.Client/DynamicClusterTopologyState.cs",32,"SharpLink.Client","Property","Public","LastAcceptedVersion",2,0,0,0,0,""
"src/SharpLink.Client/DynamicClusterTopologyState.cs",33,"SharpLink.Client","Property","Public","ReadyEndpointCount",6,0,1,0,0,""
"src/SharpLink.Client/DynamicClusterTopologyState.cs",34,"SharpLink.Client","Property","Public","SelectionSnapshot",2,0,7,0,0,""
"src/SharpLink.Client/DynamicClusterTopologyState.cs",35,"SharpLink.Client","Property","Public","HasAcceptedEmptyTopology",2,0,0,0,0,""
"src/SharpLink.Client/DynamicClusterTopologyState.cs",37,"SharpLink.Client","Method","Public","CaptureSelectionPolicy",2,0,5,0,0,""
"src/SharpLink.Client/DynamicClusterTopologyState.cs",41,"SharpLink.Client","Method","Public","GetEndpointSelectionPolicySnapshot",4,0,15,0,0,""
"src/SharpLink.Client/DynamicClusterTopologyState.cs",44,"SharpLink.Client","Method","Public","UpdateLoadBalancing",4,0,16,0,0,""
"src/SharpLink.Client/DynamicClusterTopologyState.cs",47,"SharpLink.Client","Method","Public","UpdateEndpointSelector",4,0,16,0,0,""
"src/SharpLink.Client/DynamicClusterTopologyState.cs",50,"SharpLink.Client","Method","Private","GetEnumerator",0,1,0,0,0,"Interface implementation"
"src/SharpLink.Client/DynamicClusterTopologyState.cs",53,"SharpLink.Client","Property","Public","ReadyConnectionCount",36,0,134,2,0,""
"src/SharpLink.Client/DynamicClusterTopologyState.cs",65,"SharpLink.Client","Method","Public","SnapshotCurrentById",1,0,0,0,0,""
"src/SharpLink.Client/DynamicClusterTopologyState.cs",68,"SharpLink.Client","Method","Public","CreateState",1,0,0,0,0,""
"src/SharpLink.Client/DynamicClusterTopologyState.cs",71,"SharpLink.Client","Method","Public","AddState",1,0,0,0,0,""
"src/SharpLink.Client/DynamicClusterTopologyState.cs",73,"SharpLink.Client","Method","Public","RemoveState",1,0,0,0,0,""
"src/SharpLink.Client/DynamicClusterTopologyState.cs",75,"SharpLink.Client","Method","Public","CommitCurrent",1,0,0,0,0,""
"src/SharpLink.Client/DynamicClusterTopologyState.cs",87,"SharpLink.Client","Method","Public","IsCurrent",2,0,0,0,0,""
"src/SharpLink.Client/DynamicClusterTopologyState.cs",91,"SharpLink.Client","Method","Public","CountActiveCurrentInitialDials",1,0,0,0,0,""
"src/SharpLink.Client/DynamicClusterTopologyState.cs",99,"SharpLink.Client","Method","Public","GetOwnedFactories",2,0,0,0,0,""
"src/SharpLink.Client/DynamicClusterTopologyState.cs",107,"SharpLink.Client","Method","Public","HasUniqueFactoryOwnership",1,0,0,0,0,""
"src/SharpLink.Client/DynamicClusterTopologyState.cs",118,"SharpLink.Client","Method","Public","PublishReadySnapshot",2,0,7,0,0,""
"src/SharpLink.Client/DynamicClusterTopologyState.cs",159,"SharpLink.Client","Method","Public","SelectEndpoint",5,0,10,0,0,""
"src/SharpLink.Client/DynamicClusterTopologyState.cs",193,"SharpLink.Client","Method","Public","SelectConnection",4,0,6,0,0,""
"src/SharpLink.Client/DynamicClusterTopologyState.cs",196,"SharpLink.Client","Method","Public","Clear",2,0,1,0,0,""
"src/SharpLink.Client/DynamicClusterTopologyState.cs",205,"SharpLink.Client","Method","Private","SelectPowerOfTwo",2,0,0,0,0,""
"src/SharpLink.Client/DynamicClusterTopologyState.cs",218,"SharpLink.Client","Method","Private","SelectRandom",6,0,0,0,0,""
"src/SharpLink.Client/DynamicClusterTopologyState.cs",222,"SharpLink.Client","Method","Private","SelectLeastPending",2,0,0,0,0,""
"src/SharpLink.Client/DynamicClusterTopologyState.cs",237,"SharpLink.Client","Method","Private","HasSameMembership",2,0,0,0,0,""
"src/SharpLink.Client/DynamicClusterTopologyState.cs",248,"SharpLink.Client","NamedType","Private","global::SharpLink.Client.SharpLinkClient.DynamicClusterReadinessSnapshot",3,0,0,0,0,""
"src/SharpLink.Client/DynamicClusterTopologyState.cs",254,"SharpLink.Client","NamedType","Internal","global::SharpLink.Client.SharpLinkClient.DynamicEndpointState",92,0,15,0,0,""
"src/SharpLink.Client/DynamicClusterTopologyState.cs",260,"SharpLink.Client","Method","Public","DynamicEndpointState",1,0,3,0,0,"Constructor/activation"
"src/SharpLink.Client/DynamicClusterTopologyState.cs",269,"SharpLink.Client","Property","Public","Generation",39,10,16,0,0,""
"src/SharpLink.Client/DynamicClusterTopologyState.cs",274,"SharpLink.Client","Property","Public","InitialDialReservations",3,0,0,0,0,""
"src/SharpLink.Client/DynamicClusterTopologyState.cs",278,"SharpLink.Client","Property","Public","Retiring",17,0,1,0,0,""
"src/SharpLink.Client/DynamicClusterTopologyState.cs",279,"SharpLink.Client","Property","Public","FactoryReleased",5,0,0,0,0,""
"src/SharpLink.Client/DynamicClusterTopologyState.cs",317,"SharpLink.Client","NamedType","Private","global::SharpLink.Client.SharpLinkClient.DynamicEndpointSelectionSnapshot",8,0,0,0,0,""
"src/SharpLink.Client/DynamicClusterTopologyState.cs",321,"SharpLink.Client","Field","Public","Empty",4,0,0,0,0,""
"src/SharpLink.Client/DynamicClusterTopologyState.cs",323,"SharpLink.Client","Property","Public","Candidates",4,0,2,0,0,""
"src/SharpLink.Client/EndpointSelectionKernel.cs",3,"SharpLink.Client","NamedType","Internal","global::SharpLink.Client.EndpointSelectionKernel",9,0,19,3,0,""
"src/SharpLink.Client/EndpointSelectionKernel.cs",5,"SharpLink.Client","Method","Public","CompareNormalizedLoad",2,0,3,1,0,""
"src/SharpLink.Client/EndpointSelectionKernel.cs",20,"SharpLink.Client","Method","Public","SelectRandomIndex",2,0,7,1,0,""
"src/SharpLink.Client/EndpointSelectionKernel.cs",36,"SharpLink.Client","Method","Public","SelectRoundRobinIndex",2,0,3,1,0,""
"src/SharpLink.Client/EndpointSelectionKernel.cs",76,"SharpLink.Client","Method","Public","SelectLeastLoaded",2,0,0,0,0,""
"src/SharpLink.Client/EndpointSelectionPolicyState.cs",9,"SharpLink.Client","NamedType","Internal","global::SharpLink.Client.EndpointSelectionPolicyState",4,0,1,0,0,""
"src/SharpLink.Client/EndpointSelectionPolicyState.cs",13,"SharpLink.Client","Method","Public","EndpointSelectionPolicyState",2,0,1,0,0,"Constructor/activation"
"src/SharpLink.Client/EndpointSelectionPolicyState.cs",26,"SharpLink.Client","Method","Public","GetSnapshot",2,0,5,0,0,""
"src/SharpLink.Client/EndpointSelectionPolicyState.cs",37,"SharpLink.Client","Method","Public","PublishBuiltIn",2,0,2,0,0,""
"src/SharpLink.Client/EndpointSelectionPolicyState.cs",51,"SharpLink.Client","Method","Public","PublishCustom",2,0,2,0,0,""
"src/SharpLink.Client/EndpointSelectionPolicyState.cs",66,"SharpLink.Client","NamedType","Internal","global::SharpLink.Client.EndpointSelectionPolicyGeneration",14,0,4,0,0,""
"src/SharpLink.Client/EndpointSelectionPolicyState.cs",68,"SharpLink.Client","Method","Public","EndpointSelectionPolicyGeneration",3,0,0,0,0,"Constructor/activation"
"src/SharpLink.Client/EndpointSelectionPolicyState.cs",79,"SharpLink.Client","Property","Public","Strategy",6,0,0,0,0,""
"src/SharpLink.Client/EndpointSelectionPolicyState.cs",80,"SharpLink.Client","Property","Public","Selector",5,0,0,0,0,""
"src/SharpLink.Client/EndpointSelectionPolicyState.cs",81,"SharpLink.Client","Property","Public","HasCustomSelector",6,0,0,0,0,""
"src/SharpLink.Client/GeneratedClusterRouteSource.cs",7,"SharpLink.Client","NamedType","Internal","global::SharpLink.Client.IGeneratedClusterRouteSource",11,0,1,0,0,""
"src/SharpLink.Client/GeneratedClusterRouteSource.cs",9,"SharpLink.Client","Method","Public","CreateSnapshot",1,0,0,0,0,"Interface contract"
"src/SharpLink.Client/GeneratedClusterRouteSource.cs",13,"SharpLink.Client","NamedType","Internal","global::SharpLink.Client.GlobalCatalogClusterRouteSource",4,0,0,0,0,""
"src/SharpLink.Client/GeneratedClusterRouteSource.cs",15,"SharpLink.Client","Method","Private","GlobalCatalogClusterRouteSource",1,0,0,0,0,"Constructor/activation"
"src/SharpLink.Client/GeneratedClusterRouteSource.cs",19,"SharpLink.Client","Property","Internal","Instance",5,0,0,0,0,""
"src/SharpLink.Client/GeneratedClusterRouteSource.cs",26,"SharpLink.Client","NamedType","Internal","global::SharpLink.Client.FixedGeneratedClusterRouteSource",2,0,7,0,0,""
"src/SharpLink.Client/GeneratedClusterRouteSource.cs",28,"SharpLink.Client","Field","Private","_manifests",2,0,0,0,0,""
"src/SharpLink.Client/GeneratedClusterRouteSource.cs",30,"SharpLink.Client","Method","Internal","FixedGeneratedClusterRouteSource",2,0,4,0,0,"Constructor/activation"
"src/SharpLink.Client/GeneratedClusterRouteSource.cs",44,"SharpLink.Client","Property","Internal","Empty",1,0,3,0,0,""
"src/SharpLink.Client/GeneratedClusterRouteSource.cs",52,"SharpLink.Client","NamedType","Internal","global::SharpLink.Client.GeneratedClusterRouteSnapshot",6,0,0,0,0,""
"src/SharpLink.Client/GeneratedClusterRouteSource.cs",54,"SharpLink.Client","Field","Private","_routes",2,0,0,0,0,""
"src/SharpLink.Client/GeneratedClusterRouteSource.cs",56,"SharpLink.Client","Method","Private","GeneratedClusterRouteSnapshot",2,0,0,0,0,"Constructor/activation"
"src/SharpLink.Client/GeneratedClusterRouteSource.cs",81,"SharpLink.Client","Property","Internal","Routes",16,0,0,0,0,""
"src/SharpLink.Client/PendingDeadlineScheduler.cs",7,"SharpLink.Client","NamedType","Internal","global::SharpLink.Client.PendingDeadlineScheduler",3,0,2,0,0,""
"src/SharpLink.Client/PendingDeadlineScheduler.cs",10,"SharpLink.Client","Field","Private","_scanExpiredDeadlines",2,0,0,0,0,""
"src/SharpLink.Client/PendingDeadlineScheduler.cs",11,"SharpLink.Client","Field","Private","_timer",4,0,0,0,0,""
"src/SharpLink.Client/PendingDeadlineScheduler.cs",13,"SharpLink.Client","Field","Private","_approximateEarliestDeadline",4,0,0,0,0,""
"src/SharpLink.Client/PendingDeadlineScheduler.cs",14,"SharpLink.Client","Field","Private","_revision",4,0,0,0,0,""
"src/SharpLink.Client/PendingDeadlineScheduler.cs",15,"SharpLink.Client","Field","Private","_hasApproximateEarliestDeadline",5,0,0,0,0,""
"src/SharpLink.Client/PendingDeadlineScheduler.cs",16,"SharpLink.Client","Field","Private","_scanRunning",2,0,0,0,0,""
"src/SharpLink.Client/PendingDeadlineScheduler.cs",19,"SharpLink.Client","Method","Internal","PendingDeadlineScheduler",1,0,1,0,0,"Constructor/activation"
"src/SharpLink.Client/PendingDeadlineScheduler.cs",35,"SharpLink.Client","Method","Internal","Observe",2,0,2,0,0,""
"src/SharpLink.Client/PendingDeadlineScheduler.cs",58,"SharpLink.Client","Method","Public","Dispose",14,0,8,10,0,"Entrypoint/lifecycle"
"src/SharpLink.Client/PendingDeadlineScheduler.cs",73,"SharpLink.Client","Method","Private","RunScan",1,0,0,0,0,""
"src/SharpLink.Client/PendingDeadlineScheduler.cs",103,"SharpLink.Client","Method","Private","ReconcileTimer",2,0,0,0,0,""
"src/SharpLink.Client/PendingDeadlineScheduler.cs",131,"SharpLink.Client","Method","Private","ArmTimer",1,0,0,0,0,""
"src/SharpLink.Client/PendingRequestTable.cs",3,"SharpLink.Client","NamedType","Internal","global::SharpLink.Client.PendingCallKind",35,0,42,6,0,""
"src/SharpLink.Client/PendingRequestTable.cs",5,"SharpLink.Client","Field","Public","Unary",5,0,25,6,0,"Enum/protocol identity"
"src/SharpLink.Client/PendingRequestTable.cs",6,"SharpLink.Client","Field","Public","Health",1,0,0,0,0,"Enum/protocol identity"
"src/SharpLink.Client/PendingRequestTable.cs",7,"SharpLink.Client","Field","Public","ClientStreaming",4,0,9,0,0,"Enum/protocol identity"
"src/SharpLink.Client/PendingRequestTable.cs",8,"SharpLink.Client","Field","Public","ServerStreaming",7,0,8,0,0,"Enum/protocol identity"
"src/SharpLink.Client/PendingRequestTable.cs",9,"SharpLink.Client","Field","Public","DuplexStreaming",10,0,0,0,0,"Enum/protocol identity"
"src/SharpLink.Client/PendingRequestTable.cs",10,"SharpLink.Client","Field","Public","OneWayClientStreaming",4,0,0,0,0,"Enum/protocol identity"
"src/SharpLink.Client/PendingRequestTable.cs",13,"SharpLink.Client","NamedType","Internal","global::SharpLink.Client.PendingCallCompletionReason",75,0,48,1,0,""
"src/SharpLink.Client/PendingRequestTable.cs",15,"SharpLink.Client","Field","Public","Response",5,0,1,0,0,"Enum/protocol identity"
"src/SharpLink.Client/PendingRequestTable.cs",16,"SharpLink.Client","Field","Public","RemoteError",5,0,1,0,0,"Enum/protocol identity"
"src/SharpLink.Client/PendingRequestTable.cs",17,"SharpLink.Client","Field","Public","RemoteStreamComplete",4,0,2,0,0,"Enum/protocol identity"
"src/SharpLink.Client/PendingRequestTable.cs",18,"SharpLink.Client","Field","Public","UserCancellation",6,0,9,0,0,"Enum/protocol identity"
"src/SharpLink.Client/PendingRequestTable.cs",19,"SharpLink.Client","Field","Public","DeadlineExceeded",18,0,5,0,0,"Enum/protocol identity"
"src/SharpLink.Client/PendingRequestTable.cs",20,"SharpLink.Client","Field","Public","ConsumerAbandoned",6,0,1,0,0,"Enum/protocol identity"
"src/SharpLink.Client/PendingRequestTable.cs",21,"SharpLink.Client","Field","Public","LocalStreamComplete",5,0,2,0,0,"Enum/protocol identity"
"src/SharpLink.Client/PendingRequestTable.cs",22,"SharpLink.Client","Field","Public","SendFailure",11,0,2,0,0,"Enum/protocol identity"
"src/SharpLink.Client/PendingRequestTable.cs",23,"SharpLink.Client","Field","Public","ConnectionClosed",8,0,19,1,0,"Enum/protocol identity"
"src/SharpLink.Client/PendingRequestTable.cs",24,"SharpLink.Client","Field","Public","GoAway",1,0,4,0,0,"Enum/protocol identity"
"src/SharpLink.Client/PendingRequestTable.cs",27,"SharpLink.Client","NamedType","Internal","global::SharpLink.Client.PendingCallCompletion",6,0,12,7,0,""
"src/SharpLink.Client/PendingRequestTable.cs",35,"SharpLink.Client","NamedType","Internal","global::SharpLink.Client.IPendingCallOwner",7,0,14,9,0,""
"src/SharpLink.Client/PendingRequestTable.cs",51,"SharpLink.Client","NamedType","Internal","global::SharpLink.Client.IPendingCallCompletionObserver",15,0,2,0,0,""
"src/SharpLink.Client/PendingRequestTable.cs",53,"SharpLink.Client","Method","Public","OnResponseObserved",2,0,0,0,0,"Interface contract"
"src/SharpLink.Client/PendingRequestTable.cs",65,"SharpLink.Client","NamedType","Internal","global::SharpLink.Client.PendingRequestTable",5,0,82,60,0,""
"src/SharpLink.Client/PendingRequestTable.cs",67,"SharpLink.Client","Field","Private","_indexMask",10,0,0,0,0,""
"src/SharpLink.Client/PendingRequestTable.cs",68,"SharpLink.Client","Field","Private","_capacity",5,0,0,0,0,""
"src/SharpLink.Client/PendingRequestTable.cs",69,"SharpLink.Client","Field","Private","_slotsInitializationGate",1,0,0,0,0,""
"src/SharpLink.Client/PendingRequestTable.cs",70,"SharpLink.Client","Field","Private","_slots",15,0,0,0,0,""
"src/SharpLink.Client/PendingRequestTable.cs",71,"SharpLink.Client","Field","Private","_codecProvider",3,0,0,0,0,""
"src/SharpLink.Client/PendingRequestTable.cs",72,"SharpLink.Client","Field","Private","_owner",6,0,0,0,0,""
"src/SharpLink.Client/PendingRequestTable.cs",74,"SharpLink.Client","Field","Private","_slotAvailable",5,0,0,0,0,""
"src/SharpLink.Client/PendingRequestTable.cs",75,"SharpLink.Client","Field","Private","_deadlineScheduler",4,0,0,0,0,""
"src/SharpLink.Client/PendingRequestTable.cs",76,"SharpLink.Client","Field","Private","_nextId",2,0,0,0,0,""
"src/SharpLink.Client/PendingRequestTable.cs",77,"SharpLink.Client","Field","Private","_activeSlots",4,0,0,0,0,""
"src/SharpLink.Client/PendingRequestTable.cs",78,"SharpLink.Client","Field","Private","_waiterCount",5,0,0,0,0,""
"src/SharpLink.Client/PendingRequestTable.cs",79,"SharpLink.Client","Field","Private","_slotAvailableDisposed",2,0,0,0,0,""
"src/SharpLink.Client/PendingRequestTable.cs",82,"SharpLink.Client","Method","Public","PendingRequestTable",1,0,12,7,0,"Constructor/activation"
"src/SharpLink.Client/PendingRequestTable.cs",113,"SharpLink.Client","Property","Public","Capacity",1,0,1,3,0,""
"src/SharpLink.Client/PendingRequestTable.cs",115,"SharpLink.Client","Property","Internal","ActiveCount",2,0,21,23,0,""
"src/SharpLink.Client/PendingRequestTable.cs",119,"SharpLink.Client","Property","Public","Count",15,0,43,12,0,""
"src/SharpLink.Client/PendingRequestTable.cs",135,"SharpLink.Client","Method","Public","Rent<T>",6,0,87,29,0,""
"src/SharpLink.Client/PendingRequestTable.cs",166,"SharpLink.Client","Method","Public","RentAsync<T>",2,0,9,3,0,""
"src/SharpLink.Client/PendingRequestTable.cs",261,"SharpLink.Client","Method","Public","RegisterStream",1,0,8,0,0,""
"src/SharpLink.Client/PendingRequestTable.cs",288,"SharpLink.Client","Method","Public","RegisterOneWayClientStream",1,0,3,0,0,""
"src/SharpLink.Client/PendingRequestTable.cs",314,"SharpLink.Client","Method","Public","Dispatch",2,0,34,8,0,""
"src/SharpLink.Client/PendingRequestTable.cs",370,"SharpLink.Client","Method","Public","DispatchError",2,0,8,0,0,""
"src/SharpLink.Client/PendingRequestTable.cs",382,"SharpLink.Client","Method","Public","TryComplete",18,0,39,1,0,""
"src/SharpLink.Client/PendingRequestTable.cs",401,"SharpLink.Client","Method","Public","TryAcceptStreamData",2,0,2,0,0,""
"src/SharpLink.Client/PendingRequestTable.cs",446,"SharpLink.Client","Method","Public","TryAcceptProducerProgress",2,0,11,0,0,""
"src/SharpLink.Client/PendingRequestTable.cs",458,"SharpLink.Client","Method","Public","Contains",6,0,12,1,0,""
"src/SharpLink.Client/PendingRequestTable.cs",468,"SharpLink.Client","Method","Public","GetProducerCancellationToken",3,0,7,0,0,""
"src/SharpLink.Client/PendingRequestTable.cs",480,"SharpLink.Client","Method","Public","TryGetProducerDeadline",1,0,7,0,0,""
"src/SharpLink.Client/PendingRequestTable.cs",516,"SharpLink.Client","Method","Public","AllocateRequestId",1,0,3,0,0,""
"src/SharpLink.Client/PendingRequestTable.cs",522,"SharpLink.Client","Method","Public","FailAllPendingRequests",2,0,14,11,0,""
"src/SharpLink.Client/PendingRequestTable.cs",561,"SharpLink.Client","Method","Private","TryRent<T>",4,0,0,0,0,""
"src/SharpLink.Client/PendingRequestTable.cs",593,"SharpLink.Client","Method","Private","TryRegister<T>",2,0,0,0,0,""
"src/SharpLink.Client/PendingRequestTable.cs",659,"SharpLink.Client","Method","Private","TryRegister",1,0,0,0,0,""
"src/SharpLink.Client/PendingRequestTable.cs",721,"SharpLink.Client","Method","Private","GetOrCreateSlots",2,0,0,0,0,""
"src/SharpLink.Client/PendingRequestTable.cs",741,"SharpLink.Client","Method","Private","TryAcquireCapacity",2,0,0,0,0,""
"src/SharpLink.Client/PendingRequestTable.cs",751,"SharpLink.Client","Method","Private","RefundRejectedCapacity",1,0,0,0,0,""
"src/SharpLink.Client/PendingRequestTable.cs",765,"SharpLink.Client","Method","Private","OnRegistered",2,0,0,0,0,""
"src/SharpLink.Client/PendingRequestTable.cs",776,"SharpLink.Client","Method","Private","CompleteRegistrationIfDisposed",2,0,0,0,0,""
"src/SharpLink.Client/PendingRequestTable.cs",782,"SharpLink.Client","Method","Private","TryTakeMatchingCall",2,0,0,0,0,""
"src/SharpLink.Client/PendingRequestTable.cs",828,"SharpLink.Client","Method","Private","TryTakeCallAtIndex",1,0,0,0,0,""
"src/SharpLink.Client/PendingRequestTable.cs",860,"SharpLink.Client","Method","Private","CompleteTakenCall",7,0,0,0,0,""
"src/SharpLink.Client/PendingRequestTable.cs",923,"SharpLink.Client","Method","Private","CreateCompletionException",1,0,0,0,0,""
"src/SharpLink.Client/PendingRequestTable.cs",942,"SharpLink.Client","Method","Private","ReleaseSlot",2,0,0,0,0,""
"src/SharpLink.Client/PendingRequestTable.cs",948,"SharpLink.Client","Method","Private","ReleaseCapacity",3,0,0,0,0,""
"src/SharpLink.Client/PendingRequestTable.cs",961,"SharpLink.Client","Method","Private","SignalSlotAvailable",4,0,0,0,0,""
"src/SharpLink.Client/PendingRequestTable.cs",978,"SharpLink.Client","Method","Private","DisposeSlotAvailable",2,0,0,0,0,""
"src/SharpLink.Client/PendingRequestTable.cs",986,"SharpLink.Client","Method","Private","NextRequestId",3,0,0,0,0,""
"src/SharpLink.Client/PendingRequestTable.cs",992,"SharpLink.Client","Method","Private","TryTakeExpiredCallAtIndex",1,0,0,0,0,""
"src/SharpLink.Client/PendingRequestTable.cs",1022,"SharpLink.Client","Method","Private","ScanExpiredDeadlines",1,0,0,0,0,""
"src/SharpLink.Client/PendingRequestTable.cs",1059,"SharpLink.Client","Method","Private","CreateResourceExhaustedException",4,0,0,0,0,""
"src/SharpLink.Client/PendingRequestTable.cs",1064,"SharpLink.Client","Method","Private","CreateDeadlineExceededException",23,0,0,0,0,""
"src/SharpLink.Client/PendingRequestTable.cs",1067,"SharpLink.Client","NamedType","Private","global::SharpLink.Client.PendingRequestTable.RpcOperationPool<T>",2,0,0,0,0,""
"src/SharpLink.Client/PendingRequestTable.cs",1069,"SharpLink.Client","Field","Private","MaxRetainedOperations",1,0,0,0,0,""
"src/SharpLink.Client/PendingRequestTable.cs",1070,"SharpLink.Client","Field","Private","Queue",2,0,0,0,0,""
"src/SharpLink.Client/PendingRequestTable.cs",1071,"SharpLink.Client","Field","Private","_retainedCount",3,0,0,0,0,""
"src/SharpLink.Client/PendingRequestTable.cs",1073,"SharpLink.Client","Method","Public","Rent",4,0,0,0,0,""
"src/SharpLink.Client/PendingRequestTable.cs",1084,"SharpLink.Client","Method","Private","Return",1,0,0,0,0,""
"src/SharpLink.Client/PendingRequestTable.cs",1099,"SharpLink.Client","NamedType","Private","global::SharpLink.Client.PendingRequestTable.PendingCall",38,0,0,0,0,""
"src/SharpLink.Client/PendingRequestTable.cs",1101,"SharpLink.Client","Field","Private","MaxRetained",1,0,0,0,0,""
"src/SharpLink.Client/PendingRequestTable.cs",1102,"SharpLink.Client","Field","Private","Pool",2,0,0,0,0,""
"src/SharpLink.Client/PendingRequestTable.cs",1103,"SharpLink.Client","Field","Private","s_retainedCount",3,0,0,0,0,""
"src/SharpLink.Client/PendingRequestTable.cs",1105,"SharpLink.Client","Field","Private","_table",3,0,0,0,0,""
"src/SharpLink.Client/PendingRequestTable.cs",1106,"SharpLink.Client","Field","Private","_cancellationRegistration",4,0,0,0,0,""
"src/SharpLink.Client/PendingRequestTable.cs",1107,"SharpLink.Client","Field","Private","_producerCancellation",7,0,0,0,0,""
"src/SharpLink.Client/PendingRequestTable.cs",1108,"SharpLink.Client","Field","Private","_completionObserver",3,0,0,0,0,""
"src/SharpLink.Client/PendingRequestTable.cs",1109,"SharpLink.Client","Field","Private","_registered",4,0,0,0,0,""
"src/SharpLink.Client/PendingRequestTable.cs",1110,"SharpLink.Client","Field","Private","_requestPublished",3,0,0,0,0,""
"src/SharpLink.Client/PendingRequestTable.cs",1112,"SharpLink.Client","Property","Public","CompletionGate",7,0,0,0,0,""
"src/SharpLink.Client/PendingRequestTable.cs",1114,"SharpLink.Client","Property","Public","Id",22,0,9,1,0,""
"src/SharpLink.Client/PendingRequestTable.cs",1116,"SharpLink.Client","Property","Public","Operation",5,0,5,1,0,""
"src/SharpLink.Client/PendingRequestTable.cs",1117,"SharpLink.Client","Property","Public","Dispatcher",5,0,1,0,0,""
"src/SharpLink.Client/PendingRequestTable.cs",1118,"SharpLink.Client","Property","Public","Deadline",51,0,7,0,0,""
"src/SharpLink.Client/PendingRequestTable.cs",1120,"SharpLink.Client","Property","Public","ProducerCancellationToken",1,0,0,0,0,""
"src/SharpLink.Client/PendingRequestTable.cs",1122,"SharpLink.Client","Property","Public","CompletionObserver",2,0,0,0,0,""
"src/SharpLink.Client/PendingRequestTable.cs",1134,"SharpLink.Client","Property","Public","RequestPublished",2,0,0,0,0,""
"src/SharpLink.Client/PendingRequestTable.cs",1136,"SharpLink.Client","Method","Public","MarkRequestPublished",1,0,0,0,0,""
"src/SharpLink.Client/PendingRequestTable.cs",1181,"SharpLink.Client","Method","Public","DisposeCancellationRegistration",1,0,0,0,0,""
"src/SharpLink.Client/PendingRequestTable.cs",1183,"SharpLink.Client","Method","Public","MarkRegistered",1,0,0,0,0,""
"src/SharpLink.Client/PendingRequestTable.cs",1185,"SharpLink.Client","Method","Public","WaitUntilRegistered",6,0,0,0,0,""
"src/SharpLink.Client/PendingRequestTable.cs",1192,"SharpLink.Client","Method","Public","CancelProducer",1,0,0,0,0,""
"src/SharpLink.Client/PendingRequestTable.cs",1206,"SharpLink.Client","Method","Private","CancelAndDisposeProducer",1,0,0,0,0,""
"src/SharpLink.Client/PendingRequestTable.cs",1226,"SharpLink.Client","Method","Public","ReturnUnused",2,0,0,0,0,""
"src/SharpLink.Client/PendingRequestTable.cs",1234,"SharpLink.Client","Method","Public","ReturnCompleted",1,0,0,0,0,""
"src/SharpLink.Client/PendingRequestTable.cs",1236,"SharpLink.Client","Method","Private","ReturnCore",2,0,0,0,0,""
"src/SharpLink.Client/PendingRequestTable.cs",1263,"SharpLink.Client","NamedType","Internal","global::SharpLink.Client.PendingRequestLease<T>",9,0,6,2,0,""
"src/SharpLink.Client/PendingRequestTable.Publication.cs",44,"SharpLink.Client","Method","Public","TryPublishRequest",1,0,0,0,0,""
"src/SharpLink.Client/RpcRequestOperation.cs",6,"SharpLink.Client","NamedType","Internal","global::SharpLink.Client.IRpcOperation",4,0,0,0,0,""
"src/SharpLink.Client/RpcRequestOperation.cs",10,"SharpLink.Client","Method","Public","TryDeserializeResponse",1,0,0,0,0,"Interface contract"
"src/SharpLink.Client/RpcRequestOperation.cs",11,"SharpLink.Client","Method","Public","CompleteResponse",1,0,0,0,0,"Interface contract"
"src/SharpLink.Client/RpcRequestOperation.cs",12,"SharpLink.Client","Method","Public","SetError",1,0,0,0,0,"Interface contract"
"src/SharpLink.Client/RpcRequestOperation.cs",16,"SharpLink.Client","NamedType","Internal","global::SharpLink.Client.RpcRequestOperation<T>",21,0,77,48,0,""
"src/SharpLink.Client/RpcRequestOperation.cs",18,"SharpLink.Client","Field","Private","_core",9,0,0,0,0,""
"src/SharpLink.Client/RpcRequestOperation.cs",19,"SharpLink.Client","Field","Private","_codec",3,0,0,0,0,""
"src/SharpLink.Client/RpcRequestOperation.cs",20,"SharpLink.Client","Field","Private","_response",5,0,0,0,0,""
"src/SharpLink.Client/RpcRequestOperation.cs",21,"SharpLink.Client","Field","Private","_hasResponsePayload",3,0,0,0,0,""
"src/SharpLink.Client/RpcRequestOperation.cs",22,"SharpLink.Client","Field","Private","_responseNullable",3,0,0,0,0,""
"src/SharpLink.Client/RpcRequestOperation.cs",24,"SharpLink.Client","Field","Private","_returnAction",2,0,0,0,0,""
"src/SharpLink.Client/RpcRequestOperation.cs",26,"SharpLink.Client","Method","Public","RpcRequestOperation",1,0,0,0,0,"Constructor/activation"
"src/SharpLink.Client/RpcRequestOperation.cs",33,"SharpLink.Client","Method","Public","Initialize",2,0,0,0,0,""
"src/SharpLink.Client/RpcRequestOperation.cs",52,"SharpLink.Client","Method","Public","ReturnError",2,0,0,0,0,""
"src/SharpLink.Client/RpcRequestOperation.cs",114,"SharpLink.Client","Method","Public","AsValueTask",4,0,93,15,0,""
"src/SharpLink.Client/RpcRequestOperation.cs",116,"SharpLink.Client","Method","Private","ReturnToPool",2,0,0,0,0,""
"src/SharpLink.Client/SessionRefreshRedirect.cs",16,"SharpLink.Client","NamedType","Internal","global::SharpLink.Client.SessionRefreshRedirect",8,0,2,0,0,""
"src/SharpLink.Client/SharpClientBuilder.Compression.cs",3,"SharpLink.Client","NamedType","Public","global::SharpLink.Client.SharpClientBuilder",69,0,274,21,11,""
"src/SharpLink.Client/SharpClientBuilder.Compression.cs",5,"SharpLink.Client","Field","Private","_requestCompressionPolicy",13,0,0,0,0,""
"src/SharpLink.Client/SharpClientBuilder.Compression.cs",6,"SharpLink.Client","Field","Private","_beforeReadyPublicationTestHook",15,0,0,0,0,""
"src/SharpLink.Client/SharpClientBuilder.cs",6,"SharpLink.Client","Field","Private","ConsumedBuilderMessage",1,0,0,0,0,""
"src/SharpLink.Client/SharpClientBuilder.cs",7,"SharpLink.Client","Field","Private","RecommendedRequestTimeout",1,0,0,0,0,""
"src/SharpLink.Client/SharpClientBuilder.cs",9,"SharpLink.Client","Field","Private","_configurationGate",6,0,0,0,0,""
"src/SharpLink.Client/SharpClientBuilder.cs",10,"SharpLink.Client","Field","Private","_runtimeContextBuilder",9,0,0,0,0,""
"src/SharpLink.Client/SharpClientBuilder.cs",12,"SharpLink.Client","Field","Private","_connectionPool",2,0,0,0,0,""
"src/SharpLink.Client/SharpClientBuilder.cs",13,"SharpLink.Client","Field","Private","_cluster",62,0,0,0,0,""
"src/SharpLink.Client/SharpClientBuilder.cs",14,"SharpLink.Client","Field","Private","_retry",2,0,0,0,0,""
"src/SharpLink.Client/SharpClientBuilder.cs",15,"SharpLink.Client","Field","Private","_circuitBreaker",2,0,0,0,0,""
"src/SharpLink.Client/SharpClientBuilder.cs",18,"SharpLink.Client","Field","Private","_topology",21,0,0,0,0,""
"src/SharpLink.Client/SharpClientBuilder.cs",19,"SharpLink.Client","Field","Private","_pendingResources",4,0,0,0,0,""
"src/SharpLink.Client/SharpClientBuilder.cs",20,"SharpLink.Client","Field","Private","_loggerFactory",9,0,0,0,0,""
"src/SharpLink.Client/SharpClientBuilder.cs",21,"SharpLink.Client","Field","Private","_authenticator",6,0,0,0,0,""
"src/SharpLink.Client/SharpClientBuilder.cs",22,"SharpLink.Client","Field","Private","_heartbeatInterval",6,0,0,0,0,""
"src/SharpLink.Client/SharpClientBuilder.cs",23,"SharpLink.Client","Field","Private","_heartbeatTimeout",6,0,0,0,0,""
"src/SharpLink.Client/SharpClientBuilder.cs",24,"SharpLink.Client","Field","Private","_requestTimeoutPolicy",14,0,0,0,0,""
"src/SharpLink.Client/SharpClientBuilder.cs",25,"SharpLink.Client","Field","Private","_rpcSessionFlushOptions",10,0,0,0,0,""
"src/SharpLink.Client/SharpClientBuilder.cs",26,"SharpLink.Client","Field","Private","_connectionPoolConfigured",4,0,0,0,0,""
"src/SharpLink.Client/SharpClientBuilder.cs",27,"SharpLink.Client","Field","Private","_clusterConfigured",2,0,0,0,0,""
"src/SharpLink.Client/SharpClientBuilder.cs",28,"SharpLink.Client","Field","Private","_loadBalancingStrategy",2,0,0,0,0,""
"src/SharpLink.Client/SharpClientBuilder.cs",29,"SharpLink.Client","Field","Private","_loadBalancingConfigured",2,0,0,0,0,""
"src/SharpLink.Client/SharpClientBuilder.cs",30,"SharpLink.Client","Field","Private","_endpointSelector",3,0,0,0,0,""
"src/SharpLink.Client/SharpClientBuilder.cs",31,"SharpLink.Client","Field","Private","_retryConfigured",4,0,0,0,0,""
"src/SharpLink.Client/SharpClientBuilder.cs",32,"SharpLink.Client","Field","Private","_retryPolicy",7,0,0,0,0,""
"src/SharpLink.Client/SharpClientBuilder.cs",33,"SharpLink.Client","Field","Private","_endpointAdmissionPolicy",32,0,0,0,0,""
"src/SharpLink.Client/SharpClientBuilder.cs",34,"SharpLink.Client","Field","Private","_circuitBreakerConfigured",3,0,0,0,0,""
"src/SharpLink.Client/SharpClientBuilder.cs",35,"SharpLink.Client","Field","Private","_reconnectJitter",5,0,0,0,0,""
"src/SharpLink.Client/SharpClientBuilder.cs",36,"SharpLink.Client","Field","Private","_reconnectPolicy",2,0,0,0,0,""
"src/SharpLink.Client/SharpClientBuilder.cs",39,"SharpLink.Client","Method","Public","Create",8,0,250,14,10,""
"src/SharpLink.Client/SharpClientBuilder.cs",43,"SharpLink.Client","Method","Public","UseTransport",6,0,270,6,2,""
"src/SharpLink.Client/SharpClientBuilder.cs",160,"SharpLink.Client","Method","Public","UseLoggerFactoryIfUnset",5,0,2,0,0,""
"src/SharpLink.Client/SharpClientBuilder.cs",231,"SharpLink.Client","Method","Internal","ApplyRequestTimeoutPolicyIfUnspecified",2,0,0,0,0,""
"src/SharpLink.Client/SharpClientBuilder.cs",449,"SharpLink.Client","Method","Public","Build",2,0,659,15,12,""
"src/SharpLink.Client/SharpClientBuilder.cs",453,"SharpLink.Client","Method","Internal","CompileForMultiCluster",3,0,9,0,0,""
"src/SharpLink.Client/SharpClientBuilder.cs",457,"SharpLink.Client","Method","Internal","MaterializeCompiledPlan",3,0,7,0,0,""
"src/SharpLink.Client/SharpClientBuilder.cs",463,"SharpLink.Client","Method","Internal","DiscardCompiledPlan",1,0,0,0,0,""
"src/SharpLink.Client/SharpClientBuilder.cs",470,"SharpLink.Client","Method","Internal","DisposeUnbuiltResources",5,0,0,0,0,""
"src/SharpLink.Client/SharpClientBuilder.cs",487,"SharpLink.Client","Method","Private","CompileForBuild",2,0,0,0,0,""
"src/SharpLink.Client/SharpClientBuilder.cs",496,"SharpLink.Client","Method","Private","CompileForBuildCore",2,0,0,0,0,""
"src/SharpLink.Client/SharpClientBuilder.cs",522,"SharpLink.Client","Method","Private","CompilePlan",1,0,0,0,0,""
"src/SharpLink.Client/SharpClientBuilder.cs",569,"SharpLink.Client","Method","Private","CreateLegacyReconnectPolicy",1,0,0,0,0,""
"src/SharpLink.Client/SharpClientBuilder.cs",590,"SharpLink.Client","Method","Private","CompileTopology",1,0,0,0,0,""
"src/SharpLink.Client/SharpClientBuilder.cs",649,"SharpLink.Client","Method","Internal","CreateRuntimeTransportFactory",1,0,0,0,0,""
"src/SharpLink.Client/SharpClientBuilder.cs",678,"SharpLink.Client","Method","Internal","CreateEndpointSnapshot",2,0,0,0,0,""
"src/SharpLink.Client/SharpClientBuilder.cs",721,"SharpLink.Client","Method","Private","CreateConnectionPoolPlan",2,0,0,0,0,""
"src/SharpLink.Client/SharpClientBuilder.cs",737,"SharpLink.Client","Method","Private","CreateRetryPlan",1,0,0,0,0,""
"src/SharpLink.Client/SharpClientBuilder.cs",749,"SharpLink.Client","Method","Private","CreateCircuitBreakerPlan",1,0,0,0,0,""
"src/SharpLink.Client/SharpClientBuilder.cs",762,"SharpLink.Client","Method","Private","CreateClusterPlan",2,0,0,0,0,""
"src/SharpLink.Client/SharpClientBuilder.cs",770,"SharpLink.Client","Method","Private","CreateRuntimeResources",2,0,0,0,0,""
"src/SharpLink.Client/SharpClientBuilder.cs",778,"SharpLink.Client","Method","Private","SetTopology",5,0,0,0,0,""
"src/SharpLink.Client/SharpClientBuilder.cs",784,"SharpLink.Client","Method","Private","EnsureTopologyAvailable",2,0,0,0,0,""
"src/SharpLink.Client/SharpClientBuilder.cs",798,"SharpLink.Client","Method","Private","Configure",37,0,26,0,0,""
"src/SharpLink.Client/SharpClientBuilder.cs",807,"SharpLink.Client","Method","Private","BeginBuild",1,0,0,0,0,""
"src/SharpLink.Client/SharpClientBuilder.cs",816,"SharpLink.Client","Method","Private","CompleteBuild",1,0,0,0,0,""
"src/SharpLink.Client/SharpClientBuilder.cs",826,"SharpLink.Client","Method","Private","EnsureMutable",2,0,0,0,0,""
"src/SharpLink.Client/SharpClientBuilder.cs",832,"SharpLink.Client","NamedType","Private","global::SharpLink.Client.SharpClientBuilder.BuilderState",6,0,0,0,0,""
"src/SharpLink.Client/SharpClientBuilder.cs",834,"SharpLink.Client","Field","Public","Mutable",1,0,0,0,0,"Enum/protocol identity"
"src/SharpLink.Client/SharpClientBuilder.cs",835,"SharpLink.Client","Field","Public","Building",1,0,0,0,0,"Enum/protocol identity"
"src/SharpLink.Client/SharpClientBuilder.cs",836,"SharpLink.Client","Field","Public","Consumed",3,0,0,0,0,"Enum/protocol identity"
"src/SharpLink.Client/SharpLinkCircuitBreaker.cs",6,"SharpLink.Client","NamedType","Internal","global::SharpLink.Client.ISharpLinkEndpointAdmissionLifecycle",3,0,1,0,0,""
"src/SharpLink.Client/SharpLinkCircuitBreaker.cs",8,"SharpLink.Client","Method","Public","Retire",2,0,0,0,0,"Interface contract"
"src/SharpLink.Client/SharpLinkCircuitBreaker.cs",16,"SharpLink.Client","NamedType","Internal","global::SharpLink.Client.SharpLinkCircuitBreaker",20,0,15,2,0,""
"src/SharpLink.Client/SharpLinkCircuitBreaker.cs",18,"SharpLink.Client","Field","Private","_configuration",6,0,0,0,0,""
"src/SharpLink.Client/SharpLinkCircuitBreaker.cs",20,"SharpLink.Client","Field","Private","_states",4,0,0,0,0,""
"src/SharpLink.Client/SharpLinkCircuitBreaker.cs",22,"SharpLink.Client","Method","Public","SharpLinkCircuitBreaker",3,0,14,1,0,"Constructor/activation"
"src/SharpLink.Client/SharpLinkCircuitBreaker.cs",35,"SharpLink.Client","Method","Internal","CaptureConfiguration",3,0,0,0,0,""
"src/SharpLink.Client/SharpLinkCircuitBreaker.cs",38,"SharpLink.Client","Method","Internal","UpdateConfiguration",2,0,5,0,0,""
"src/SharpLink.Client/SharpLinkCircuitBreaker.cs",41,"SharpLink.Client","Method","Public","TryAcquire",4,0,35,2,0,""
"src/SharpLink.Client/SharpLinkCircuitBreaker.cs",60,"SharpLink.Client","Method","Public","Report",3,0,12,0,0,""
"src/SharpLink.Client/SharpLinkCircuitBreaker.cs",76,"SharpLink.Client","Method","Internal","ReportInfrastructureFailure",3,0,0,0,0,""
"src/SharpLink.Client/SharpLinkCircuitBreaker.cs",89,"SharpLink.Client","Method","Private","Classify",1,0,0,0,0,""
"src/SharpLink.Client/SharpLinkCircuitBreaker.cs",120,"SharpLink.Client","NamedType","Internal","global::SharpLink.Client.SharpLinkCircuitBreaker.CircuitBreakerConfiguration",17,0,0,0,0,""
"src/SharpLink.Client/SharpLinkCircuitBreaker.cs",122,"SharpLink.Client","Method","Private","CircuitBreakerConfiguration",1,0,0,0,0,"Constructor/activation"
"src/SharpLink.Client/SharpLinkCircuitBreaker.cs",136,"SharpLink.Client","Property","Internal","MinimumThroughput",12,0,18,1,1,""
"src/SharpLink.Client/SharpLinkCircuitBreaker.cs",137,"SharpLink.Client","Property","Internal","FailureRatio",9,0,18,1,1,""
"src/SharpLink.Client/SharpLinkCircuitBreaker.cs",138,"SharpLink.Client","Property","Internal","SamplingDuration",9,0,17,1,1,""
"src/SharpLink.Client/SharpLinkCircuitBreaker.cs",139,"SharpLink.Client","Property","Internal","BreakDuration",11,0,17,1,1,""
"src/SharpLink.Client/SharpLinkCircuitBreaker.cs",140,"SharpLink.Client","Property","Internal","HalfOpenMaxCalls",8,0,17,0,0,""
"src/SharpLink.Client/SharpLinkCircuitBreaker.cs",142,"SharpLink.Client","Method","Internal","CopyValidated",11,0,0,0,0,""
"src/SharpLink.Client/SharpLinkCircuitBreaker.cs",154,"SharpLink.Client","NamedType","Private","global::SharpLink.Client.SharpLinkCircuitBreaker.CircuitKey",5,0,0,0,0,""
"src/SharpLink.Client/SharpLinkCircuitBreaker.cs",156,"SharpLink.Client","NamedType","Private","global::SharpLink.Client.SharpLinkCircuitBreaker.CircuitSample",14,0,0,0,0,""
"src/SharpLink.Client/SharpLinkCircuitBreaker.cs",158,"SharpLink.Client","Field","Public","Ignore",3,0,0,0,0,"Enum/protocol identity"
"src/SharpLink.Client/SharpLinkCircuitBreaker.cs",159,"SharpLink.Client","Field","Public","Success",3,0,0,0,0,"Enum/protocol identity"
"src/SharpLink.Client/SharpLinkCircuitBreaker.cs",160,"SharpLink.Client","Field","Public","Failure",5,0,0,0,0,"Enum/protocol identity"
"src/SharpLink.Client/SharpLinkCircuitBreaker.cs",163,"SharpLink.Client","NamedType","Private","global::SharpLink.Client.SharpLinkCircuitBreaker.CircuitState",6,0,0,0,0,""
"src/SharpLink.Client/SharpLinkCircuitBreaker.cs",166,"SharpLink.Client","Field","Private","Open",4,0,0,0,0,""
"src/SharpLink.Client/SharpLinkCircuitBreaker.cs",167,"SharpLink.Client","Field","Private","HalfOpen",4,0,0,0,0,""
"src/SharpLink.Client/SharpLinkCircuitBreaker.cs",170,"SharpLink.Client","Field","Private","_samplesGate",5,0,0,0,0,""
"src/SharpLink.Client/SharpLinkCircuitBreaker.cs",171,"SharpLink.Client","Field","Private","_timestamps",12,0,0,0,0,""
"src/SharpLink.Client/SharpLinkCircuitBreaker.cs",172,"SharpLink.Client","Field","Private","_failures",7,0,0,0,0,""
"src/SharpLink.Client/SharpLinkCircuitBreaker.cs",174,"SharpLink.Client","Field","Private","_openUntil",2,0,0,0,0,""
"src/SharpLink.Client/SharpLinkCircuitBreaker.cs",175,"SharpLink.Client","Field","Private","_halfOpenInFlight",7,0,0,0,0,""
"src/SharpLink.Client/SharpLinkCircuitBreaker.cs",176,"SharpLink.Client","Field","Private","_halfOpenEpoch",5,0,0,0,0,""
"src/SharpLink.Client/SharpLinkCircuitBreaker.cs",177,"SharpLink.Client","Field","Private","_head",11,0,0,0,0,""
"src/SharpLink.Client/SharpLinkCircuitBreaker.cs",178,"SharpLink.Client","Field","Private","_count",11,0,0,0,0,""
"src/SharpLink.Client/SharpLinkCircuitBreaker.cs",179,"SharpLink.Client","Field","Private","_failureCount",7,0,0,0,0,""
"src/SharpLink.Client/SharpLinkCircuitBreaker.cs",181,"SharpLink.Client","Method","Public","CircuitState",2,0,0,0,0,"Constructor/activation"
"src/SharpLink.Client/SharpLinkCircuitBreaker.cs",294,"SharpLink.Client","Method","Private","ReportHalfOpen",1,0,0,0,0,""
"src/SharpLink.Client/SharpLinkCircuitBreaker.cs",322,"SharpLink.Client","Method","Private","BeginHalfOpenLocked",1,0,0,0,0,""
"src/SharpLink.Client/SharpLinkCircuitBreaker.cs",329,"SharpLink.Client","Method","Private","OpenCircuitLocked",4,0,0,0,0,""
"src/SharpLink.Client/SharpLinkCircuitBreaker.cs",340,"SharpLink.Client","Method","Private","NextHalfOpenEpoch",2,0,0,0,0,""
"src/SharpLink.Client/SharpLinkCircuitBreaker.cs",343,"SharpLink.Client","Method","Private","Prune",2,0,0,0,0,""
"src/SharpLink.Client/SharpLinkCircuitBreaker.cs",355,"SharpLink.Client","Method","Private","EnsureCapacity",2,0,0,0,0,""
"src/SharpLink.Client/SharpLinkCircuitBreaker.cs",375,"SharpLink.Client","Method","Private","GetRequiredCapacity",2,0,0,0,0,""
"src/SharpLink.Client/SharpLinkCircuitBreakerOptions.cs",4,"SharpLink.Client","NamedType","Public","global::SharpLink.Client.SharpLinkCircuitBreakerOptions",12,0,21,1,0,""
"src/SharpLink.Client/SharpLinkCircuitBreakerOptions.cs",21,"SharpLink.Client","Method","Internal","CloneValidated",13,0,13,1,0,""
"src/SharpLink.Client/SharpLinkClient.AssemblyRegistration.cs",36,"SharpLink.Client","NamedType","Internal","global::SharpLink.Client.SharpLinkClient.ClientProxyRegistration",28,0,0,0,0,""
"src/SharpLink.Client/SharpLinkClient.AssemblyRegistration.cs",38,"SharpLink.Client","Method","Internal","ClientProxyRegistration",3,0,0,0,0,"Constructor/activation"
"src/SharpLink.Client/SharpLinkClient.AssemblyRegistration.cs",48,"SharpLink.Client","Property","Internal","Descriptor",9,0,0,0,0,""
"src/SharpLink.Client/SharpLinkClient.AssemblyRegistration.cs",50,"SharpLink.Client","Property","Internal","Module",9,0,0,0,0,""
"src/SharpLink.Client/SharpLinkClient.AssemblyRegistration.cs",52,"SharpLink.Client","Property","Internal","Codecs",6,0,0,0,0,""
"src/SharpLink.Client/SharpLinkClient.AssemblyRegistration.cs",54,"SharpLink.Client","Field","Internal","Proxy",3,0,0,0,0,""
"src/SharpLink.Client/SharpLinkClient.Attempts.cs",10,"SharpLink.Client","NamedType","Private","global::SharpLink.Client.SharpLinkClient.AttemptOutcomeState",12,0,0,0,0,""
"src/SharpLink.Client/SharpLinkClient.Attempts.cs",13,"SharpLink.Client","Field","Private","_method",14,0,0,0,0,""
"src/SharpLink.Client/SharpLinkClient.Attempts.cs",14,"SharpLink.Client","Field","Private","_attemptStarted",3,0,0,0,0,""
"src/SharpLink.Client/SharpLinkClient.Attempts.cs",15,"SharpLink.Client","Field","Private","_endpointStarted",3,0,0,0,0,""
"src/SharpLink.Client/SharpLinkClient.Attempts.cs",16,"SharpLink.Client","Field","Private","_responseObserved",7,0,0,0,0,""
"src/SharpLink.Client/SharpLinkClient.Attempts.cs",17,"SharpLink.Client","Field","Private","_admissionEndpoint",3,0,0,0,0,""
"src/SharpLink.Client/SharpLinkClient.Attempts.cs",18,"SharpLink.Client","Field","Private","_admissionPolicy",4,0,0,0,0,""
"src/SharpLink.Client/SharpLinkClient.Attempts.cs",19,"SharpLink.Client","Field","Private","_admissionToken",3,0,0,0,0,""
"src/SharpLink.Client/SharpLinkClient.Attempts.cs",20,"SharpLink.Client","Field","Private","_hasAdmissionLease",3,0,0,0,0,""
"src/SharpLink.Client/SharpLinkClient.Attempts.cs",21,"SharpLink.Client","Field","Private","_retryAfter",6,0,0,0,0,""
"src/SharpLink.Client/SharpLinkClient.Attempts.cs",23,"SharpLink.Client","Method","Public","AttemptOutcomeState",6,0,0,0,0,"Constructor/activation"
"src/SharpLink.Client/SharpLinkClient.Attempts.cs",31,"SharpLink.Client","Property","Public","RetryAfter",1,0,0,0,0,""
"src/SharpLink.Client/SharpLinkClient.Attempts.cs",35,"SharpLink.Client","Method","Public","ResetForRetryAttempt",1,0,0,0,0,""
"src/SharpLink.Client/SharpLinkClient.Attempts.cs",96,"SharpLink.Client","Method","Public","CompleteWithoutPending",6,0,0,0,0,""
"src/SharpLink.Client/SharpLinkClient.Attempts.cs",103,"SharpLink.Client","Method","Public","CompleteLocalFailure",9,0,0,0,0,""
"src/SharpLink.Client/SharpLinkClient.Attempts.cs",124,"SharpLink.Client","Method","Public","CreateRetryContext",1,0,0,0,0,""
"src/SharpLink.Client/SharpLinkClient.Attempts.cs",168,"SharpLink.Client","Method","Private","ToOutcomeKind",1,0,0,0,0,""
"src/SharpLink.Client/SharpLinkClient.Attempts.cs",184,"SharpLink.Client","Method","Private","GetErrorCode",3,0,0,0,0,""
"src/SharpLink.Client/SharpLinkClient.CallControlTelemetry.cs",8,"SharpLink.Client","Method","Internal","CaptureInterceptorGenerationForInvocation",7,0,0,0,0,""
"src/SharpLink.Client/SharpLinkClient.CallControlTelemetry.cs",11,"SharpLink.Client","Method","Internal","ResolveCallControlForInvocation",7,0,1,0,0,""
"src/SharpLink.Client/SharpLinkClient.CallControlTelemetry.cs",50,"SharpLink.Client","Method","Private","MayObserveSharedLogicalCallAcrossParticipants",1,0,0,0,0,""
"src/SharpLink.Client/SharpLinkClient.CallOptions.cs",5,"SharpLink.Client","Method","Internal","ResolveCallControl",2,0,11,0,0,""
"src/SharpLink.Client/SharpLinkClient.CallOptions.cs",148,"SharpLink.Client","Method","Private","DelayForRetryOrAdmissionAsync",1,0,0,0,0,""
"src/SharpLink.Client/SharpLinkClient.CallOptions.cs",183,"SharpLink.Client","NamedType","Internal","global::SharpLink.Client.SharpLinkClient.ClientLogicalCallState",4,0,0,0,0,""
"src/SharpLink.Client/SharpLinkClient.CallOptions.cs",185,"SharpLink.Client","Field","Private","_deadlineClaimed",3,0,0,0,0,""
"src/SharpLink.Client/SharpLinkClient.CallOptions.cs",187,"SharpLink.Client","Method","Internal","TryEnterProgress",6,0,0,0,0,""
"src/SharpLink.Client/SharpLinkClient.CallOptions.cs",202,"SharpLink.Client","Method","Internal","TryClaimDeadline",8,0,0,0,0,""
"src/SharpLink.Client/SharpLinkClient.CallOptions.cs",206,"SharpLink.Client","NamedType","Internal","global::SharpLink.Client.SharpLinkClient.ResolvedCallControl",58,0,15,0,0,""
"src/SharpLink.Client/SharpLinkClient.ClusterSupportTopology.cs",7,"SharpLink.Client","NamedType","Private","global::SharpLink.Client.SharpLinkClient.StaticClusterRuntime",9,0,0,0,0,""
"src/SharpLink.Client/SharpLinkClient.ClusterSupportTopology.cs",26,"SharpLink.Client","Method","Public","CaptureSupportTopology",2,0,0,0,0,""
"src/SharpLink.Client/SharpLinkClient.ClusterSupportTopology.cs",109,"SharpLink.Client","NamedType","Private","global::SharpLink.Client.SharpLinkClient.DynamicClusterRuntime",9,0,0,0,0,""
"src/SharpLink.Client/SharpLinkClient.Compression.cs",6,"SharpLink.Client","Field","Private","_responseCompressionPreference",5,0,0,0,0,""
"src/SharpLink.Client/SharpLinkClient.Compression.cs",8,"SharpLink.Client","Property","Internal","BeforeResponseCompressionReadyReconciliationTestHook",1,0,2,0,0,""
"src/SharpLink.Client/SharpLinkClient.Compression.cs",36,"SharpLink.Client","Method","Internal","ApplyResponseCompressionPreferenceToCohortAsync",2,0,2,0,0,""
"src/SharpLink.Client/SharpLinkClient.Compression.cs",93,"SharpLink.Client","Method","Private","CaptureResponseCompressionPreference",3,0,0,0,0,""
"src/SharpLink.Client/SharpLinkClient.Compression.cs",96,"SharpLink.Client","Method","Private","ReconcileResponseCompressionPreferenceAfterReadyPublication",6,0,0,0,0,""
"src/SharpLink.Client/SharpLinkClient.Compression.cs",109,"SharpLink.Client","Method","Private","ThrowResponseCompressionPreferenceFailures",1,0,0,0,0,""
"src/SharpLink.Client/SharpLinkClient.Compression.cs",118,"SharpLink.Client","Method","Private","PublishResponseCompressionPreference",1,0,0,0,0,""
"src/SharpLink.Client/SharpLinkClient.Compression.cs",143,"SharpLink.Client","Method","Private","CaptureResponseCompressionPreferenceCohort",2,0,0,0,0,""
"src/SharpLink.Client/SharpLinkClient.ContractBinding.cs",7,"SharpLink.Client","Field","Private","_remoteContractManifestGate",1,0,0,0,0,""
"src/SharpLink.Client/SharpLinkClient.ContractBinding.cs",8,"SharpLink.Client","Field","Private","_remoteContractManifests",8,0,0,0,0,""
"src/SharpLink.Client/SharpLinkClient.ContractBinding.cs",9,"SharpLink.Client","Field","Private","_remoteContractManifestSnapshot",3,0,0,0,0,""
"src/SharpLink.Client/SharpLinkClient.ContractBinding.cs",11,"SharpLink.Client","Method","Private","PublishRemoteContractManifest",2,0,0,0,0,""
"src/SharpLink.Client/SharpLinkClient.ContractBinding.cs",50,"SharpLink.Client","Method","Private","PruneDisconnectedRemoteContractManifestsLocked",1,0,0,0,0,""
"src/SharpLink.Client/SharpLinkClient.ContractBinding.cs",68,"SharpLink.Client","Method","Private","ValidateAcquiredContractAssemblies",1,0,0,0,0,""
"src/SharpLink.Client/SharpLinkClient.ContractBinding.cs",78,"SharpLink.Client","Method","Private","ValidateRemoteContractAssembly",4,0,0,0,0,""
"src/SharpLink.Client/SharpLinkClient.ContractBinding.cs",146,"SharpLink.Client","NamedType","Private","global::SharpLink.Client.SharpLinkClient.RemoteContractManifestBinding",5,0,0,0,0,""
"src/SharpLink.Client/SharpLinkClient.cs",10,"SharpLink.Client","Field","Private","transportFactory",6,0,0,0,0,""
"src/SharpLink.Client/SharpLinkClient.cs",13,"SharpLink.Client","Field","Private","_fixedEndpoint",8,0,0,0,0,""
"src/SharpLink.Client/SharpLinkClient.cs",15,"SharpLink.Client","Field","Private","_assemblyRegistry",11,0,0,0,0,""
"src/SharpLink.Client/SharpLinkClient.cs",18,"SharpLink.Client","Field","Private","_proxies",4,0,0,0,0,""
"src/SharpLink.Client/SharpLinkClient.cs",19,"SharpLink.Client","Field","Private","_shutdownCts",129,0,0,0,0,""
"src/SharpLink.Client/SharpLinkClient.cs",20,"SharpLink.Client","Field","Private","_stateGate",51,0,0,0,0,""
"src/SharpLink.Client/SharpLinkClient.cs",21,"SharpLink.Client","Field","Private","_readySignalGate",2,0,0,0,0,""
"src/SharpLink.Client/SharpLinkClient.cs",22,"SharpLink.Client","Field","Private","_poolGate",15,0,0,0,0,""
"src/SharpLink.Client/SharpLinkClient.cs",23,"SharpLink.Client","Field","Private","_frameworkTasks",12,0,0,0,0,""
"src/SharpLink.Client/SharpLinkClient.cs",24,"SharpLink.Client","Field","Private","_reconnectSignal",5,0,0,0,0,""
"src/SharpLink.Client/SharpLinkClient.cs",27,"SharpLink.Client","Field","Private","_poolStopping",7,0,0,0,0,""
"src/SharpLink.Client/SharpLinkClient.cs",29,"SharpLink.Client","Field","Private","_reconnectTask",3,0,0,0,0,""
"src/SharpLink.Client/SharpLinkClient.cs",30,"SharpLink.Client","Field","Private","_expansionTask",4,0,0,0,0,""
"src/SharpLink.Client/SharpLinkClient.cs",32,"SharpLink.Client","Field","Private","_stopStarted",31,0,0,0,0,""
"src/SharpLink.Client/SharpLinkClient.cs",33,"SharpLink.Client","Field","Private","_readySignal",9,0,0,0,0,""
"src/SharpLink.Client/SharpLinkClient.cs",34,"SharpLink.Client","Field","Private","_activeLogicalInvocations",16,0,0,0,0,""
"src/SharpLink.Client/SharpLinkClient.cs",36,"SharpLink.Client","Field","Private","_reconnectDelayTicks",5,0,0,0,0,""
"src/SharpLink.Client/SharpLinkClient.cs",37,"SharpLink.Client","Field","Private","_readyTimestamp",5,0,0,0,0,""
"src/SharpLink.Client/SharpLinkClient.cs",38,"SharpLink.Client","Field","Private","_hasReconnectReadyTimestamp",4,0,0,0,0,""
"src/SharpLink.Client/SharpLinkClient.cs",41,"SharpLink.Client","Field","Private","_hasRequestTimeout",3,0,0,0,0,""
"src/SharpLink.Client/SharpLinkClient.cs",42,"SharpLink.Client","Field","Private","_requestTimeoutValue",4,0,0,0,0,""
"src/SharpLink.Client/SharpLinkClient.cs",43,"SharpLink.Client","Field","Private","_requestTimeoutSource",2,0,0,0,0,""
"src/SharpLink.Client/SharpLinkClient.cs",45,"SharpLink.Client","Field","Private","_protocolOptions",30,0,0,0,0,""
"src/SharpLink.Client/SharpLinkClient.cs",46,"SharpLink.Client","Field","Private","_logger",68,0,0,0,0,""
"src/SharpLink.Client/SharpLinkClient.cs",48,"SharpLink.Client","Field","Private","_connectionPoolOptions",24,0,0,0,0,""
"src/SharpLink.Client/SharpLinkClient.cs",49,"SharpLink.Client","Field","Private","_clientInterceptorGeneration",4,0,0,0,0,""
"src/SharpLink.Client/SharpLinkClient.cs",50,"SharpLink.Client","Field","Private","_retryOptions",3,0,0,0,0,""
"src/SharpLink.Client/SharpLinkClient.cs",62,"SharpLink.Client","Method","Internal","SharpLinkClient",1,0,0,0,0,"Constructor/activation"
"src/SharpLink.Client/SharpLinkClient.cs",125,"SharpLink.Client","Method","Internal","CreateFrameworkTaskSupervisor",1,0,0,0,0,""
"src/SharpLink.Client/SharpLinkClient.cs",134,"SharpLink.Client","Property","Private","TimeProvider",5,0,0,0,0,"Interface implementation"
"src/SharpLink.Client/SharpLinkClient.cs",215,"SharpLink.Client","Method","Private","StopStaticClusterCoreAsync",1,0,0,0,0,""
"src/SharpLink.Client/SharpLinkClient.cs",251,"SharpLink.Client","Method","Private","ThrowStopCleanupFailures",2,0,0,0,0,""
"src/SharpLink.Client/SharpLinkClient.cs",260,"SharpLink.Client","Method","Private","IsExpectedStopException",2,0,0,0,0,""
"src/SharpLink.Client/SharpLinkClient.cs",264,"SharpLink.Client","Method","Internal","TrackFrameworkTask",36,0,4,0,0,""
"src/SharpLink.Client/SharpLinkClient.cs",276,"SharpLink.Client","Method","Private","CreateConnectionClosedException",38,0,0,0,0,""
"src/SharpLink.Client/SharpLinkClient.cs",279,"SharpLink.Client","Method","Private","CreateHeartbeatTimeoutException",1,0,0,0,0,""
"src/SharpLink.Client/SharpLinkClient.cs",282,"SharpLink.Client","Method","Private","CreateProtocolViolationException",9,0,0,0,0,""
"src/SharpLink.Client/SharpLinkClient.cs",285,"SharpLink.Client","Method","Private","TransitionTo",22,0,0,0,0,""
"src/SharpLink.Client/SharpLinkClient.cs",314,"SharpLink.Client","Method","Private","NormalizeAvailabilityState",1,0,0,0,0,""
"src/SharpLink.Client/SharpLinkClient.cs",342,"SharpLink.Client","Method","Private","CreateReadySignal",2,0,0,0,0,""
"src/SharpLink.Client/SharpLinkClient.cs",345,"SharpLink.Client","Method","Private","PulseReadySignal",2,0,0,0,0,""
"src/SharpLink.Client/SharpLinkClient.cs",353,"SharpLink.Client","Property","Internal","PendingCallCount",1,0,12,0,0,""
"src/SharpLink.Client/SharpLinkClient.cs",367,"SharpLink.Client","Property","Internal","ActiveClientCallCount",2,0,14,0,0,""
"src/SharpLink.Client/SharpLinkClient.cs",381,"SharpLink.Client","Property","Internal","ActiveClientStreamCount",1,0,12,0,0,""
"src/SharpLink.Client/SharpLinkClient.cs",397,"SharpLink.Client","Property","Private","ActiveStreamCount",2,0,0,0,0,"Interface implementation"
"src/SharpLink.Client/SharpLinkClient.DynamicChannel.cs",3,"SharpLink.Client","NamedType","Internal","global::SharpLink.Client.SharpLinkModuleRpcChannel",2,0,2,0,0,""
"src/SharpLink.Client/SharpLinkClient.DynamicChannel.cs",7,"SharpLink.Client","Method","Public","InvokeUnaryAsync<TRequest, TResponse>",1,0,0,0,0,""
"src/SharpLink.Client/SharpLinkClient.DynamicChannel.cs",28,"SharpLink.Client","Method","Public","InvokeOneWayAsync<TRequest, TStreams>",1,0,0,0,0,""
"src/SharpLink.Client/SharpLinkClient.DynamicChannel.cs",49,"SharpLink.Client","Method","Public","InvokeClientStreamingAsync<TRequest, TResponse, TStreams>",1,0,0,0,0,""
"src/SharpLink.Client/SharpLinkClient.DynamicChannel.cs",113,"SharpLink.Client","Method","Private","AwaitAsync<T>",2,0,0,0,0,""
"src/SharpLink.Client/SharpLinkClient.DynamicChannel.cs",130,"SharpLink.Client","Method","Private","AwaitAsync",1,0,0,0,0,""
"src/SharpLink.Client/SharpLinkClient.DynamicChannel.cs",137,"SharpLink.Client","Method","Private","InvokeServerStreamingDeferred<TRequest, TResponse>",1,0,0,0,0,""
"src/SharpLink.Client/SharpLinkClient.DynamicChannel.cs",165,"SharpLink.Client","Method","Private","InvokeDuplexStreamingDeferred<TRequest, TResponse, TStreams>",1,0,0,0,0,""
"src/SharpLink.Client/SharpLinkClient.DynamicChannel.cs",216,"SharpLink.Client","Method","Private","Draining",7,0,0,0,0,""
"src/SharpLink.Client/SharpLinkClient.DynamicChannel.cs",218,"SharpLink.Client","Method","Private","Combine",5,0,0,0,0,""
"src/SharpLink.Client/SharpLinkClient.DynamicChannel.cs",226,"SharpLink.Client","NamedType","Private","global::SharpLink.Client.SharpLinkModuleRpcChannel.CombinedCancellation",11,0,0,0,0,""
"src/SharpLink.Client/SharpLinkClient.DynamicChannel.cs",228,"SharpLink.Client","Property","Internal","Token",7,0,0,0,0,""
"src/SharpLink.Client/SharpLinkClient.DynamicChannel.cs",233,"SharpLink.Client","NamedType","Internal","global::SharpLink.Client.SharpLinkClientStreamModuleLeaseOwner",10,0,0,0,0,""
"src/SharpLink.Client/SharpLinkClient.DynamicChannel.cs",235,"SharpLink.Client","Field","Private","_claimed",2,0,0,0,0,""
"src/SharpLink.Client/SharpLinkClient.DynamicChannel.cs",237,"SharpLink.Client","Method","Internal","TakeLease",2,0,0,0,0,""
"src/SharpLink.Client/SharpLinkClient.DynamicChannel.cs",251,"SharpLink.Client","NamedType","Internal","global::SharpLink.Client.SharpLinkClientStreamModuleLeaseContext",4,0,0,0,0,""
"src/SharpLink.Client/SharpLinkClient.DynamicChannel.cs",253,"SharpLink.Client","Field","Private","CurrentOwner",4,0,0,0,0,""
"src/SharpLink.Client/SharpLinkClient.DynamicChannel.cs",257,"SharpLink.Client","Method","Internal","Push",2,0,0,0,0,""
"src/SharpLink.Client/SharpLinkClient.DynamicChannel.cs",264,"SharpLink.Client","NamedType","Internal","global::SharpLink.Client.SharpLinkClientStreamModuleLeaseContext.Scope",2,0,0,0,0,""
"src/SharpLink.Client/SharpLinkClient.DynamicCluster.cs",13,"SharpLink.Client","Field","Private","_transportFactory",2,0,0,0,0,""
"src/SharpLink.Client/SharpLinkClient.DynamicCluster.cs",18,"SharpLink.Client","Field","Private","_lifecycle",41,0,0,0,0,""
"src/SharpLink.Client/SharpLinkClient.DynamicCluster.cs",19,"SharpLink.Client","Field","Private","_reconnect",20,0,0,0,0,""
"src/SharpLink.Client/SharpLinkClient.DynamicCluster.cs",20,"SharpLink.Client","Field","Private","_topologyChanged",3,0,0,0,0,""
"src/SharpLink.Client/SharpLinkClient.DynamicCluster.cs",21,"SharpLink.Client","Field","Private","_initialConnectCoordinatorCount",6,0,0,0,0,""
"src/SharpLink.Client/SharpLinkClient.DynamicCluster.cs",22,"SharpLink.Client","Field","Private","_telemetryActiveEndpointCount",4,0,0,0,0,""
"src/SharpLink.Client/SharpLinkClient.DynamicCluster.cs",23,"SharpLink.Client","Field","Private","_telemetryReadyEndpointCount",4,0,0,0,0,""
"src/SharpLink.Client/SharpLinkClient.DynamicCluster.cs",24,"SharpLink.Client","Field","Private","_telemetryDrainingEndpointCount",4,0,0,0,0,""
"src/SharpLink.Client/SharpLinkClient.DynamicCluster.cs",26,"SharpLink.Client","Method","Public","DynamicClusterRuntime",1,0,0,0,0,"Constructor/activation"
"src/SharpLink.Client/SharpLinkClient.DynamicCluster.cs",89,"SharpLink.Client","Method","Public","GetReadyConnection",11,0,0,0,0,""
"src/SharpLink.Client/SharpLinkClient.DynamicCluster.cs",159,"SharpLink.Client","Method","Public","MarkConnectionDraining",3,0,0,0,0,""
"src/SharpLink.Client/SharpLinkClient.DynamicCluster.cs",184,"SharpLink.Client","Method","Public","TryGetEndpointCandidate",1,0,0,0,0,""
"src/SharpLink.Client/SharpLinkClient.DynamicCluster.cs",204,"SharpLink.Client","Method","Public","HandleConnectionFailure",2,0,0,0,0,""
"src/SharpLink.Client/SharpLinkClient.DynamicCluster.cs",219,"SharpLink.Client","Method","Public","RetireDrainingConnectionIfIdle",5,0,0,0,0,""
"src/SharpLink.Client/SharpLinkClient.DynamicCluster.cs",243,"SharpLink.Client","Method","Private","StartAsync",1,0,5,0,0,""
"src/SharpLink.Client/SharpLinkClient.DynamicCluster.cs",285,"SharpLink.Client","Method","Private","WaitForRecoveryAsync",2,0,0,0,0,""
"src/SharpLink.Client/SharpLinkClient.DynamicCluster.cs",307,"SharpLink.Client","Method","Private","HasAcceptedEmptyTopology",3,0,0,0,0,""
"src/SharpLink.Client/SharpLinkClient.DynamicCluster.cs",313,"SharpLink.Client","Method","Private","CaptureTopologyChangedSignal",2,0,0,0,0,""
"src/SharpLink.Client/SharpLinkClient.DynamicCluster.cs",322,"SharpLink.Client","Method","Private","CreateTopologyChangedSignal",2,0,0,0,0,""
"src/SharpLink.Client/SharpLinkClient.DynamicCluster.cs",325,"SharpLink.Client","Method","Private","ApplySnapshotAsync",2,0,0,0,0,""
"src/SharpLink.Client/SharpLinkClient.DynamicCluster.cs",487,"SharpLink.Client","Method","Private","RetireEndpointLocked",1,0,0,0,0,""
"src/SharpLink.Client/SharpLinkClient.DynamicCluster.cs",500,"SharpLink.Client","Method","Private","ConnectCurrentEndpointsAsync",1,0,0,0,0,""
"src/SharpLink.Client/SharpLinkClient.DynamicCluster.cs",590,"SharpLink.Client","Method","Private","TrackInitialDials",4,0,0,0,0,""
"src/SharpLink.Client/SharpLinkClient.DynamicCluster.cs",606,"SharpLink.Client","Method","Private","ObserveInitialDialAsync",2,0,0,0,0,""
"src/SharpLink.Client/SharpLinkClient.DynamicCluster.cs",626,"SharpLink.Client","Method","Private","TryConnectOneAfterInitialReservationAsync",4,0,0,0,0,""
"src/SharpLink.Client/SharpLinkClient.DynamicCluster.cs",635,"SharpLink.Client","Method","Private","TryConnectOneAsync",2,0,0,0,0,""
"src/SharpLink.Client/SharpLinkClient.DynamicCluster.cs",652,"SharpLink.Client","Method","Private","ConnectOneAsync",9,0,0,0,0,""
"src/SharpLink.Client/SharpLinkClient.DynamicCluster.cs",770,"SharpLink.Client","Method","Private","HandleDisconnected",14,0,0,0,0,""
"src/SharpLink.Client/SharpLinkClient.DynamicCluster.cs",805,"SharpLink.Client","Method","Private","EnsureExpansion",3,0,0,0,0,""
"src/SharpLink.Client/SharpLinkClient.DynamicCluster.cs",822,"SharpLink.Client","Method","Private","ExpandAsync",2,0,0,0,0,""
"src/SharpLink.Client/SharpLinkClient.DynamicCluster.cs",839,"SharpLink.Client","Method","Private","UpdateClientReadiness",7,0,0,0,0,""
"src/SharpLink.Client/SharpLinkClient.DynamicCluster.cs",851,"SharpLink.Client","Method","Private","PublishReadySnapshotLocked",26,0,0,0,0,""
"src/SharpLink.Client/SharpLinkClient.DynamicCluster.cs",870,"SharpLink.Client","Method","Private","FindEndpointLocked",15,0,0,0,0,""
"src/SharpLink.Client/SharpLinkClient.DynamicCluster.cs",873,"SharpLink.Client","Method","Private","IsCurrentLocked",6,0,0,0,0,""
"src/SharpLink.Client/SharpLinkClient.DynamicCluster.cs",876,"SharpLink.Client","Method","Private","IsRetiringBudgetExceededLocked",3,0,0,0,0,""
"src/SharpLink.Client/SharpLinkClient.DynamicCluster.cs",888,"SharpLink.Client","Method","Private","ScheduleRetiredStateRelease",3,0,0,0,0,""
"src/SharpLink.Client/SharpLinkClient.DynamicCluster.cs",898,"SharpLink.Client","Method","Private","ScheduleRetiredStateReleaseLocked",4,0,0,0,0,""
"src/SharpLink.Client/SharpLinkClient.DynamicCluster.cs",903,"SharpLink.Client","Method","Private","RetireAdmissionStateIfReleased",1,0,0,0,0,""
"src/SharpLink.Client/SharpLinkClient.DynamicCluster.cs",922,"SharpLink.Client","Method","Private","ReleaseRetiredStateAsync",1,0,0,0,0,""
"src/SharpLink.Client/SharpLinkClient.DynamicCluster.cs",947,"SharpLink.Client","Method","Private","DetachForStopLocked",1,0,0,0,0,""
"src/SharpLink.Client/SharpLinkClient.DynamicCluster.cs",976,"SharpLink.Client","Method","Private","SameGeneration",2,0,0,0,0,""
"src/SharpLink.Client/SharpLinkClient.DynamicCluster.cs",979,"SharpLink.Client","Method","Private","HasUniqueFactoryOwnershipLocked",1,0,0,0,0,""
"src/SharpLink.Client/SharpLinkClient.DynamicCluster.cs",982,"SharpLink.Client","Method","Private","GetOwnedFactoriesLocked",4,0,0,0,0,""
"src/SharpLink.Client/SharpLinkClient.DynamicCluster.SessionRefresh.cs",7,"SharpLink.Client","Field","Private","_sessionRefreshDebt",24,0,0,0,0,""
"src/SharpLink.Client/SharpLinkClient.DynamicCluster.SessionRefresh.cs",8,"SharpLink.Client","Field","Private","_sessionRefreshWorker",12,0,0,0,0,""
"src/SharpLink.Client/SharpLinkClient.DynamicCluster.SessionRefresh.cs",9,"SharpLink.Client","Field","Private","_sessionRefreshTask",6,0,0,0,0,""
"src/SharpLink.Client/SharpLinkClient.DynamicCluster.SessionRefresh.cs",11,"SharpLink.Client","Method","Public","RequestSessionRefresh",1,0,0,0,0,""
"src/SharpLink.Client/SharpLinkClient.DynamicCluster.SessionRefresh.cs",48,"SharpLink.Client","Method","Private","EnsureSessionRefreshWorkerLocked",2,0,0,0,0,""
"src/SharpLink.Client/SharpLinkClient.DynamicCluster.SessionRefresh.cs",59,"SharpLink.Client","Method","Private","RunSessionRefreshRolloutAsync",2,0,0,0,0,""
"src/SharpLink.Client/SharpLinkClient.DynamicCluster.SessionRefresh.cs",150,"SharpLink.Client","Method","Private","ReleaseSessionRefreshWorkerLocked",6,0,0,0,0,""
"src/SharpLink.Client/SharpLinkClient.DynamicCluster.SessionRefresh.cs",158,"SharpLink.Client","Method","Private","CanPlanRefreshLocked",6,0,0,0,0,""
"src/SharpLink.Client/SharpLinkClient.DynamicCluster.SessionRefresh.cs",178,"SharpLink.Client","Method","Private","ReplaceSessionAsync",2,0,0,0,0,""
"src/SharpLink.Client/SharpLinkClient.DynamicCluster.SessionRefresh.cs",366,"SharpLink.Client","Method","Public","TryAdvancePlannedSessionRefreshRetirement",6,0,0,0,0,""
"src/SharpLink.Client/SharpLinkClient.DynamicCluster.SessionRefresh.cs",402,"SharpLink.Client","Method","Private","DelayRefreshRetryAsync",4,0,0,0,0,""
"src/SharpLink.Client/SharpLinkClient.EndpointCluster.cs",6,"SharpLink.Client","NamedType","Private","global::SharpLink.Client.SharpLinkClient.IEndpointClusterRuntime",12,0,0,0,0,""
"src/SharpLink.Client/SharpLinkClient.EndpointCluster.cs",38,"SharpLink.Client","NamedType","Private","global::SharpLink.Client.SharpLinkClient.EndpointRetrySelectionState",6,0,0,0,0,""
"src/SharpLink.Client/SharpLinkClient.EndpointCluster.cs",41,"SharpLink.Client","Field","Private","_excludedMask",6,0,0,0,0,""
"src/SharpLink.Client/SharpLinkClient.EndpointCluster.cs",43,"SharpLink.Client","Method","Public","GetExcludedMask",2,0,0,0,0,""
"src/SharpLink.Client/SharpLinkClient.EndpointCluster.cs",56,"SharpLink.Client","Method","Public","Exclude",4,0,0,0,0,""
"src/SharpLink.Client/SharpLinkClient.Health.cs",72,"SharpLink.Client","Method","Private","ThrowIfHealthProbeCannotRun",1,0,0,0,0,""
"src/SharpLink.Client/SharpLinkClient.Health.cs",88,"SharpLink.Client","Method","Private","IsHealthProbeTerminalLifecycle",1,0,0,0,0,""
"src/SharpLink.Client/SharpLinkClient.Health.cs",99,"SharpLink.Client","Method","Private","TryGetHealthProbeConnection",1,0,0,0,0,""
"src/SharpLink.Client/SharpLinkClient.Health.cs",122,"SharpLink.Client","Method","Private","IsHealthProbeUnavailable",1,0,0,0,0,""
"src/SharpLink.Client/SharpLinkClient.Health.cs",132,"SharpLink.Client","Method","Private","DispatchHealthResponse",1,0,0,0,0,""
"src/SharpLink.Client/SharpLinkClient.Health.cs",143,"SharpLink.Client","NamedType","Private","global::SharpLink.Client.SharpLinkClient.HealthResponseCodec",2,0,0,0,0,""
"src/SharpLink.Client/SharpLinkClient.InterceptorGeneration.cs",5,"SharpLink.Client","NamedType","Internal","global::SharpLink.Client.SharpLinkClient.ClientInterceptorGeneration",37,0,6,0,0,""
"src/SharpLink.Client/SharpLinkClient.InterceptorGeneration.cs",7,"SharpLink.Client","Field","Private","Terminal",1,0,0,0,0,""
"src/SharpLink.Client/SharpLinkClient.InterceptorGeneration.cs",9,"SharpLink.Client","Method","Private","ClientInterceptorGeneration",1,0,0,0,0,"Constructor/activation"
"src/SharpLink.Client/SharpLinkClient.InterceptorGeneration.cs",16,"SharpLink.Client","Property","Public","Entry",4,0,0,0,0,""
"src/SharpLink.Client/SharpLinkClient.InterceptorGeneration.cs",30,"SharpLink.Client","Method","Private","InvokeTerminalAsync",2,0,0,0,0,""
"src/SharpLink.Client/SharpLinkClient.InterceptorGeneration.cs",34,"SharpLink.Client","Method","Private","GetState",2,0,0,0,0,""
"src/SharpLink.Client/SharpLinkClient.InterceptorGeneration.cs",38,"SharpLink.Client","NamedType","Private","global::SharpLink.Client.SharpLinkClient.ClientInterceptorGeneration.ClientInterceptorNode",1,0,0,0,0,""
"src/SharpLink.Client/SharpLinkClient.InterceptorGeneration.cs",42,"SharpLink.Client","Method","Public","InvokeAsync",3,0,0,0,0,""
"src/SharpLink.Client/SharpLinkClient.Interceptors.cs",5,"SharpLink.Client","Method","Private","InvokeUnaryInterceptedAsync<TRequest, TResponse>",2,0,0,0,0,""
"src/SharpLink.Client/SharpLinkClient.Interceptors.cs",16,"SharpLink.Client","Method","Private","InvokeOneWayInterceptedAsync<TRequest, TStreams>",2,0,0,0,0,""
"src/SharpLink.Client/SharpLinkClient.Interceptors.cs",28,"SharpLink.Client","Method","Private","InvokeClientStreamingInterceptedAsync<TRequest, TResponse, TStreams>",2,0,0,0,0,""
"src/SharpLink.Client/SharpLinkClient.Interceptors.cs",41,"SharpLink.Client","Method","Private","InvokeServerStreamingIntercepted<TRequest, TResponse>",2,0,0,0,0,""
"src/SharpLink.Client/SharpLinkClient.Interceptors.cs",57,"SharpLink.Client","Method","Private","InvokeDuplexStreamingIntercepted<TRequest, TResponse, TStreams>",2,0,0,0,0,""
"src/SharpLink.Client/SharpLinkClient.Interceptors.cs",75,"SharpLink.Client","NamedType","Private","global::SharpLink.Client.SharpLinkClient.ClientInterceptorState",7,0,0,0,0,""
"src/SharpLink.Client/SharpLinkClient.Interceptors.cs",79,"SharpLink.Client","Field","Private","_context",16,0,0,0,0,""
"src/SharpLink.Client/SharpLinkClient.Interceptors.cs",80,"SharpLink.Client","Field","Private","_control",15,0,0,0,0,""
"src/SharpLink.Client/SharpLinkClient.Interceptors.cs",81,"SharpLink.Client","Field","Private","_started",4,0,0,0,0,""
"src/SharpLink.Client/SharpLinkClient.Interceptors.cs",99,"SharpLink.Client","Property","Protected","Client",46,0,6,0,0,""
"src/SharpLink.Client/SharpLinkClient.Interceptors.cs",100,"SharpLink.Client","Property","Protected","Context",2,0,0,0,0,""
"src/SharpLink.Client/SharpLinkClient.Interceptors.cs",102,"SharpLink.Client","Property","Internal","LogicalCall",13,0,6,0,0,""
"src/SharpLink.Client/SharpLinkClient.Interceptors.cs",103,"SharpLink.Client","Property","Internal","InvocationCancellation",2,0,0,0,0,""
"src/SharpLink.Client/SharpLinkClient.Interceptors.cs",108,"SharpLink.Client","Method","Private","RunChainAsync",1,0,0,0,0,""
"src/SharpLink.Client/SharpLinkClient.Interceptors.cs",130,"SharpLink.Client","Method","Protected","RunTypedChainAsync<TResult>",2,0,0,0,0,""
"src/SharpLink.Client/SharpLinkClient.Interceptors.cs",152,"SharpLink.Client","Method","Protected","MarkChainSucceeded",3,0,0,0,0,""
"src/SharpLink.Client/SharpLinkClient.Interceptors.cs",158,"SharpLink.Client","Method","Protected","RunVoidChainAsync",1,0,0,0,0,""
"src/SharpLink.Client/SharpLinkClient.Interceptors.cs",179,"SharpLink.Client","Method","Private","AwaitInvocationWithinFrozenDeadlineAsync",3,0,0,0,0,""
"src/SharpLink.Client/SharpLinkClient.Interceptors.cs",205,"SharpLink.Client","Method","Private","ObserveAbandonedInvocationAsync",2,0,0,0,0,""
"src/SharpLink.Client/SharpLinkClient.Interceptors.cs",212,"SharpLink.Client","Method","Internal","InvokeComposedInterceptorAsync",1,0,0,0,0,""
"src/SharpLink.Client/SharpLinkClient.Interceptors.cs",234,"SharpLink.Client","Method","Internal","InvokeComposedTerminalAsync",1,0,0,0,0,""
"src/SharpLink.Client/SharpLinkClient.Interceptors.cs",247,"SharpLink.Client","Method","Private","InvokeTerminalTrackedAsync",1,0,0,0,0,""
"src/SharpLink.Client/SharpLinkClient.Interceptors.cs",251,"SharpLink.Client","Method","Protected","GetTerminalControl",5,0,0,0,0,""
"src/SharpLink.Client/SharpLinkClient.Interceptors.cs",261,"SharpLink.Client","Method","Private","ThrowIfFrozenDeadlineExpired",1,0,0,0,0,""
"src/SharpLink.Client/SharpLinkClient.Interceptors.cs",273,"SharpLink.Client","Method","Protected","MarkTerminalSucceeded",5,0,0,0,0,""
"src/SharpLink.Client/SharpLinkClient.Interceptors.cs",276,"SharpLink.Client","Method","Protected","MarkTerminalFailed",8,0,0,0,0,""
"src/SharpLink.Client/SharpLinkClient.Interceptors.cs",293,"SharpLink.Client","Method","Protected","MarkTerminalElapsed",8,0,0,0,0,""
"src/SharpLink.Client/SharpLinkClient.Interceptors.cs",299,"SharpLink.Client","Method","Protected","ValidateResult",3,0,0,0,0,"Virtual dispatch"
"src/SharpLink.Client/SharpLinkClient.Interceptors.cs",301,"SharpLink.Client","Method","Private","IsCancellationException",1,0,0,0,0,""
"src/SharpLink.Client/SharpLinkClient.Interceptors.cs",306,"SharpLink.Client","NamedType","Private","global::SharpLink.Client.SharpLinkClient.UnaryInterceptorState<TRequest, TResponse>",1,0,0,0,0,""
"src/SharpLink.Client/SharpLinkClient.Interceptors.cs",309,"SharpLink.Client","Field","Private","_request",10,0,0,0,0,""
"src/SharpLink.Client/SharpLinkClient.Interceptors.cs",310,"SharpLink.Client","Field","Private","_requestCodec",10,0,0,0,0,""
"src/SharpLink.Client/SharpLinkClient.Interceptors.cs",311,"SharpLink.Client","Field","Private","_responseCodec",8,0,0,0,0,""
"src/SharpLink.Client/SharpLinkClient.Interceptors.cs",313,"SharpLink.Client","Method","Public","UnaryInterceptorState",1,0,0,0,0,"Constructor/activation"
"src/SharpLink.Client/SharpLinkClient.Interceptors.cs",330,"SharpLink.Client","Method","Public","InvokeTypedAsync",4,0,0,0,0,""
"src/SharpLink.Client/SharpLinkClient.Interceptors.cs",363,"SharpLink.Client","NamedType","Private","global::SharpLink.Client.SharpLinkClient.OneWayInterceptorState<TRequest, TStreams>",1,0,0,0,0,""
"src/SharpLink.Client/SharpLinkClient.Interceptors.cs",369,"SharpLink.Client","Field","Private","_streams",6,0,0,0,0,""
"src/SharpLink.Client/SharpLinkClient.Interceptors.cs",371,"SharpLink.Client","Method","Public","OneWayInterceptorState",1,0,0,0,0,"Constructor/activation"
"src/SharpLink.Client/SharpLinkClient.Interceptors.cs",388,"SharpLink.Client","Method","Public","InvokeVoidAsync",2,0,0,0,0,""
"src/SharpLink.Client/SharpLinkClient.Interceptors.cs",421,"SharpLink.Client","NamedType","Private","global::SharpLink.Client.SharpLinkClient.ClientStreamingInterceptorState<TRequest, TResponse, TStreams>",1,0,0,0,0,""
"src/SharpLink.Client/SharpLinkClient.Interceptors.cs",430,"SharpLink.Client","Method","Public","ClientStreamingInterceptorState",1,0,0,0,0,"Constructor/activation"
"src/SharpLink.Client/SharpLinkClient.Interceptors.cs",484,"SharpLink.Client","NamedType","Private","global::SharpLink.Client.SharpLinkClient.ServerStreamingInterceptorState<TRequest, TResponse>",1,0,0,0,0,""
"src/SharpLink.Client/SharpLinkClient.Interceptors.cs",491,"SharpLink.Client","Method","Public","ServerStreamingInterceptorState",1,0,0,0,0,"Constructor/activation"
"src/SharpLink.Client/SharpLinkClient.Interceptors.cs",537,"SharpLink.Client","NamedType","Private","global::SharpLink.Client.SharpLinkClient.DuplexStreamingInterceptorState<TRequest, TResponse, TStreams>",1,0,0,0,0,""
"src/SharpLink.Client/SharpLinkClient.Interceptors.cs",546,"SharpLink.Client","Method","Public","DuplexStreamingInterceptorState",1,0,0,0,0,"Constructor/activation"
"src/SharpLink.Client/SharpLinkClient.Interceptors.cs",594,"SharpLink.Client","NamedType","Private","global::SharpLink.Client.SharpLinkClient.InterceptedAsyncEnumerable<T>",2,0,0,0,0,""
"src/SharpLink.Client/SharpLinkClient.Interceptors.cs",602,"SharpLink.Client","Field","Private","_enumerated",2,0,0,0,0,""
"src/SharpLink.Client/SharpLinkClient.Interceptors.cs",676,"SharpLink.Client","Method","Private","TryCancelLifetime",2,0,0,0,0,""
"src/SharpLink.Client/SharpLinkClient.Interceptors.cs",689,"SharpLink.Client","Method","Private","AwaitInvocationWithinDeadlineAsync",1,0,0,0,0,""
"src/SharpLink.Client/SharpLinkClient.Interceptors.cs",722,"SharpLink.Client","Method","Private","ObserveAbandonedMoveNextAsync",1,0,0,0,0,""
"src/SharpLink.Client/SharpLinkClient.Interceptors.cs",728,"SharpLink.Client","Method","Private","ObserveAbandonedDisposeAsync",1,0,0,0,0,""
"src/SharpLink.Client/SharpLinkClient.Interceptors.cs",734,"SharpLink.Client","Method","Private","ThrowIfDeadlineExpired",4,0,0,0,0,""
"src/SharpLink.Client/SharpLinkClient.Invokers.cs",121,"SharpLink.Client","Method","Internal","InvokeServerStreamingResolved<TRequest, TResponse>",2,0,0,0,0,""
"src/SharpLink.Client/SharpLinkClient.Invokers.cs",153,"SharpLink.Client","Method","Private","InvokeServerStreamingCore<TRequest, TResponse>",3,0,0,0,0,""
"src/SharpLink.Client/SharpLinkClient.Invokers.cs",185,"SharpLink.Client","Method","Internal","InvokeDuplexStreamingResolved<TRequest, TResponse, TStreams>",2,0,0,0,0,""
"src/SharpLink.Client/SharpLinkClient.Invokers.cs",219,"SharpLink.Client","Method","Private","CompleteLogicalInvocation<T>",4,0,0,0,0,""
"src/SharpLink.Client/SharpLinkClient.Invokers.cs",229,"SharpLink.Client","Method","Private","CompleteLogicalInvocation",1,0,0,0,0,""
"src/SharpLink.Client/SharpLinkClient.Invokers.cs",239,"SharpLink.Client","Method","Private","AwaitLogicalInvocationAsync<T>",1,0,0,0,0,""
"src/SharpLink.Client/SharpLinkClient.Invokers.cs",245,"SharpLink.Client","Method","Private","AwaitLogicalInvocationAsync",1,0,0,0,0,""
"src/SharpLink.Client/SharpLinkClient.Invokers.cs",254,"SharpLink.Client","NamedType","Private","global::SharpLink.Client.SharpLinkClient.LogicalInvocationAsyncEnumerable<T>",1,0,0,0,0,""
"src/SharpLink.Client/SharpLinkClient.Invokers.cs",259,"SharpLink.Client","Field","Private","_completed",1,0,0,0,0,""
"src/SharpLink.Client/SharpLinkClient.Invokers.cs",260,"SharpLink.Client","Field","Private","_enumerator",4,0,0,0,0,""
"src/SharpLink.Client/SharpLinkClient.Invokers.cs",317,"SharpLink.Client","Method","Private","AwaitMoveNextAsync",2,0,0,0,0,""
"src/SharpLink.Client/SharpLinkClient.Invokers.cs",333,"SharpLink.Client","Method","Private","AwaitDisposeAsync",1,0,0,0,0,""
"src/SharpLink.Client/SharpLinkClient.Invokers.cs",339,"SharpLink.Client","Method","Private","Complete",12,0,0,0,0,""
"src/SharpLink.Client/SharpLinkClient.Invokers.cs",346,"SharpLink.Client","Method","Private","InvokeDuplexStreamingCore<TRequest, TResponse, TStreams>",3,0,0,0,0,""
"src/SharpLink.Client/SharpLinkClient.Invokers.cs",363,"SharpLink.Client","Method","Private","InvokeUnaryCoreAsync<TRequest, TResponse>",2,0,0,0,0,""
"src/SharpLink.Client/SharpLinkClient.Invokers.cs",416,"SharpLink.Client","Method","Private","StartUnaryCall<TRequest, TResponse>",2,0,0,0,0,""
"src/SharpLink.Client/SharpLinkClient.Invokers.cs",472,"SharpLink.Client","Method","Private","AwaitPlainOneWayEmissionOrDeadlineAsync",1,0,0,0,0,""
"src/SharpLink.Client/SharpLinkClient.Invokers.cs",501,"SharpLink.Client","Method","Private","ObserveAbandonedEmission",1,0,0,0,0,""
"src/SharpLink.Client/SharpLinkClient.Invokers.cs",516,"SharpLink.Client","Method","Private","InvokeOneWayCoreAsync<TRequest, TStreams>",3,0,0,0,0,""
"src/SharpLink.Client/SharpLinkClient.Invokers.cs",528,"SharpLink.Client","Method","Private","InvokeOneWayPlainCoreAsync<TRequest>",1,0,0,0,0,""
"src/SharpLink.Client/SharpLinkClient.Invokers.cs",656,"SharpLink.Client","Method","Private","InvokeOneWayStreamingCoreAsync<TRequest, TStreams>",1,0,0,0,0,""
"src/SharpLink.Client/SharpLinkClient.Invokers.cs",748,"SharpLink.Client","Method","Private","InvokeClientStreamingCoreAsync<TRequest, TResponse, TStreams>",3,0,0,0,0,""
"src/SharpLink.Client/SharpLinkClient.Invokers.cs",834,"SharpLink.Client","Method","Private","RunGeneratedClientStreamsAsync<TStreams>",1,0,0,0,0,""
"src/SharpLink.Client/SharpLinkClient.Invokers.cs",856,"SharpLink.Client","Method","Private","StartServerStreamingInvokerAsync<TRequest, TResponse>",1,0,0,0,0,""
"src/SharpLink.Client/SharpLinkClient.Invokers.cs",911,"SharpLink.Client","Method","Private","StartDuplexStreamingInvokerAsync<TRequest, TResponse, TStreams>",1,0,0,0,0,""
"src/SharpLink.Client/SharpLinkClient.Invokers.cs",967,"SharpLink.Client","Method","Private","PrepareGeneratedServerStreamAsync<TResponse>",2,0,0,0,0,""
"src/SharpLink.Client/SharpLinkClient.Invokers.cs",1030,"SharpLink.Client","Method","Private","CompleteFailedGeneratedStream<TResponse>",2,0,0,0,0,""
"src/SharpLink.Client/SharpLinkClient.Invokers.cs",1042,"SharpLink.Client","NamedType","Private","global::SharpLink.Client.SharpLinkClient.StreamCallRegistration",4,0,0,0,0,""
"src/SharpLink.Client/SharpLinkClient.InvokerSend.cs",5,"SharpLink.Client","Method","Private","SendRpcCall<TRequest>",6,0,0,0,0,""
"src/SharpLink.Client/SharpLinkClient.Lifecycle.cs",40,"SharpLink.Client","Method","Private","ConnectInitialAsync",2,0,0,0,0,""
"src/SharpLink.Client/SharpLinkClient.Lifecycle.cs",170,"SharpLink.Client","Method","Private","RethrowAfterFailedConnectionCleanupAsync",6,0,0,0,0,""
"src/SharpLink.Client/SharpLinkClient.Lifecycle.cs",194,"SharpLink.Client","Method","Private","CompleteHandshakeAsync",6,0,0,0,0,""
"src/SharpLink.Client/SharpLinkClient.Lifecycle.cs",232,"SharpLink.Client","Method","Private","PublishReadyState",4,0,0,0,0,""
"src/SharpLink.Client/SharpLinkClient.Lifecycle.cs",266,"SharpLink.Client","Method","Private","CountReadyConnectionsLocked",1,0,0,0,0,""
"src/SharpLink.Client/SharpLinkClient.Lifecycle.cs",277,"SharpLink.Client","Method","Private","IsExpectedCancellation",2,0,0,0,0,""
"src/SharpLink.Client/SharpLinkClient.Lifecycle.cs",280,"SharpLink.Client","Method","Private","IsTransportFault",5,0,0,0,0,""
"src/SharpLink.Client/SharpLinkClient.Lifecycle.cs",284,"SharpLink.Client","Method","Private","RunHeartbeatSendLoopAsync",6,0,0,0,0,""
"src/SharpLink.Client/SharpLinkClient.Lifecycle.cs",305,"SharpLink.Client","Method","Private","RunProcessRequestLoopAsync",6,0,0,0,0,""
"src/SharpLink.Client/SharpLinkClient.Lifecycle.cs",328,"SharpLink.Client","Method","Public","Get<T>",1,0,0,0,0,""
"src/SharpLink.Client/SharpLinkClient.Lifecycle.cs",367,"SharpLink.Client","Method","Private","ProcessHandshakeAsync",1,0,0,0,0,""
"src/SharpLink.Client/SharpLinkClient.Lifecycle.cs",508,"SharpLink.Client","Method","Private","ProcessRequestLoop",1,0,0,0,0,""
"src/SharpLink.Client/SharpLinkClient.Lifecycle.cs",670,"SharpLink.Client","Method","Private","HeartbeatSendLoop",1,0,0,0,0,""
"src/SharpLink.Client/SharpLinkClient.Lifecycle.cs",715,"SharpLink.Client","Method","Private","DispatchRpc",1,0,0,0,0,""
"src/SharpLink.Client/SharpLinkClient.Lifecycle.cs",742,"SharpLink.Client","Method","Private","RecordLateResponse",2,0,0,0,0,""
"src/SharpLink.Client/SharpLinkClient.Lifecycle.cs",752,"SharpLink.Client","Method","Private","ReadMonotonicTimestamp",1,0,0,0,0,""
"src/SharpLink.Client/SharpLinkClient.Log.cs",7,"SharpLink.Client","Field","Private","SSessionScope",1,0,0,0,0,""
"src/SharpLink.Client/SharpLinkClient.Log.cs",10,"SharpLink.Client","Field","Private","SRequestScope",1,0,0,0,0,""
"src/SharpLink.Client/SharpLinkClient.Log.cs",13,"SharpLink.Client","Method","Private","BeginSessionLogScope",8,0,0,0,0,""
"src/SharpLink.Client/SharpLinkClient.Log.cs",15,"SharpLink.Client","Method","Private","BeginRequestLogScope",2,0,0,0,0,""
"src/SharpLink.Client/SharpLinkClient.Log.cs",17,"SharpLink.Client","Method","Private","DebugLogServerHeartbeatReceived",1,0,0,0,0,""
"src/SharpLink.Client/SharpLinkClient.Log.cs",20,"SharpLink.Client","Method","Private","DebugLogServerCancelIgnored",1,0,0,0,0,""
"src/SharpLink.Client/SharpLinkClient.Log.cs",25,"SharpLink.Client","Method","Private","LogServerHeartbeatReceived",1,0,0,0,0,""
"src/SharpLink.Client/SharpLinkClient.Log.cs",28,"SharpLink.Client","Method","Private","LogServerCancelIgnored",1,0,0,0,0,""
"src/SharpLink.Client/SharpLinkClient.Log.cs",31,"SharpLink.Client","Method","Private","LogServerHeartbeatTimeout",1,0,0,0,0,""
"src/SharpLink.Client/SharpLinkClient.Log.cs",34,"SharpLink.Client","Method","Private","LogUnknownOrTimedOutResponse",1,0,0,0,0,""
"src/SharpLink.Client/SharpLinkClient.Log.cs",39,"SharpLink.Client","Method","Private","LogClientDisconnectedWithError",2,0,0,0,0,""
"src/SharpLink.Client/SharpLinkClient.Log.cs",42,"SharpLink.Client","Method","Private","LogClientBackgroundLoopUnhandledException",4,0,0,0,0,""
"src/SharpLink.Client/SharpLinkClient.Log.cs",45,"SharpLink.Client","Method","Private","LogClientConnectionAttemptFailed",10,0,0,0,0,""
"src/SharpLink.Client/SharpLinkClient.Log.cs",48,"SharpLink.Client","Method","Private","LogClientResolverUpdateFailed",5,0,0,0,0,""
"src/SharpLink.Client/SharpLinkClient.Log.cs",51,"SharpLink.Client","Method","Private","LogTlsEstablished",6,0,0,0,0,""
"src/SharpLink.Client/SharpLinkClient.MultiClusterDialConcurrency.cs",9,"SharpLink.Client","NamedType","Internal","global::SharpLink.Client.ClusterDialConcurrencyLimiter",6,0,0,0,0,""
"src/SharpLink.Client/SharpLinkClient.MultiClusterDialConcurrency.cs",11,"SharpLink.Client","Field","Private","_permits",3,0,0,0,0,""
"src/SharpLink.Client/SharpLinkClient.MultiClusterDialConcurrency.cs",13,"SharpLink.Client","Method","Internal","ClusterDialConcurrencyLimiter",1,0,0,0,0,"Constructor/activation"
"src/SharpLink.Client/SharpLinkClient.MultiClusterDialConcurrency.cs",19,"SharpLink.Client","Method","Internal","WaitAsync",1,0,0,0,0,""
"src/SharpLink.Client/SharpLinkClient.MultiClusterDialConcurrency.cs",22,"SharpLink.Client","Method","Internal","Release",1,0,0,0,0,""
"src/SharpLink.Client/SharpLinkClient.MultiClusterDialConcurrency.cs",27,"SharpLink.Client","Field","Private","_multiClusterDialLimiter",2,0,0,0,0,""
"src/SharpLink.Client/SharpLinkClient.MultiClusterDialConcurrency.cs",33,"SharpLink.Client","Method","Internal","BindMultiClusterDialLimiter",1,0,0,0,0,""
"src/SharpLink.Client/SharpLinkClient.MultiClusterDialConcurrency.cs",49,"SharpLink.Client","Method","Private","ConnectTransportAsync",6,0,0,0,0,""
"src/SharpLink.Client/SharpLinkClient.PendingCallTerminalSignal.cs",10,"SharpLink.Client","NamedType","Private","global::SharpLink.Client.SharpLinkClient.PendingCallTerminalSignal",2,0,0,0,0,""
"src/SharpLink.Client/SharpLinkClient.PendingCallTerminalSignal.cs",12,"SharpLink.Client","Field","Private","_inner",3,0,0,0,0,""
"src/SharpLink.Client/SharpLinkClient.PendingCallTerminalSignal.cs",13,"SharpLink.Client","Field","Private","_source",2,0,0,0,0,""
"src/SharpLink.Client/SharpLinkClient.PendingCallTerminalSignal.cs",15,"SharpLink.Client","Method","Public","PendingCallTerminalSignal",1,0,0,0,0,"Constructor/activation"
"src/SharpLink.Client/SharpLinkClient.PendingCallTerminalSignal.cs",39,"SharpLink.Client","Method","Public","StopObservingTerminal",4,0,0,0,0,""
"src/SharpLink.Client/SharpLinkClient.PublicLifecycle.cs",5,"SharpLink.Client","Field","Private","_lifecycleGate",2,0,0,0,0,""
"src/SharpLink.Client/SharpLinkClient.PublicLifecycle.cs",6,"SharpLink.Client","Field","Private","_startTask",4,0,0,0,0,""
"src/SharpLink.Client/SharpLinkClient.PublicLifecycle.cs",7,"SharpLink.Client","Field","Private","_lifecycleState",9,0,0,0,0,""
"src/SharpLink.Client/SharpLinkClient.PublicLifecycle.cs",9,"SharpLink.Client","Property","Public","LifecycleState",21,6,9,0,0,""
"src/SharpLink.Client/SharpLinkClient.PublicLifecycle.cs",27,"SharpLink.Client","Property","Public","ClusterState",1,6,4,0,0,""
"src/SharpLink.Client/SharpLinkClient.PublicLifecycle.cs",90,"SharpLink.Client","Method","Private","StartRuntimeCore",1,0,0,0,0,""
"src/SharpLink.Client/SharpLinkClient.PublicLifecycle.cs",101,"SharpLink.Client","Method","Private","RunInitialConnectivitySupervisorAsync",1,0,0,0,0,""
"src/SharpLink.Client/SharpLinkClient.PublicLifecycle.cs",152,"SharpLink.Client","Method","Private","WaitForReadyCoreAsync",2,0,0,0,0,""
"src/SharpLink.Client/SharpLinkClient.PublicLifecycle.cs",187,"SharpLink.Client","Method","Private","WaitForShutdownCoreAsync",2,0,0,0,0,""
"src/SharpLink.Client/SharpLinkClient.Readiness.cs",3,"SharpLink.Client","NamedType","Internal","global::SharpLink.Client.ClientReadinessFacts",9,0,3,0,0,""
"src/SharpLink.Client/SharpLinkClient.Readiness.cs",9,"SharpLink.Client","NamedType","Internal","global::SharpLink.Client.ClientReadinessPublication",7,0,19,0,0,""
"src/SharpLink.Client/SharpLinkClient.Readiness.cs",11,"SharpLink.Client","Method","Internal","ClientReadinessPublication",2,0,0,0,0,"Constructor/activation"
"src/SharpLink.Client/SharpLinkClient.Readiness.cs",17,"SharpLink.Client","Property","Internal","Snapshot",6,0,16,0,0,""
"src/SharpLink.Client/SharpLinkClient.Readiness.cs",19,"SharpLink.Client","Property","Internal","Changed",3,0,19,0,0,""
"src/SharpLink.Client/SharpLinkClient.Readiness.cs",24,"SharpLink.Client","Field","Private","_readinessGate",4,0,0,0,0,""
"src/SharpLink.Client/SharpLinkClient.Readiness.cs",25,"SharpLink.Client","Field","Private","_maximumReadinessWaitThreshold",7,0,0,0,0,""
"src/SharpLink.Client/SharpLinkClient.Readiness.cs",26,"SharpLink.Client","Field","Private","_readinessFacts",8,0,0,0,0,""
"src/SharpLink.Client/SharpLinkClient.Readiness.cs",27,"SharpLink.Client","Field","Private","_readinessPublication",7,0,0,0,0,""
"src/SharpLink.Client/SharpLinkClient.Readiness.cs",29,"SharpLink.Client","Method","Public","GetReadinessSnapshot",2,0,13,0,0,""
"src/SharpLink.Client/SharpLinkClient.Readiness.cs",32,"SharpLink.Client","Method","Public","WaitForReadinessAsync",1,0,12,0,0,""
"src/SharpLink.Client/SharpLinkClient.Readiness.cs",58,"SharpLink.Client","Method","Internal","PublishReadinessFacts",5,0,12,0,0,""
"src/SharpLink.Client/SharpLinkClient.Readiness.cs",72,"SharpLink.Client","Method","Private","WaitForReadinessCoreAsync",1,0,0,0,0,""
"src/SharpLink.Client/SharpLinkClient.Readiness.cs",103,"SharpLink.Client","Method","Private","ValidateReadinessMinimum",1,0,0,0,0,""
"src/SharpLink.Client/SharpLinkClient.Readiness.cs",115,"SharpLink.Client","Method","Private","IsReadinessSatisfied",2,0,0,0,0,""
"src/SharpLink.Client/SharpLinkClient.Readiness.cs",123,"SharpLink.Client","Method","Private","ThrowIfReadinessWaitCannotContinue",2,0,0,0,0,""
"src/SharpLink.Client/SharpLinkClient.Readiness.cs",135,"SharpLink.Client","Method","Private","PublishReadinessLocked",2,0,0,0,0,""
"src/SharpLink.Client/SharpLinkClient.Readiness.cs",147,"SharpLink.Client","Method","Private","UpdateReadySignalLevelLocked",2,0,0,0,0,""
"src/SharpLink.Client/SharpLinkClient.Readiness.cs",165,"SharpLink.Client","Method","Private","CreateReadinessSnapshotLocked",2,0,0,0,0,""
"src/SharpLink.Client/SharpLinkClient.Readiness.cs",173,"SharpLink.Client","Method","Private","ValidateReadinessFacts",1,0,0,0,0,""
"src/SharpLink.Client/SharpLinkClient.RemoteContractReadiness.cs",7,"SharpLink.Client","Field","Private","_remoteContractChanged",2,0,0,0,0,""
"src/SharpLink.Client/SharpLinkClient.RemoteContractReadiness.cs",39,"SharpLink.Client","Method","Private","WaitForRemoteContractCoreAsync",2,0,0,0,0,""
"src/SharpLink.Client/SharpLinkClient.RemoteContractReadiness.cs",91,"SharpLink.Client","Method","Private","PulseRemoteContractWaiters",3,0,0,0,0,""
"src/SharpLink.Client/SharpLinkClient.Retry.cs",5,"SharpLink.Client","Method","Private","InvokeUnaryWithOptionalRetryAsync<TRequest, TResponse>",3,0,0,0,0,""
"src/SharpLink.Client/SharpLinkClient.Retry.cs",34,"SharpLink.Client","Method","Private","InvokeUnaryWithRetryAsync<TRequest, TResponse>",1,0,0,0,0,""
"src/SharpLink.Client/SharpLinkClient.Retry.cs",131,"SharpLink.Client","Method","Internal","StartClientAttemptTelemetry",1,0,2,0,0,""
"src/SharpLink.Client/SharpLinkClient.Retry.cs",139,"SharpLink.Client","Method","Internal","EnsureLogicalCallProgress",31,0,0,0,0,""
"src/SharpLink.Client/SharpLinkClient.Retry.cs",154,"SharpLink.Client","Method","Private","IsDeadlineElapsed",2,0,0,0,0,""
"src/SharpLink.Client/SharpLinkClient.Retry.cs",158,"SharpLink.Client","Method","Internal","ArbitrateLogicalCallFailure",10,0,0,0,0,""
"src/SharpLink.Client/SharpLinkClient.Retry.cs",175,"SharpLink.Client","Method","Private","EvaluateRetryDecision",1,0,0,0,0,""
"src/SharpLink.Client/SharpLinkClient.Retry.cs",197,"SharpLink.Client","Method","Private","EvaluateDefaultRetryDecision",2,0,0,0,0,""
"src/SharpLink.Client/SharpLinkClient.Retry.cs",208,"SharpLink.Client","Method","Private","GetRetryDelay",1,0,0,0,0,""
"src/SharpLink.Client/SharpLinkClient.Retry.cs",224,"SharpLink.Client","Method","Private","InvokeUnaryRetryAttemptAsync<TRequest, TResponse>",1,0,0,0,0,""
"src/SharpLink.Client/SharpLinkClient.RpcChannel.cs",83,"SharpLink.Client","Method","Private","DispatchStreamChunkAsync",1,0,0,0,0,""
"src/SharpLink.Client/SharpLinkClient.RpcChannel.cs",93,"SharpLink.Client","Method","Private","DispatchStreamComplete",1,0,0,0,0,""
"src/SharpLink.Client/SharpLinkClient.RpcChannel.cs",129,"SharpLink.Client","Method","Private","TryReadStreamId",1,0,0,0,0,""
"src/SharpLink.Client/SharpLinkClient.RpcChannel.cs",189,"SharpLink.Client","Method","Internal","HandleConnectionFatalFailure",2,0,1,0,0,""
"src/SharpLink.Client/SharpLinkClient.RpcChannel.cs",202,"SharpLink.Client","Method","Private","EnsureReconnectLoop",8,0,0,0,0,""
"src/SharpLink.Client/SharpLinkClient.RpcChannel.cs",218,"SharpLink.Client","Method","Private","ReconnectLoopAsync",1,0,0,0,0,""
"src/SharpLink.Client/SharpLinkClient.RpcChannel.cs",342,"SharpLink.Client","Method","Private","RemoveReadyConnection",1,0,0,0,0,""
"src/SharpLink.Client/SharpLinkClient.RpcChannel.cs",353,"SharpLink.Client","Method","Private","TryStartConnectionCleanup",2,0,0,0,0,""
"src/SharpLink.Client/SharpLinkClient.RpcChannel.cs",372,"SharpLink.Client","Method","Private","QueueConnectionCleanup",11,0,0,0,0,""
"src/SharpLink.Client/SharpLinkClient.RpcChannel.cs",410,"SharpLink.Client","Method","Private","ReportGoAwayToCircuitBreaker",1,0,0,0,0,""
"src/SharpLink.Client/SharpLinkClient.RpcChannel.cs",465,"SharpLink.Client","Method","Private","ExpandOneAsync",1,0,0,0,0,""
"src/SharpLink.Client/SharpLinkClient.RpcChannel.cs",490,"SharpLink.Client","Method","Private","DisposeDisconnectedConnectionAsync",1,0,0,0,0,""
"src/SharpLink.Client/SharpLinkClient.RuntimeCircuitBreaker.cs",5,"SharpLink.Client","Method","Public","GetCircuitBreakerPolicySnapshot",1,0,6,0,0,""
"src/SharpLink.Client/SharpLinkClient.RuntimeCircuitBreaker.cs",84,"SharpLink.Client","Method","Private","EnsureEndpointAdmissionGenerationAvailable",6,0,0,0,0,""
"src/SharpLink.Client/SharpLinkClient.RuntimeCircuitBreaker.cs",90,"SharpLink.Client","Method","Private","Matches",2,0,0,0,0,""
"src/SharpLink.Client/SharpLinkClient.RuntimeConfigurationResults.cs",5,"SharpLink.Client","Method","Internal","TryReplaceInterceptorsCore",1,0,0,0,0,""
"src/SharpLink.Client/SharpLinkClient.RuntimeConfigurationResults.cs",24,"SharpLink.Client","Method","Internal","TryUpdateRequestTimeoutCore",1,0,0,0,0,""
"src/SharpLink.Client/SharpLinkClient.RuntimeConfigurationResults.cs",27,"SharpLink.Client","Method","Internal","TryDisableRequestTimeoutCore",1,0,0,0,0,""
"src/SharpLink.Client/SharpLinkClient.RuntimeConfigurationResults.cs",30,"SharpLink.Client","Method","Private","TryPublishRequestTimeoutPolicy",2,0,0,0,0,""
"src/SharpLink.Client/SharpLinkClient.RuntimeConfigurationResults.cs",52,"SharpLink.Client","Method","Internal","TryUpdateRetryPolicyCore",3,0,0,0,0,""
"src/SharpLink.Client/SharpLinkClient.RuntimeConfigurationResults.cs",76,"SharpLink.Client","Method","Internal","TryDisableRetryCore",1,0,0,0,0,""
"src/SharpLink.Client/SharpLinkClient.RuntimeConfigurationResults.cs",79,"SharpLink.Client","Method","Private","TryPublishRetryGeneration",4,0,0,0,0,""
"src/SharpLink.Client/SharpLinkClient.RuntimeConfigurationResults.cs",103,"SharpLink.Client","Method","Internal","TryUpdateHeartbeatCore",1,0,0,0,0,""
"src/SharpLink.Client/SharpLinkClient.RuntimeConfigurationResults.cs",120,"SharpLink.Client","Method","Internal","TryUpdateHeartbeatIntervalCore",1,0,0,0,0,""
"src/SharpLink.Client/SharpLinkClient.RuntimeConfigurationResults.cs",137,"SharpLink.Client","Method","Internal","TryUpdateHeartbeatTimeoutCore",1,0,0,0,0,""
"src/SharpLink.Client/SharpLinkClient.RuntimeConfigurationResults.cs",154,"SharpLink.Client","Method","Internal","TryUpdateReconnectPolicyCore",1,0,0,0,0,""
"src/SharpLink.Client/SharpLinkClient.RuntimeConfigurationResults.cs",178,"SharpLink.Client","Method","Internal","TryUpdateEndpointAdmissionPolicyCore",1,0,0,0,0,""
"src/SharpLink.Client/SharpLinkClient.RuntimeConfigurationResults.cs",211,"SharpLink.Client","Method","Internal","TryDisableEndpointAdmissionPolicyCore",1,0,0,0,0,""
"src/SharpLink.Client/SharpLinkClient.RuntimeConfigurationResults.cs",235,"SharpLink.Client","Method","Internal","TryUpdateCircuitBreakerCore",1,0,0,0,0,""
"src/SharpLink.Client/SharpLinkClient.RuntimeConfigurationResults.cs",269,"SharpLink.Client","Method","Internal","TryDisableCircuitBreakerCore",1,0,0,0,0,""
"src/SharpLink.Client/SharpLinkClient.RuntimeConfigurationResults.cs",292,"SharpLink.Client","Method","Internal","TryUpdateRequestCompressionPolicyCore",1,0,0,0,0,""
"src/SharpLink.Client/SharpLinkClient.RuntimeConfigurationResults.cs",305,"SharpLink.Client","Method","Internal","TrySetResponseCompressionPreferenceCoreAsync",1,0,0,0,0,""
"src/SharpLink.Client/SharpLinkClient.RuntimeConfigurationResults.cs",335,"SharpLink.Client","Method","Private","IsRuntimeConfigurationPublicationClosed",19,0,0,0,0,""
"src/SharpLink.Client/SharpLinkClient.RuntimeConfigurationResults.cs",346,"SharpLink.Client","Method","Private","LifecycleClosed",19,0,0,0,0,""
"src/SharpLink.Client/SharpLinkClient.RuntimeConfigurationResults.cs",351,"SharpLink.Client","Method","Private","ModeConflict",8,0,0,0,0,""
"src/SharpLink.Client/SharpLinkClient.RuntimeConfigurationTopologyResults.cs",5,"SharpLink.Client","Method","Internal","TryUpdateFixedConnectionPoolSizingCore",1,0,0,0,0,""
"src/SharpLink.Client/SharpLinkClient.RuntimeConfigurationTopologyResults.cs",36,"SharpLink.Client","Method","Internal","TryUpdateClusterConnectionPoolSizingCore",1,0,0,0,0,""
"src/SharpLink.Client/SharpLinkClient.RuntimeConfigurationTopologyResults.cs",73,"SharpLink.Client","Method","Internal","TryUpdateLoadBalancingCore",1,0,0,0,0,""
"src/SharpLink.Client/SharpLinkClient.RuntimeConfigurationTopologyResults.cs",92,"SharpLink.Client","Method","Internal","TryUpdateEndpointSelectorCore",1,0,0,0,0,""
"src/SharpLink.Client/SharpLinkClient.RuntimeConfigurationTopologyResults.cs",110,"SharpLink.Client","Method","Internal","TryUpdateTelemetryDetailPolicyCore",1,0,0,0,0,""
"src/SharpLink.Client/SharpLinkClient.RuntimeConfigurationTopologyResults.cs",179,"SharpLink.Client","Method","Private","GetRuntime",25,0,0,0,0,""
"src/SharpLink.Client/SharpLinkClient.RuntimeConfigurationTopologyResults.cs",185,"SharpLink.Client","Method","Private","Unsupported",22,0,0,0,0,""
"src/SharpLink.Client/SharpLinkClient.RuntimeConnectionPoolSizing.cs",7,"SharpLink.Client","Field","Private","_connectionPoolSizingGeneration",4,0,0,0,0,""
"src/SharpLink.Client/SharpLinkClient.RuntimeConnectionPoolSizing.cs",8,"SharpLink.Client","Field","Private","_connectionPoolSizingReconcileTask",3,0,0,0,0,""
"src/SharpLink.Client/SharpLinkClient.RuntimeConnectionPoolSizing.cs",10,"SharpLink.Client","Method","Public","GetConnectionPoolSizingSnapshot",1,0,7,0,0,""
"src/SharpLink.Client/SharpLinkClient.RuntimeConnectionPoolSizing.cs",34,"SharpLink.Client","Method","Public","UpdateFixedConnectionPoolSizing",1,0,9,0,0,""
"src/SharpLink.Client/SharpLinkClient.RuntimeConnectionPoolSizing.cs",60,"SharpLink.Client","Method","Public","UpdateClusterConnectionPoolSizing",1,0,5,0,0,""
"src/SharpLink.Client/SharpLinkClient.RuntimeConnectionPoolSizing.cs",92,"SharpLink.Client","Method","Private","EnsureConnectionPoolSizingPublicationAllowed",2,0,0,0,0,""
"src/SharpLink.Client/SharpLinkClient.RuntimeConnectionPoolSizing.cs",105,"SharpLink.Client","Method","Private","AdvanceConnectionPoolSizingGenerationLocked",4,0,0,0,0,""
"src/SharpLink.Client/SharpLinkClient.RuntimeConnectionPoolSizing.cs",112,"SharpLink.Client","Method","Private","ScheduleConnectionPoolSizingReconciliation",4,0,0,0,0,""
"src/SharpLink.Client/SharpLinkClient.RuntimeConnectionPoolSizing.cs",128,"SharpLink.Client","Method","Private","ReconcileConnectionPoolSizingAsync",1,0,0,0,0,""
"src/SharpLink.Client/SharpLinkClient.RuntimeConnectionPoolSizing.cs",152,"SharpLink.Client","Method","Private","ReconcileFixedPoolSizing",1,0,0,0,0,""
"src/SharpLink.Client/SharpLinkClient.RuntimeConnectionPoolSizing.cs",195,"SharpLink.Client","Method","Private","ReconcileClusterPoolSizing",1,0,0,0,0,""
"src/SharpLink.Client/SharpLinkClient.RuntimeConnectionPoolSizing.cs",263,"SharpLink.Client","Method","Private","TryBeginResizeRetirement",2,0,0,0,0,""
"src/SharpLink.Client/SharpLinkClient.RuntimeConnectionPoolSizing.cs",291,"SharpLink.Client","Method","Private","GetClusterRetiringConnectionCountLocked",1,0,0,0,0,""
"src/SharpLink.Client/SharpLinkClient.RuntimeConnectionPoolSizing.cs",299,"SharpLink.Client","Method","Private","GetClusterGate",1,0,0,0,0,""
"src/SharpLink.Client/SharpLinkClient.RuntimeConnectionPoolSizing.cs",307,"SharpLink.Client","Method","Private","HasInFlightClusterConnections",2,0,0,0,0,""
"src/SharpLink.Client/SharpLinkClient.RuntimeConnectionPoolSizing.cs",317,"SharpLink.Client","Method","Private","GetClusterOptions",4,0,0,0,0,""
"src/SharpLink.Client/SharpLinkClient.RuntimeConnectionPoolSizing.cs",325,"SharpLink.Client","Method","Private","GetStaticClusterOptions",1,0,0,0,0,""
"src/SharpLink.Client/SharpLinkClient.RuntimeConnectionPoolSizing.cs",328,"SharpLink.Client","Method","Private","GetDynamicClusterOptions",1,0,0,0,0,""
"src/SharpLink.Client/SharpLinkClient.RuntimeConnectionPoolSizing.cs",331,"SharpLink.Client","Method","Private","GetStaticClusterGate",1,0,0,0,0,""
"src/SharpLink.Client/SharpLinkClient.RuntimeConnectionPoolSizing.cs",334,"SharpLink.Client","Method","Private","GetDynamicClusterGate",1,0,0,0,0,""
"src/SharpLink.Client/SharpLinkClient.RuntimeConnectionPoolSizing.cs",337,"SharpLink.Client","Method","Private","GetStaticClusterRetiringConnections",1,0,0,0,0,""
"src/SharpLink.Client/SharpLinkClient.RuntimeConnectionPoolSizing.cs",340,"SharpLink.Client","Method","Private","GetDynamicClusterConnections",1,0,0,0,0,""
"src/SharpLink.Client/SharpLinkClient.RuntimeConnectionPoolSizing.cs",343,"SharpLink.Client","Method","Private","GetStaticClusterEndpoints",1,0,0,0,0,""
"src/SharpLink.Client/SharpLinkClient.RuntimeConnectionPoolSizing.cs",346,"SharpLink.Client","Method","Private","GetDynamicClusterTopology",1,0,0,0,0,""
"src/SharpLink.Client/SharpLinkClient.RuntimeEndpointAdmission.cs",5,"SharpLink.Client","Field","Private","_endpointAdmissionPolicyGeneration",18,0,0,0,0,""
"src/SharpLink.Client/SharpLinkClient.RuntimeEndpointAdmission.cs",7,"SharpLink.Client","Method","Public","GetEndpointAdmissionPolicySnapshot",1,0,4,0,0,""
"src/SharpLink.Client/SharpLinkClient.RuntimeEndpointAdmission.cs",67,"SharpLink.Client","Method","Private","EnsureEndpointAdmissionPublicationAllowed",4,0,0,0,0,""
"src/SharpLink.Client/SharpLinkClient.RuntimeEndpointAdmission.cs",80,"SharpLink.Client","Method","Private","GetEndpointAdmissionPolicyKind",1,0,0,0,0,""
"src/SharpLink.Client/SharpLinkClient.RuntimeEndpointSelection.cs",5,"SharpLink.Client","Method","Internal","CaptureEndpointSelectionPolicySnapshot",1,0,0,0,0,""
"src/SharpLink.Client/SharpLinkClient.RuntimeEndpointSelection.cs",12,"SharpLink.Client","Method","Internal","PublishEndpointSelectionStrategy",1,0,0,0,0,""
"src/SharpLink.Client/SharpLinkClient.RuntimeEndpointSelection.cs",26,"SharpLink.Client","Method","Internal","PublishEndpointSelector",1,0,0,0,0,""
"src/SharpLink.Client/SharpLinkClient.RuntimeEndpointSelection.cs",39,"SharpLink.Client","Method","Private","EnsureEndpointSelectionPublicationAllowed",2,0,0,0,0,""
"src/SharpLink.Client/SharpLinkClient.RuntimeHeartbeat.cs",5,"SharpLink.Client","Field","Private","_heartbeatConfiguration",3,0,0,0,0,""
"src/SharpLink.Client/SharpLinkClient.RuntimeHeartbeat.cs",7,"SharpLink.Client","Method","Public","GetHeartbeatConfigurationSnapshot",1,0,5,0,0,""
"src/SharpLink.Client/SharpLinkClient.RuntimeHeartbeat.cs",56,"SharpLink.Client","Method","Private","CaptureHeartbeatConfiguration",7,0,0,0,0,""
"src/SharpLink.Client/SharpLinkClient.RuntimeHeartbeat.cs",69,"SharpLink.Client","Method","Private","PublishHeartbeatConfigurationLocked",6,0,0,0,0,""
"src/SharpLink.Client/SharpLinkClient.RuntimeHeartbeat.cs",87,"SharpLink.Client","Method","Private","WaitForHeartbeatScheduleAsync",1,0,0,0,0,""
"src/SharpLink.Client/SharpLinkClient.RuntimeHeartbeat.cs",111,"SharpLink.Client","Method","Private","EnsureHeartbeatPublicationAllowed",3,0,0,0,0,""
"src/SharpLink.Client/SharpLinkClient.RuntimeHeartbeat.cs",124,"SharpLink.Client","Method","Private","ValidateHeartbeatConfiguration",6,0,0,0,0,""
"src/SharpLink.Client/SharpLinkClient.RuntimeHeartbeat.cs",132,"SharpLink.Client","NamedType","Private","global::SharpLink.Client.SharpLinkClient.HeartbeatConfigurationGeneration",20,0,0,0,0,""
"src/SharpLink.Client/SharpLinkClient.RuntimeHeartbeat.cs",134,"SharpLink.Client","Field","Private","_changed",4,0,0,0,0,""
"src/SharpLink.Client/SharpLinkClient.RuntimeHeartbeat.cs",136,"SharpLink.Client","Method","Internal","HeartbeatConfigurationGeneration",2,0,0,0,0,"Constructor/activation"
"src/SharpLink.Client/SharpLinkClient.RuntimeHeartbeat.cs",147,"SharpLink.Client","Property","Internal","Interval",9,0,0,0,0,""
"src/SharpLink.Client/SharpLinkClient.RuntimeHeartbeat.cs",148,"SharpLink.Client","Property","Internal","Timeout",10,0,0,0,0,""
"src/SharpLink.Client/SharpLinkClient.RuntimeHeartbeat.cs",149,"SharpLink.Client","Property","Internal","ChangedToken",4,0,0,0,0,""
"src/SharpLink.Client/SharpLinkClient.RuntimeHeartbeat.cs",151,"SharpLink.Client","Method","Internal","SignalChanged",8,0,0,0,0,""
"src/SharpLink.Client/SharpLinkClient.RuntimeInterceptors.cs",6,"SharpLink.Client","Field","Private","_replacementStateGateEnteredForTesting",2,0,0,0,0,""
"src/SharpLink.Client/SharpLinkClient.RuntimeReconnectPolicy.cs",5,"SharpLink.Client","Field","Private","_reconnectPolicyConfiguration",5,0,0,0,0,""
"src/SharpLink.Client/SharpLinkClient.RuntimeReconnectPolicy.cs",7,"SharpLink.Client","Method","Public","GetReconnectPolicy",1,0,0,0,0,""
"src/SharpLink.Client/SharpLinkClient.RuntimeReconnectPolicy.cs",38,"SharpLink.Client","Method","Private","CaptureReconnectPolicy",12,0,0,0,0,""
"src/SharpLink.Client/SharpLinkClient.RuntimeReconnectPolicy.cs",42,"SharpLink.Client","Method","Private","IsCurrentReconnectPolicyGeneration",6,0,0,0,0,""
"src/SharpLink.Client/SharpLinkClient.RuntimeReconnectPolicy.cs",48,"SharpLink.Client","Method","Private","WaitForReconnectDelayAsync",4,0,0,0,0,""
"src/SharpLink.Client/SharpLinkClient.RuntimeReconnectPolicy.cs",79,"SharpLink.Client","Method","Internal","ResolveReconnectDelay",3,0,4,0,0,""
"src/SharpLink.Client/SharpLinkClient.RuntimeReconnectPolicy.cs",86,"SharpLink.Client","Method","Internal","NextReconnectDelay",2,0,1,0,0,""
"src/SharpLink.Client/SharpLinkClient.RuntimeReconnectPolicy.cs",95,"SharpLink.Client","Method","Internal","HasReachedReconnectStableWindow",3,0,3,0,0,""
"src/SharpLink.Client/SharpLinkClient.RuntimeReconnectPolicy.cs",107,"SharpLink.Client","Method","Internal","ResolveReconnectCompletionDelay",6,0,3,0,0,""
"src/SharpLink.Client/SharpLinkClient.RuntimeReconnectPolicy.cs",120,"SharpLink.Client","Method","Private","EnsureReconnectPolicyPublicationAllowed",1,0,0,0,0,""
"src/SharpLink.Client/SharpLinkClient.RuntimeReconnectPolicy.cs",131,"SharpLink.Client","NamedType","Private","global::SharpLink.Client.SharpLinkClient.ReconnectPolicyGeneration",19,0,0,0,0,""
"src/SharpLink.Client/SharpLinkClient.RuntimeReconnectPolicy.cs",134,"SharpLink.Client","Field","Private","_publishedPolicy",2,0,0,0,0,""
"src/SharpLink.Client/SharpLinkClient.RuntimeReconnectPolicy.cs",135,"SharpLink.Client","Field","Private","_successor",2,0,0,0,0,""
"src/SharpLink.Client/SharpLinkClient.RuntimeReconnectPolicy.cs",137,"SharpLink.Client","Method","Internal","ReconnectPolicyGeneration",3,0,0,0,0,"Constructor/activation"
"src/SharpLink.Client/SharpLinkClient.RuntimeReconnectPolicy.cs",148,"SharpLink.Client","Property","Internal","Policy",29,0,0,0,0,""
"src/SharpLink.Client/SharpLinkClient.RuntimeReconnectPolicy.cs",161,"SharpLink.Client","Method","Internal","SetSuccessor",2,0,0,0,0,""
"src/SharpLink.Client/SharpLinkClient.RuntimeRequestTimeout.cs",5,"SharpLink.Client","Field","Private","_requestTimeoutGeneration",4,0,0,0,0,""
"src/SharpLink.Client/SharpLinkClient.RuntimeRequestTimeout.cs",7,"SharpLink.Client","Method","Public","GetRequestTimeoutPolicySnapshot",1,0,12,0,0,""
"src/SharpLink.Client/SharpLinkClient.RuntimeRequestTimeout.cs",28,"SharpLink.Client","Method","Private","PublishRequestTimeoutPolicy",2,0,0,0,0,""
"src/SharpLink.Client/SharpLinkClient.RuntimeRequestTimeout.cs",54,"SharpLink.Client","Method","Private","CaptureRequestTimeoutGeneration",4,0,0,0,0,""
"src/SharpLink.Client/SharpLinkClient.RuntimeRequestTimeout.cs",75,"SharpLink.Client","NamedType","Private","global::SharpLink.Client.SharpLinkClient.ClientRequestTimeoutGeneration",9,0,0,0,0,""
"src/SharpLink.Client/SharpLinkClient.RuntimeRetry.cs",5,"SharpLink.Client","Field","Private","_retryGeneration",4,0,0,0,0,""
"src/SharpLink.Client/SharpLinkClient.RuntimeRetry.cs",7,"SharpLink.Client","Method","Public","GetRetryPolicySnapshot",1,0,8,0,0,""
"src/SharpLink.Client/SharpLinkClient.RuntimeRetry.cs",55,"SharpLink.Client","Method","Private","PublishRetryGeneration",4,0,0,0,0,""
"src/SharpLink.Client/SharpLinkClient.RuntimeRetry.cs",92,"SharpLink.Client","Method","Private","CaptureRetryGeneration",5,0,0,0,0,""
"src/SharpLink.Client/SharpLinkClient.RuntimeRetry.cs",114,"SharpLink.Client","Method","Private","CaptureRetryGenerationForInvocation",1,0,0,0,0,""
"src/SharpLink.Client/SharpLinkClient.RuntimeRetry.cs",127,"SharpLink.Client","NamedType","Internal","global::SharpLink.Client.SharpLinkClient.ClientRetrySettings",17,0,0,0,0,""
"src/SharpLink.Client/SharpLinkClient.RuntimeRetry.cs",133,"SharpLink.Client","Property","Internal","Default",4,0,0,0,0,""
"src/SharpLink.Client/SharpLinkClient.RuntimeRetry.cs",165,"SharpLink.Client","NamedType","Internal","global::SharpLink.Client.SharpLinkClient.ClientRetryGeneration",15,0,0,0,0,""
"src/SharpLink.Client/SharpLinkClient.RuntimeRetry.cs",167,"SharpLink.Client","Method","Internal","ClientRetryGeneration",4,0,0,0,0,"Constructor/activation"
"src/SharpLink.Client/SharpLinkClient.RuntimeRetry.cs",181,"SharpLink.Client","Property","Internal","Settings",9,0,0,0,0,""
"src/SharpLink.Client/SharpLinkClient.RuntimeRetry.cs",183,"SharpLink.Client","Property","Internal","Enabled",1,4,0,0,0,""
"src/SharpLink.Client/SharpLinkClient.RuntimeRpcSessionFlush.cs",3,"SharpLink.Client","NamedType","Internal","global::SharpLink.Client.ISharpLinkClientRpcSessionFlushRuntime",7,0,0,0,0,""
"src/SharpLink.Client/SharpLinkClient.RuntimeRpcSessionFlush.cs",5,"SharpLink.Client","Method","Public","GetRpcSessionFlushPolicySnapshot",1,0,9,0,0,"Interface contract"
"src/SharpLink.Client/SharpLinkClient.RuntimeRpcSessionFlush.cs",6,"SharpLink.Client","Method","Public","UpdateRpcSessionFlushPolicy",1,0,5,0,0,"Interface contract"
"src/SharpLink.Client/SharpLinkClient.RuntimeRpcSessionFlush.cs",7,"SharpLink.Client","Method","Public","TryUpdateRpcSessionFlushPolicy",1,0,5,0,0,"Interface contract"
"src/SharpLink.Client/SharpLinkClient.RuntimeRpcSessionFlush.cs",114,"SharpLink.Client","Method","Private","GetRpcSessionFlushPolicyState",3,0,0,0,0,""
"src/SharpLink.Client/SharpLinkClient.RuntimeTelemetryDetail.cs",5,"SharpLink.Client","Field","Private","_telemetryDetailGeneration",4,0,0,0,0,""
"src/SharpLink.Client/SharpLinkClient.RuntimeTelemetryDetail.cs",40,"SharpLink.Client","Method","Private","CaptureTelemetryDetailGeneration",5,0,0,0,0,""
"src/SharpLink.Client/SharpLinkClient.SessionRefresh.cs",10,"SharpLink.Client","Field","Internal","_afterSessionRefreshEligibilitySwapTestHook",3,0,18,0,0,""
"src/SharpLink.Client/SharpLinkClient.SessionRefresh.cs",11,"SharpLink.Client","Field","Internal","_beforeSessionRefreshEligibilityCommitTestHook",1,0,2,0,0,""
"src/SharpLink.Client/SharpLinkClient.SessionRefresh.cs",12,"SharpLink.Client","Field","Internal","_afterSessionRefreshCommitReservationTestHook",1,0,2,0,0,""
"src/SharpLink.Client/SharpLinkClient.SessionRefresh.cs",13,"SharpLink.Client","Field","Internal","_beforeSessionRefreshCutLockTestHook",1,0,2,0,0,""
"src/SharpLink.Client/SharpLinkClient.SessionRefresh.cs",14,"SharpLink.Client","Field","Internal","_beforeSessionRefreshCutPublicationTestHook",1,0,2,0,0,""
"src/SharpLink.Client/SharpLinkClient.SessionRefresh.cs",15,"SharpLink.Client","Field","Internal","_afterSessionRefreshCutPublicationTestHook",1,0,2,0,0,""
"src/SharpLink.Client/SharpLinkClient.SessionRefresh.cs",16,"SharpLink.Client","Field","Internal","_beforeFatalFailurePublicationTestHook",1,0,4,0,0,""
"src/SharpLink.Client/SharpLinkClient.SessionRefresh.cs",17,"SharpLink.Client","Field","Internal","_afterFatalFailurePublicationTestHook",1,0,2,0,0,""
"src/SharpLink.Client/SharpLinkClient.SessionRefresh.cs",18,"SharpLink.Client","Field","Internal","_beforeSessionRefreshWorkerReleaseTestHook",3,0,4,0,0,""
"src/SharpLink.Client/SharpLinkClient.SessionRefresh.cs",19,"SharpLink.Client","Field","Internal","_callAdmissionReservedTestHook",1,0,22,0,0,""
"src/SharpLink.Client/SharpLinkClient.SessionRefresh.cs",21,"SharpLink.Client","Method","Internal","NotifyCallAdmissionReservedForTest",1,0,0,0,0,""
"src/SharpLink.Client/SharpLinkClient.SessionRefresh.cs",24,"SharpLink.Client","Method","Internal","NotifyBeforeSessionRefreshEligibilityCommitForTest",1,0,0,0,0,""
"src/SharpLink.Client/SharpLinkClient.SessionRefresh.cs",27,"SharpLink.Client","Method","Internal","NotifyAfterSessionRefreshCommitReservationForTest",1,0,0,0,0,""
"src/SharpLink.Client/SharpLinkClient.SessionRefresh.cs",30,"SharpLink.Client","Method","Internal","NotifyBeforeSessionRefreshCutLockForTest",1,0,0,0,0,""
"src/SharpLink.Client/SharpLinkClient.SessionRefresh.cs",33,"SharpLink.Client","Method","Internal","NotifyBeforeSessionRefreshCutPublicationForTest",1,0,0,0,0,""
"src/SharpLink.Client/SharpLinkClient.SessionRefresh.cs",36,"SharpLink.Client","Method","Internal","NotifyAfterSessionRefreshCutPublicationForTest",1,0,0,0,0,""
"src/SharpLink.Client/SharpLinkClient.SessionRefresh.cs",39,"SharpLink.Client","Method","Internal","NotifyBeforeFatalFailurePublicationForTest",1,0,0,0,0,""
"src/SharpLink.Client/SharpLinkClient.SessionRefresh.cs",42,"SharpLink.Client","Method","Internal","NotifyAfterFatalFailurePublicationForTest",1,0,0,0,0,""
"src/SharpLink.Client/SharpLinkClient.SessionRefresh.cs",57,"SharpLink.Client","Method","Private","HandleSessionRefreshRequest",1,0,0,0,0,""
"src/SharpLink.Client/SharpLinkClient.SessionRefresh.cs",99,"SharpLink.Client","Method","Private","EnsureFixedSessionRefreshWorkerLocked",1,0,0,0,0,""
"src/SharpLink.Client/SharpLinkClient.SessionRefresh.cs",111,"SharpLink.Client","Method","Private","RunFixedSessionRefreshRolloutAsync",1,0,0,0,0,""
"src/SharpLink.Client/SharpLinkClient.SessionRefresh.cs",197,"SharpLink.Client","Method","Private","CompleteSessionRefreshDebtLocked",3,0,0,0,0,""
"src/SharpLink.Client/SharpLinkClient.SessionRefresh.cs",218,"SharpLink.Client","Method","Private","ReleaseFixedSessionRefreshWorkerLocked",3,0,0,0,0,""
"src/SharpLink.Client/SharpLinkClient.SessionRefresh.cs",226,"SharpLink.Client","Method","Private","CanPlanFixedRefreshLocked",3,0,0,0,0,""
"src/SharpLink.Client/SharpLinkClient.SessionRefresh.cs",239,"SharpLink.Client","Method","Private","ReplaceFixedSessionAsync",1,0,0,0,0,""
"src/SharpLink.Client/SharpLinkClient.SessionRefresh.cs",384,"SharpLink.Client","Method","Private","TryAdvanceFixedSessionRefreshRetirement",2,0,0,0,0,""
"src/SharpLink.Client/SharpLinkClient.SessionRefresh.cs",410,"SharpLink.Client","Method","Private","DelaySessionRefreshRetryAsync",2,0,0,0,0,""
"src/SharpLink.Client/SharpLinkClient.StaticCluster.cs",22,"SharpLink.Client","Field","Private","_initialDialReservations",3,0,0,0,0,""
"src/SharpLink.Client/SharpLinkClient.StaticCluster.cs",26,"SharpLink.Client","Property","Private","TargetReadyEndpointCount",6,0,0,0,0,""
"src/SharpLink.Client/SharpLinkClient.StaticCluster.cs",28,"SharpLink.Client","Method","Public","StaticClusterRuntime",1,0,0,0,0,"Constructor/activation"
"src/SharpLink.Client/SharpLinkClient.StaticCluster.cs",717,"SharpLink.Client","Method","Private","PublishClientReadiness",3,0,0,0,0,""
"src/SharpLink.Client/SharpLinkClient.StaticCluster.cs",751,"SharpLink.Client","Method","Private","TotalConnectionsLocked",4,0,0,0,0,""
"src/SharpLink.Client/SharpLinkClient.SupportSnapshot.cs",8,"SharpLink.Client","Field","Private","SupportSnapshotSchemaVersion",1,0,0,0,0,""
"src/SharpLink.Client/SharpLinkClient.SupportSnapshot.cs",9,"SharpLink.Client","Field","Private","_lastConnectionFailure",2,0,0,0,0,""
"src/SharpLink.Client/SharpLinkClient.SupportSnapshot.cs",11,"SharpLink.Client","Method","Internal","CaptureSupportSnapshot",1,0,0,0,0,""
"src/SharpLink.Client/SharpLinkClient.SupportSnapshot.cs",78,"SharpLink.Client","Method","Private","RecordClusterConnectionFailure",10,0,0,0,0,""
"src/SharpLink.Client/SharpLinkClient.SupportSnapshot.cs",87,"SharpLink.Client","Method","Private","PublishConnectionFailure",2,0,0,0,0,""
"src/SharpLink.Client/SharpLinkClient.SupportSnapshot.cs",106,"SharpLink.Client","Method","Private","CaptureLastConnectionFailurePublication",1,0,0,0,0,""
"src/SharpLink.Client/SharpLinkClient.SupportSnapshot.cs",124,"SharpLink.Client","Method","Private","MaterializeLastConnectionFailure",1,0,0,0,0,""
"src/SharpLink.Client/SharpLinkClient.SupportSnapshot.cs",152,"SharpLink.Client","Method","Private","CaptureFixedSupportTopology",1,0,0,0,0,""
"src/SharpLink.Client/SharpLinkClient.SupportSnapshot.cs",192,"SharpLink.Client","Method","Private","CaptureOwnedConnections",3,0,0,0,0,""
"src/SharpLink.Client/SharpLinkClient.SupportSnapshot.cs",275,"SharpLink.Client","Method","Private","CaptureOperatingSystem",1,0,0,0,0,""
"src/SharpLink.Client/SharpLinkClient.SupportSnapshot.cs",288,"SharpLink.Client","NamedType","Private","global::SharpLink.Client.SharpLinkClient.ClientConnectionFailurePublication",7,0,0,0,0,""
"src/SharpLink.Client/SharpLinkClient.SupportSnapshot.cs",297,"SharpLink.Client","NamedType","Private","global::SharpLink.Client.SharpLinkClient.SupportTopologyCapture",9,0,0,0,0,""
"src/SharpLink.Client/SharpLinkClient.SupportSnapshot.cs",302,"SharpLink.Client","NamedType","Private","global::SharpLink.Client.SharpLinkClient.SupportConnectionCapture",5,0,0,0,0,""
"src/SharpLink.Client/SharpLinkClient.SupportSnapshot.cs",313,"SharpLink.Client","Method","Internal","ToResourceSnapshot",1,0,0,0,0,""
"src/SharpLink.Client/SharpLinkClient.SupportSnapshot.cs",317,"SharpLink.Client","NamedType","Private","global::SharpLink.Client.SharpLinkClient.SupportRedaction",14,0,0,0,0,""
"src/SharpLink.Client/SharpLinkClient.SupportSnapshot.cs",319,"SharpLink.Client","Method","Internal","EndpointOrdinal",2,0,0,0,0,""
"src/SharpLink.Client/SharpLinkClient.SupportSnapshot.cs",321,"SharpLink.Client","Method","Internal","IsSafeEndpointId",1,0,0,0,0,""
"src/SharpLink.Client/SharpLinkClient.SupportSnapshot.cs",331,"SharpLink.Client","Method","Internal","Unwrap",2,0,0,0,0,""
"src/SharpLink.Client/SharpLinkClient.SupportSnapshot.cs",338,"SharpLink.Client","Method","Internal","ClassifyStage",2,0,0,0,0,""
"src/SharpLink.Client/SharpLinkClient.SupportSnapshot.cs",366,"SharpLink.Client","Method","Internal","ClassifyFailure",2,0,0,0,0,""
"src/SharpLink.Client/SharpLinkClient.SupportSnapshot.cs",399,"SharpLink.Client","Method","Internal","GetSafeExceptionType",2,0,0,0,0,""
"src/SharpLink.Client/SharpLinkClient.SupportSnapshot.cs",411,"SharpLink.Client","Method","Internal","GetTransportKind",3,0,0,0,0,""
"src/SharpLink.Client/SharpLinkClient.Telemetry.cs",5,"SharpLink.Client","Method","Private","InvokeUnaryWithTelemetryAsync<TRequest, TResponse>",1,0,0,0,0,""
"src/SharpLink.Client/SharpLinkClient.Telemetry.cs",39,"SharpLink.Client","Method","Private","InvokeOneWayWithTelemetryAsync<TRequest, TStreams>",1,0,0,0,0,""
"src/SharpLink.Client/SharpLinkClient.Telemetry.cs",75,"SharpLink.Client","Method","Private","InvokeClientStreamingWithTelemetryAsync<TRequest, TResponse, TStreams>",1,0,0,0,0,""
"src/SharpLink.Client/SharpLinkClient.Telemetry.cs",111,"SharpLink.Client","Method","Private","InvokeServerStreamingWithTelemetry<TRequest, TResponse>",1,0,0,0,0,""
"src/SharpLink.Client/SharpLinkClient.Telemetry.cs",129,"SharpLink.Client","Method","Private","InvokeDuplexStreamingWithTelemetry<TRequest, TResponse, TStreams>",1,0,0,0,0,""
"src/SharpLink.Client/SharpLinkClient.Telemetry.cs",149,"SharpLink.Client","Method","Private","ObserveCallAsync<T>",2,0,0,0,0,""
"src/SharpLink.Client/SharpLinkClient.Telemetry.cs",166,"SharpLink.Client","Method","Private","ObserveCallAsync",1,0,0,0,0,""
"src/SharpLink.Client/SharpLinkClient.Telemetry.cs",182,"SharpLink.Client","Method","Private","ObserveStream<T>",2,0,0,0,0,""
"src/SharpLink.Client/SharpLinkClient.Telemetry.cs",189,"SharpLink.Client","NamedType","Private","global::SharpLink.Client.SharpLinkClient.TelemetryAsyncEnumerable<T>",1,0,0,0,0,""
"src/SharpLink.Client/SharpLinkClient.Telemetry.cs",213,"SharpLink.Client","NamedType","Private","global::SharpLink.Client.SharpLinkClient.TelemetryAsyncEnumerator<T>",1,0,0,0,0,""
"src/SharpLink.Client/SharpLinkClient.Telemetry.cs",217,"SharpLink.Client","Field","Private","_terminalObserved",2,0,0,0,0,""
"src/SharpLink.Client/SharpLinkClient.Telemetry.cs",267,"SharpLink.Client","Method","Private","CompleteAbandoned",1,0,0,0,0,""
"src/SharpLink.Client/SharpLinkClient.Telemetry.cs",278,"SharpLink.Client","Method","Private","TagLifetimeSource",5,0,0,0,0,""
"src/SharpLink.Client/SharpLinkClientSupportSnapshot.cs",7,"SharpLink.Client","NamedType","Public","global::SharpLink.Client.SharpLinkClientSupportSnapshotOptions",12,0,5,0,0,""
"src/SharpLink.Client/SharpLinkClientSupportSnapshot.cs",10,"SharpLink.Client","Field","Public","DefaultMaxEndpoints",1,0,1,0,0,""
"src/SharpLink.Client/SharpLinkClientSupportSnapshot.cs",13,"SharpLink.Client","Field","Public","DefaultMaxConnections",1,0,1,0,0,""
"src/SharpLink.Client/SharpLinkClientSupportSnapshot.cs",16,"SharpLink.Client","Field","Public","DefaultMaxJsonBytes",1,0,0,0,0,""
"src/SharpLink.Client/SharpLinkClientSupportSnapshot.cs",19,"SharpLink.Client","Property","Public","MaxEndpoints",16,0,7,1,0,""
"src/SharpLink.Client/SharpLinkClientSupportSnapshot.cs",22,"SharpLink.Client","Property","Public","MaxConnections",47,0,111,3,1,""
"src/SharpLink.Client/SharpLinkClientSupportSnapshot.cs",25,"SharpLink.Client","Property","Public","MaxJsonBytes",5,0,1,0,0,""
"src/SharpLink.Client/SharpLinkClientSupportSnapshot.cs",28,"SharpLink.Client","Property","Public","WriteIndented",2,0,1,0,0,""
"src/SharpLink.Client/SharpLinkClientSupportSnapshot.cs",49,"SharpLink.Client","NamedType","Public","global::SharpLink.Client.SharpLinkSupportTopologyKind",4,28,2,0,0,""
"src/SharpLink.Client/SharpLinkClientSupportSnapshot.cs",52,"SharpLink.Client","Field","Public","Fixed",1,0,1,0,0,"Enum/protocol identity"
"src/SharpLink.Client/SharpLinkClientSupportSnapshot.cs",54,"SharpLink.Client","Field","Public","Static",1,0,1,0,0,"Enum/protocol identity"
"src/SharpLink.Client/SharpLinkClientSupportSnapshot.cs",56,"SharpLink.Client","Field","Public","Dynamic",1,0,0,0,0,"Enum/protocol identity"
"src/SharpLink.Client/SharpLinkClientSupportSnapshot.cs",60,"SharpLink.Client","NamedType","Public","global::SharpLink.Client.SharpLinkSupportTransportKind",13,28,3,0,0,""
"src/SharpLink.Client/SharpLinkClientSupportSnapshot.cs",65,"SharpLink.Client","Field","Public","Tcp",2,0,3,0,0,"Enum/protocol identity"
"src/SharpLink.Client/SharpLinkClientSupportSnapshot.cs",67,"SharpLink.Client","Field","Public","UnixDomainSocket",1,0,0,0,0,"Enum/protocol identity"
"src/SharpLink.Client/SharpLinkClientSupportSnapshot.cs",69,"SharpLink.Client","Field","Public","NamedPipe",2,0,0,0,0,"Enum/protocol identity"
"src/SharpLink.Client/SharpLinkClientSupportSnapshot.cs",71,"SharpLink.Client","Field","Public","AnonymousPipe",2,0,0,0,0,"Enum/protocol identity"
"src/SharpLink.Client/SharpLinkClientSupportSnapshot.cs",73,"SharpLink.Client","Field","Public","SharedMemory",2,0,0,0,0,"Enum/protocol identity"
"src/SharpLink.Client/SharpLinkClientSupportSnapshot.cs",77,"SharpLink.Client","NamedType","Public","global::SharpLink.Client.SharpLinkSupportEndpointState",8,28,2,0,0,""
"src/SharpLink.Client/SharpLinkClientSupportSnapshot.cs",80,"SharpLink.Client","Field","Public","Unavailable",3,0,0,0,0,"Enum/protocol identity"
"src/SharpLink.Client/SharpLinkClientSupportSnapshot.cs",84,"SharpLink.Client","Field","Public","Retiring",1,0,2,0,0,"Enum/protocol identity"
"src/SharpLink.Client/SharpLinkClientSupportSnapshot.cs",88,"SharpLink.Client","NamedType","Public","global::SharpLink.Client.SharpLinkSupportConnectionState",4,28,3,0,0,""
"src/SharpLink.Client/SharpLinkClientSupportSnapshot.cs",99,"SharpLink.Client","NamedType","Public","global::SharpLink.Client.SharpLinkConnectionFailureStage",34,28,12,0,0,""
"src/SharpLink.Client/SharpLinkClientSupportSnapshot.cs",102,"SharpLink.Client","Field","Public","Resolve",7,0,1,0,0,"Enum/protocol identity"
"src/SharpLink.Client/SharpLinkClientSupportSnapshot.cs",104,"SharpLink.Client","Field","Public","Dial",5,0,3,0,0,"Enum/protocol identity"
"src/SharpLink.Client/SharpLinkClientSupportSnapshot.cs",106,"SharpLink.Client","Field","Public","Tls",1,0,1,0,0,"Enum/protocol identity"
"src/SharpLink.Client/SharpLinkClientSupportSnapshot.cs",108,"SharpLink.Client","Field","Public","Handshake",5,0,3,0,0,"Enum/protocol identity"
"src/SharpLink.Client/SharpLinkClientSupportSnapshot.cs",110,"SharpLink.Client","Field","Public","Authentication",3,0,3,0,0,"Enum/protocol identity"
"src/SharpLink.Client/SharpLinkClientSupportSnapshot.cs",112,"SharpLink.Client","Field","Public","Protocol",2,0,2,0,0,"Enum/protocol identity"
"src/SharpLink.Client/SharpLinkClientSupportSnapshot.cs",114,"SharpLink.Client","Field","Public","Readiness",5,0,0,0,0,"Enum/protocol identity"
"src/SharpLink.Client/SharpLinkClientSupportSnapshot.cs",116,"SharpLink.Client","Field","Public","Unknown",3,0,2,0,0,"Enum/protocol identity"
"src/SharpLink.Client/SharpLinkClientSupportSnapshot.cs",120,"SharpLink.Client","NamedType","Public","global::SharpLink.Client.SharpLinkConnectionFailureClass",17,28,7,0,0,""
"src/SharpLink.Client/SharpLinkClientSupportSnapshot.cs",123,"SharpLink.Client","Field","Public","Timeout",2,0,0,0,0,"Enum/protocol identity"
"src/SharpLink.Client/SharpLinkClientSupportSnapshot.cs",125,"SharpLink.Client","Field","Public","Cancelled",2,0,0,0,0,"Enum/protocol identity"
"src/SharpLink.Client/SharpLinkClientSupportSnapshot.cs",127,"SharpLink.Client","Field","Public","Refused",1,0,0,0,0,"Enum/protocol identity"
"src/SharpLink.Client/SharpLinkClientSupportSnapshot.cs",133,"SharpLink.Client","Field","Public","Version",1,0,0,0,0,"Enum/protocol identity"
"src/SharpLink.Client/SharpLinkClientSupportSnapshot.cs",135,"SharpLink.Client","Field","Public","Resource",1,0,0,0,0,"Enum/protocol identity"
"src/SharpLink.Client/SharpLinkClientSupportSnapshot.cs",137,"SharpLink.Client","Field","Public","Transport",2,0,3,0,0,"Enum/protocol identity"
"src/SharpLink.Client/SharpLinkClientSupportSnapshot.cs",139,"SharpLink.Client","Field","Public","Internal",2,0,1,0,0,"Enum/protocol identity"
"src/SharpLink.Client/SharpLinkClientSupportSnapshot.cs",143,"SharpLink.Client","NamedType","Public","global::SharpLink.Client.SharpLinkClientSupportSnapshot",8,118,18,0,0,""
"src/SharpLink.Client/SharpLinkClientSupportSnapshot.cs",154,"SharpLink.Client","Field","Public","CurrentSchemaVersion",1,0,3,0,0,""
"src/SharpLink.Client/SharpLinkClientSupportSnapshot.cs",160,"SharpLink.Client","Property","Public","ReadinessState",1,6,2,0,0,""
"src/SharpLink.Client/SharpLinkClientSupportSnapshot.cs",166,"SharpLink.Client","Property","Public","ConnectionState",1,6,3,0,0,""
"src/SharpLink.Client/SharpLinkClientSupportSnapshot.cs",170,"SharpLink.Client","NamedType","Public","global::SharpLink.Client.SharpLinkSupportRuntimeSnapshot",2,84,0,0,0,""
"src/SharpLink.Client/SharpLinkClientSupportSnapshot.cs",179,"SharpLink.Client","NamedType","Public","global::SharpLink.Client.SharpLinkSupportConfigurationSnapshot",2,164,0,0,0,""
"src/SharpLink.Client/SharpLinkClientSupportSnapshot.cs",198,"SharpLink.Client","NamedType","Public","global::SharpLink.Client.SharpLinkSupportCompressionPolicySnapshot",2,68,0,0,0,""
"src/SharpLink.Client/SharpLinkClientSupportSnapshot.cs",205,"SharpLink.Client","NamedType","Public","global::SharpLink.Client.SharpLinkSupportTopologySnapshot",5,108,0,0,0,""
"src/SharpLink.Client/SharpLinkClientSupportSnapshot.cs",217,"SharpLink.Client","NamedType","Public","global::SharpLink.Client.SharpLinkSupportEndpointSnapshot",6,128,1,0,0,""
"src/SharpLink.Client/SharpLinkClientSupportSnapshot.cs",229,"SharpLink.Client","NamedType","Public","global::SharpLink.Client.SharpLinkSupportConnectionSnapshot",6,112,2,0,0,""
"src/SharpLink.Client/SharpLinkClientSupportSnapshot.cs",239,"SharpLink.Client","NamedType","Public","global::SharpLink.Client.SharpLinkSupportConnectionResourceSnapshot",2,92,1,0,0,""
"src/SharpLink.Client/SharpLinkClientSupportSnapshot.cs",249,"SharpLink.Client","NamedType","Public","global::SharpLink.Client.SharpLinkSupportNegotiationSnapshot",2,124,0,0,0,""
"src/SharpLink.Client/SharpLinkClientSupportSnapshot.cs",263,"SharpLink.Client","NamedType","Public","global::SharpLink.Client.SharpLinkSupportResourceSnapshot",5,76,0,0,0,""
"src/SharpLink.Client/SharpLinkClientSupportSnapshot.cs",271,"SharpLink.Client","NamedType","Public","global::SharpLink.Client.SharpLinkConnectionFailureSnapshot",4,92,9,0,0,""
"src/SharpLink.Client/SharpLinkClientSupportSnapshot.cs",280,"SharpLink.Client","NamedType","Internal","global::SharpLink.Client.SharpLinkClientSupportIndentedJsonContext",1,1,0,0,0,""
"src/SharpLink.Client/SharpLinkClientSupportSnapshot.cs",290,"SharpLink.Client","NamedType","Internal","global::SharpLink.Client.SharpLinkClientSupportCompactJsonContext",1,1,0,0,0,""
"src/SharpLink.Client/SharpLinkClientSupportSnapshot.cs",304,"SharpLink.Client","Method","Public","GetDiagnosticSnapshot",1,0,27,0,0,""
"src/SharpLink.Client/SharpLinkClusterMutationResults.cs",4,"SharpLink.Client","NamedType","Public","global::SharpLink.Client.SharpLinkClusterMutationFailureCode",39,0,19,0,0,""
"src/SharpLink.Client/SharpLinkClusterMutationResults.cs",9,"SharpLink.Client","Field","Public","AlreadyExists",3,0,3,0,0,"Enum/protocol identity"
"src/SharpLink.Client/SharpLinkClusterMutationResults.cs",11,"SharpLink.Client","Field","Public","NotFound",2,0,2,0,0,"Enum/protocol identity"
"src/SharpLink.Client/SharpLinkClusterMutationResults.cs",13,"SharpLink.Client","Field","Public","Busy",7,0,4,0,0,"Enum/protocol identity"
"src/SharpLink.Client/SharpLinkClusterMutationResults.cs",15,"SharpLink.Client","Field","Public","LifecycleClosed",7,0,4,0,0,"Enum/protocol identity"
"src/SharpLink.Client/SharpLinkClusterMutationResults.cs",17,"SharpLink.Client","Field","Public","RouteConflict",1,0,1,0,0,"Enum/protocol identity"
"src/SharpLink.Client/SharpLinkClusterMutationResults.cs",19,"SharpLink.Client","Field","Public","CapacityExceeded",4,0,3,0,0,"Enum/protocol identity"
"src/SharpLink.Client/SharpLinkClusterMutationResults.cs",21,"SharpLink.Client","Field","Public","CandidateUnavailable",1,0,1,0,0,"Enum/protocol identity"
"src/SharpLink.Client/SharpLinkClusterMutationResults.cs",25,"SharpLink.Client","NamedType","Public","global::SharpLink.Client.SharpLinkClusterAddResult",12,0,16,0,0,""
"src/SharpLink.Client/SharpLinkClusterMutationResults.cs",27,"SharpLink.Client","Method","Internal","SharpLinkClusterAddResult",2,0,0,0,0,"Constructor/activation"
"src/SharpLink.Client/SharpLinkClusterMutationResults.cs",38,"SharpLink.Client","Property","Public","Succeeded",5,0,33,0,0,""
"src/SharpLink.Client/SharpLinkClusterMutationResults.cs",41,"SharpLink.Client","Property","Public","FailureCode",3,0,19,0,0,""
"src/SharpLink.Client/SharpLinkClusterMutationResults.cs",44,"SharpLink.Client","Property","Public","Message",6,0,0,0,0,""
"src/SharpLink.Client/SharpLinkClusterMutationResults.cs",46,"SharpLink.Client","Method","Internal","Success",3,0,0,0,0,""
"src/SharpLink.Client/SharpLinkClusterMutationResults.cs",56,"SharpLink.Client","NamedType","Public","global::SharpLink.Client.SharpLinkClusterReplacementResult",9,0,8,0,0,""
"src/SharpLink.Client/SharpLinkClusterMutationResults.cs",58,"SharpLink.Client","Method","Internal","SharpLinkClusterReplacementResult",2,0,0,0,0,"Constructor/activation"
"src/SharpLink.Client/SharpLinkClusterMutationResults.cs",78,"SharpLink.Client","Property","Public","Published",1,0,8,0,0,""
"src/SharpLink.Client/SharpLinkClusterMutationResults.cs",87,"SharpLink.Client","Property","Public","ReferencesReleased",2,0,12,0,0,""
"src/SharpLink.Client/SharpLinkClusterMutationResults.cs",90,"SharpLink.Client","Property","Public","ForcedStop",2,0,11,0,0,""
"src/SharpLink.Client/SharpLinkClusterMutationResults.cs",108,"SharpLink.Client","NamedType","Public","global::SharpLink.Client.SharpLinkClusterRemovalResult",7,0,15,0,0,""
"src/SharpLink.Client/SharpLinkClusterMutationResults.cs",110,"SharpLink.Client","Method","Internal","SharpLinkClusterRemovalResult",2,0,0,0,0,"Constructor/activation"
"src/SharpLink.Client/SharpLinkClusterOptions.cs",4,"SharpLink.Client","NamedType","Public","global::SharpLink.Client.SharpLinkClusterOptions",24,0,5,0,0,""
"src/SharpLink.Client/SharpLinkClusterOptions.cs",7,"SharpLink.Client","Field","Public","MaximumEndpoints",7,0,3,0,0,""
"src/SharpLink.Client/SharpLinkClusterOptions.cs",9,"SharpLink.Client","Field","Private","_connectionLimits",7,0,0,0,0,""
"src/SharpLink.Client/SharpLinkClusterOptions.cs",15,"SharpLink.Client","Property","Public","MinReadyEndpoints",19,0,68,3,1,""
"src/SharpLink.Client/SharpLinkClusterOptions.cs",25,"SharpLink.Client","Property","Public","MaxConnectionsPerEndpoint",14,4,71,3,1,""
"src/SharpLink.Client/SharpLinkClusterOptions.cs",32,"SharpLink.Client","Property","Public","MaxRetiringConnections",17,0,17,3,0,""
"src/SharpLink.Client/SharpLinkClusterOptions.cs",66,"SharpLink.Client","Method","Internal","CloneValidatedForDynamicResolver",1,0,0,0,0,""
"src/SharpLink.Client/SharpLinkClusterOptions.cs",94,"SharpLink.Client","Method","Internal","PublishRuntimeConnectionLimits",4,0,0,0,0,""
"src/SharpLink.Client/SharpLinkClusterOptions.cs",97,"SharpLink.Client","Method","Private","UpdateBuilderConnectionLimits",2,0,0,0,0,""
"src/SharpLink.Client/SharpLinkClusterOptions.cs",110,"SharpLink.Client","Method","Private","PackConnectionLimits",3,0,0,0,0,""
"src/SharpLink.Client/SharpLinkClusterOptions.cs",113,"SharpLink.Client","Method","Private","UnpackMaxConnections",4,0,0,0,0,""
"src/SharpLink.Client/SharpLinkClusterOptions.cs",114,"SharpLink.Client","Method","Private","UnpackMaxConnectionsPerEndpoint",4,0,0,0,0,""
"src/SharpLink.Client/SharpLinkClusterOptions.cs",119,"SharpLink.Client","NamedType","Public","global::SharpLink.Client.SharpLinkLoadBalancingStrategy",30,54,47,1,1,""
"src/SharpLink.Client/SharpLinkClusterOptions.cs",122,"SharpLink.Client","Field","Public","PowerOfTwoChoices",1,0,9,0,0,"Enum/protocol identity"
"src/SharpLink.Client/SharpLinkClusterOptions.cs",125,"SharpLink.Client","Field","Public","Random",2,0,11,0,0,"Enum/protocol identity"
"src/SharpLink.Client/SharpLinkClusterOptions.cs",128,"SharpLink.Client","Field","Public","RoundRobin",2,0,11,0,1,"Enum/protocol identity"
"src/SharpLink.Client/SharpLinkClusterOptions.cs",131,"SharpLink.Client","Field","Public","LeastPending",2,0,12,0,0,"Enum/protocol identity"
"src/SharpLink.Client/SharpLinkConnectionPoolOptions.cs",14,"SharpLink.Client","NamedType","Public","global::SharpLink.Client.SharpLinkConnectionPoolOptions",23,0,7,0,0,""
"src/SharpLink.Client/SharpLinkConnectionPoolOptions.cs",17,"SharpLink.Client","Field","Public","MaximumConnections",9,0,0,0,0,""
"src/SharpLink.Client/SharpLinkConnectionPoolOptions.cs",19,"SharpLink.Client","Field","Private","_sizing",7,0,0,0,0,""
"src/SharpLink.Client/SharpLinkConnectionPoolOptions.cs",20,"SharpLink.Client","Field","Private","MinConnectionsDefault",1,0,0,0,0,""
"src/SharpLink.Client/SharpLinkConnectionPoolOptions.cs",21,"SharpLink.Client","Field","Private","MaxConnectionsDefault",1,0,0,0,0,""
"src/SharpLink.Client/SharpLinkConnectionPoolOptions.cs",24,"SharpLink.Client","Property","Public","MinConnections",14,0,31,0,0,""
"src/SharpLink.Client/SharpLinkConnectionPoolOptions.cs",38,"SharpLink.Client","Method","Public","Validate",1,0,3,0,0,""
"src/SharpLink.Client/SharpLinkConnectionPoolOptions.cs",64,"SharpLink.Client","Method","Internal","PublishRuntimeSizing",3,0,0,0,0,""
"src/SharpLink.Client/SharpLinkConnectionPoolOptions.cs",67,"SharpLink.Client","Method","Private","UpdateBuilderSizing",2,0,0,0,0,""
"src/SharpLink.Client/SharpLinkConnectionPoolOptions.cs",80,"SharpLink.Client","Method","Private","Pack",3,0,0,0,0,""
"src/SharpLink.Client/SharpLinkConnectionPoolOptions.cs",83,"SharpLink.Client","Method","Private","UnpackMin",4,0,0,0,0,""
"src/SharpLink.Client/SharpLinkConnectionPoolOptions.cs",84,"SharpLink.Client","Method","Private","UnpackMax",4,0,0,0,0,""
"src/SharpLink.Client/SharpLinkConnectionPoolSizing.cs",4,"SharpLink.Client","NamedType","Public","global::SharpLink.Client.SharpLinkConnectionPoolSizingKind",3,0,3,0,0,""
"src/SharpLink.Client/SharpLinkConnectionPoolSizing.cs",7,"SharpLink.Client","Field","Public","FixedEndpoint",1,0,1,0,0,"Enum/protocol identity"
"src/SharpLink.Client/SharpLinkConnectionPoolSizing.cs",10,"SharpLink.Client","Field","Public","EndpointCluster",1,0,2,0,0,"Enum/protocol identity"
"src/SharpLink.Client/SharpLinkConnectionPoolSizing.cs",14,"SharpLink.Client","NamedType","Public","global::SharpLink.Client.SharpLinkConnectionPoolSizingSnapshot",5,0,6,0,0,""
"src/SharpLink.Client/SharpLinkConnectionPoolSizing.cs",21,"SharpLink.Client","NamedType","Internal","global::SharpLink.Client.ISharpLinkConnectionPoolSizingRuntime",4,0,0,0,0,""
"src/SharpLink.Client/SharpLinkConnectionPoolSizing.cs",29,"SharpLink.Client","NamedType","Public","global::SharpLink.Client.SharpLinkConnectionPoolSizingExtensions",4,0,0,0,0,""
"src/SharpLink.Client/SharpLinkConnectionPoolSizing.cs",73,"SharpLink.Client","Method","Internal","ValidateFixed",3,0,0,0,0,""
"src/SharpLink.Client/SharpLinkConnectionPoolSizing.cs",83,"SharpLink.Client","Method","Internal","ValidateCluster",5,0,0,0,0,""
"src/SharpLink.Client/SharpLinkEndpointResolvers.cs",7,"SharpLink.Client","NamedType","Internal","global::SharpLink.Client.ISharpLinkRuntimeTimeProviderAwareResolver",5,0,1,0,0,""
"src/SharpLink.Client/SharpLinkEndpointResolvers.cs",9,"SharpLink.Client","Method","Public","BindTimeProvider",1,0,2,0,0,"Interface contract"
"src/SharpLink.Client/SharpLinkEndpointResolvers.cs",17,"SharpLink.Client","NamedType","Public","global::SharpLink.Client.DelegateSharpLinkEndpointResolver",1,0,14,0,0,""
"src/SharpLink.Client/SharpLinkEndpointResolvers.cs",21,"SharpLink.Client","Field","Private","DefaultPollingInterval",1,0,0,0,0,""
"src/SharpLink.Client/SharpLinkEndpointResolvers.cs",22,"SharpLink.Client","Field","Private","_resolve",3,0,0,0,0,""
"src/SharpLink.Client/SharpLinkEndpointResolvers.cs",23,"SharpLink.Client","Field","Private","_watch",3,0,0,0,0,""
"src/SharpLink.Client/SharpLinkEndpointResolvers.cs",24,"SharpLink.Client","Field","Private","_pollingInterval",3,0,0,0,0,""
"src/SharpLink.Client/SharpLinkEndpointResolvers.cs",25,"SharpLink.Client","Field","Private","_disposeCts",6,0,0,0,0,""
"src/SharpLink.Client/SharpLinkEndpointResolvers.cs",26,"SharpLink.Client","Field","Private","_disposeGate",4,0,0,0,0,""
"src/SharpLink.Client/SharpLinkEndpointResolvers.cs",28,"SharpLink.Client","Field","Private","_disposeTask",2,0,0,0,0,""
"src/SharpLink.Client/SharpLinkEndpointResolvers.cs",30,"SharpLink.Client","Field","Private","_timeProviderBound",2,0,0,0,0,""
"src/SharpLink.Client/SharpLinkEndpointResolvers.cs",93,"SharpLink.Client","Method","Private","DisposeCoreAsync",2,0,0,0,0,""
"src/SharpLink.Client/SharpLinkEndpointResolvers.cs",107,"SharpLink.Client","Method","Private","CreateOperationCancellation",4,0,0,0,0,""
"src/SharpLink.Client/SharpLinkEndpointResolvers.cs",116,"SharpLink.Client","Method","Private","ThrowIfDisposed",2,0,0,0,0,""
"src/SharpLink.Client/SharpLinkEndpointResolvers.cs",135,"SharpLink.Client","NamedType","Public","global::SharpLink.Client.SharpLinkDnsResolverOptions",9,0,7,0,0,""
"src/SharpLink.Client/SharpLinkEndpointResolvers.cs",138,"SharpLink.Client","Property","Public","RefreshInterval",3,0,4,0,0,""
"src/SharpLink.Client/SharpLinkEndpointResolvers.cs",141,"SharpLink.Client","Property","Public","MinimumRefreshInterval",6,0,4,0,0,""
"src/SharpLink.Client/SharpLinkEndpointResolvers.cs",144,"SharpLink.Client","Property","Public","MaximumRefreshInterval",6,0,3,0,0,""
"src/SharpLink.Client/SharpLinkEndpointResolvers.cs",147,"SharpLink.Client","Property","Public","JitterRatio",13,0,10,0,1,""
"src/SharpLink.Client/SharpLinkEndpointResolvers.cs",150,"SharpLink.Client","Property","Public","AddressFamily",4,0,3,0,0,""
"src/SharpLink.Client/SharpLinkEndpointResolvers.cs",178,"SharpLink.Client","NamedType","Internal","global::SharpLink.Client.ISharpLinkDnsQuery",3,0,1,0,0,""
"src/SharpLink.Client/SharpLinkEndpointResolvers.cs",180,"SharpLink.Client","Method","Public","QueryAsync",1,0,0,0,0,"Interface contract"
"src/SharpLink.Client/SharpLinkEndpointResolvers.cs",183,"SharpLink.Client","NamedType","Internal","global::SharpLink.Client.BclSharpLinkDnsQuery",3,0,0,0,0,""
"src/SharpLink.Client/SharpLinkEndpointResolvers.cs",185,"SharpLink.Client","Field","Public","Instance",3,0,17,0,0,""
"src/SharpLink.Client/SharpLinkEndpointResolvers.cs",187,"SharpLink.Client","Method","Private","BclSharpLinkDnsQuery",1,0,0,0,0,"Constructor/activation"
"src/SharpLink.Client/SharpLinkEndpointResolvers.cs",200,"SharpLink.Client","NamedType","Public","global::SharpLink.Client.SharpLinkDnsEndpointResolver",2,0,7,0,0,""
"src/SharpLink.Client/SharpLinkEndpointResolvers.cs",204,"SharpLink.Client","Field","Private","_host",4,0,0,0,0,""
"src/SharpLink.Client/SharpLinkEndpointResolvers.cs",205,"SharpLink.Client","Field","Private","_port",3,0,0,0,0,""
"src/SharpLink.Client/SharpLinkEndpointResolvers.cs",207,"SharpLink.Client","Field","Private","_query",2,0,0,0,0,""
"src/SharpLink.Client/SharpLinkEndpointResolvers.cs",213,"SharpLink.Client","Field","Private","_lastSnapshot",4,0,0,0,0,""
"src/SharpLink.Client/SharpLinkEndpointResolvers.cs",214,"SharpLink.Client","Field","Private","_lastEndpointKeys",2,0,0,0,0,""
"src/SharpLink.Client/SharpLinkEndpointResolvers.cs",215,"SharpLink.Client","Field","Private","_version",1,0,0,0,0,""
"src/SharpLink.Client/SharpLinkEndpointResolvers.cs",223,"SharpLink.Client","Method","Public","SharpLinkDnsEndpointResolver",1,0,7,0,0,"Constructor/activation"
"src/SharpLink.Client/SharpLinkEndpointResolvers.cs",326,"SharpLink.Client","Method","Private","QueryAndCreateSnapshotAsync",2,0,0,0,0,""
"src/SharpLink.Client/SharpLinkEndpointResolvers.cs",372,"SharpLink.Client","Method","Private","GetHostHash",1,0,0,0,0,""
"src/SharpLink.Client/SharpLinkEndpointResolvers.cs",376,"SharpLink.Client","Method","Private","GetRefreshDelay",1,0,0,0,0,""
"src/SharpLink.Client/SharpLinkEndpointResolvers.cs",392,"SharpLink.Client","Method","Private","TryGetLastSnapshot",1,0,0,0,0,""
"src/SharpLink.Client/SharpLinkEndpointSelectionRuntimeExtensions.cs",4,"SharpLink.Client","NamedType","Public","global::SharpLink.Client.SharpLinkEndpointSelectionPolicyKind",3,26,6,0,0,""
"src/SharpLink.Client/SharpLinkEndpointSelectionRuntimeExtensions.cs",7,"SharpLink.Client","Field","Public","BuiltIn",1,0,3,0,0,"Enum/protocol identity"
"src/SharpLink.Client/SharpLinkEndpointSelectionRuntimeExtensions.cs",17,"SharpLink.Client","NamedType","Public","global::SharpLink.Client.SharpLinkEndpointSelectionPolicySnapshot",10,76,9,0,0,""
"src/SharpLink.Client/SharpLinkMetadataRpcChannel.cs",3,"SharpLink.Client","NamedType","Internal","global::SharpLink.Client.SharpLinkMetadataRpcChannel",1,0,0,0,0,""
"src/SharpLink.Client/SharpLinkMultiClusterClient.ConnectLifecycle.cs",5,"SharpLink.Client","NamedType","Internal","global::SharpLink.Client.SharpLinkMultiClusterClient",2,0,35,0,0,""
"src/SharpLink.Client/SharpLinkMultiClusterClient.ConnectLifecycle.cs",7,"SharpLink.Client","Method","Private","RethrowInitialConnectFailureAsync",1,0,0,0,0,""
"src/SharpLink.Client/SharpLinkMultiClusterClient.cs",10,"SharpLink.Client","Field","Private","_shutdown",16,0,0,0,0,""
"src/SharpLink.Client/SharpLinkMultiClusterClient.cs",11,"SharpLink.Client","Field","Private","_mutationGate",10,0,0,0,0,""
"src/SharpLink.Client/SharpLinkMultiClusterClient.cs",17,"SharpLink.Client","Field","Private","_dynamicRegistrations",18,0,0,0,0,""
"src/SharpLink.Client/SharpLinkMultiClusterClient.cs",18,"SharpLink.Client","Field","Private","_drainingRegistrations",7,0,0,0,0,""
"src/SharpLink.Client/SharpLinkMultiClusterClient.cs",24,"SharpLink.Client","Field","Private","_activeAssemblyReplacements",3,0,0,0,0,""
"src/SharpLink.Client/SharpLinkMultiClusterClient.cs",25,"SharpLink.Client","Field","Private","_slotMutationInProgress",11,0,0,0,0,""
"src/SharpLink.Client/SharpLinkMultiClusterClient.cs",26,"SharpLink.Client","Field","Private","_transitionConnectionBudget",7,0,0,0,0,""
"src/SharpLink.Client/SharpLinkMultiClusterClient.cs",29,"SharpLink.Client","Method","Internal","SharpLinkMultiClusterClient",1,0,17,0,0,"Constructor/activation"
"src/SharpLink.Client/SharpLinkMultiClusterClient.cs",385,"SharpLink.Client","Method","Private","ConnectCoreAsync",1,0,0,0,0,""
"src/SharpLink.Client/SharpLinkMultiClusterClient.cs",449,"SharpLink.Client","Method","Private","StopSlotsAsync",3,0,0,0,0,""
"src/SharpLink.Client/SharpLinkMultiClusterClient.cs",458,"SharpLink.Client","Method","Private","CompleteUnregisterAsync",1,0,0,0,0,""
"src/SharpLink.Client/SharpLinkMultiClusterClient.cs",493,"SharpLink.Client","Method","Private","CompleteSharedUnregisterAsync",1,0,0,0,0,""
"src/SharpLink.Client/SharpLinkMultiClusterClient.cs",517,"SharpLink.Client","Method","Private","RestoreRoutesAfterRejectedUnregister",1,0,0,0,0,""
"src/SharpLink.Client/SharpLinkMultiClusterClient.cs",558,"SharpLink.Client","Method","Private","CompleteDeferredUnregisterAsync",1,0,0,0,0,""
"src/SharpLink.Client/SharpLinkMultiClusterClient.cs",603,"SharpLink.Client","Method","Private","CompleteTrackedReplacementAsync",1,0,0,0,0,""
"src/SharpLink.Client/SharpLinkMultiClusterClient.cs",622,"SharpLink.Client","Method","Private","CompleteReplacementAsync",1,0,0,0,0,""
"src/SharpLink.Client/SharpLinkMultiClusterClient.cs",666,"SharpLink.Client","Method","Private","PublishReplacement",3,0,0,0,0,""
"src/SharpLink.Client/SharpLinkMultiClusterClient.cs",695,"SharpLink.Client","Method","Private","IsDynamicAssemblyStillRegistered",1,0,0,0,0,""
"src/SharpLink.Client/SharpLinkMultiClusterClient.cs",699,"SharpLink.Client","Method","Private","WaitForOperationAsync<T>",3,0,0,0,0,""
"src/SharpLink.Client/SharpLinkMultiClusterClient.cs",717,"SharpLink.Client","Method","Private","GetSlot",10,0,0,0,0,""
"src/SharpLink.Client/SharpLinkMultiClusterClient.cs",732,"SharpLink.Client","Method","Private","Error",7,0,0,0,0,""
"src/SharpLink.Client/SharpLinkMultiClusterClient.cs",738,"SharpLink.Client","Method","Private","GetTimeProvider",4,0,0,0,0,""
"src/SharpLink.Client/SharpLinkMultiClusterClient.cs",744,"SharpLink.Client","NamedType","Internal","global::SharpLink.Client.SharpLinkClusterSlot",45,0,29,0,0,""
"src/SharpLink.Client/SharpLinkMultiClusterClient.cs",751,"SharpLink.Client","NamedType","Internal","global::SharpLink.Client.SharpLinkClusterRouteRegistration",19,0,18,0,0,""
"src/SharpLink.Client/SharpLinkMultiClusterClient.cs",758,"SharpLink.Client","NamedType","Internal","global::SharpLink.Client.DynamicAssemblyRegistration",17,0,6,0,0,""
"src/SharpLink.Client/SharpLinkMultiClusterClient.cs",763,"SharpLink.Client","NamedType","Internal","global::SharpLink.Client.MultiClusterSnapshot",23,0,5,0,0,""
"src/SharpLink.Client/SharpLinkMultiClusterClient.cs",768,"SharpLink.Client","Property","Internal","Slots",6,0,0,0,0,""
"src/SharpLink.Client/SharpLinkMultiClusterClient.cs",776,"SharpLink.Client","NamedType","Internal","global::SharpLink.Client.IDynamicAssemblyRegistrationInspector",6,0,3,0,0,""
"src/SharpLink.Client/SharpLinkMultiClusterClient.cs",781,"SharpLink.Client","NamedType","Internal","global::SharpLink.Client.ISharpLinkClientDrainInspector",4,0,9,0,0,""
"src/SharpLink.Client/SharpLinkMultiClusterClient.cs",788,"SharpLink.Client","NamedType","Internal","global::SharpLink.Client.ISharpLinkClientTimeProvider",4,0,1,0,0,""
"src/SharpLink.Client/SharpLinkMultiClusterClient.DialConcurrency.cs",5,"SharpLink.Client","Field","Private","_clusterDialLimiter",2,0,0,0,0,""
"src/SharpLink.Client/SharpLinkMultiClusterClient.DialConcurrency.cs",7,"SharpLink.Client","Method","Private","InitializeClusterDialLimiter",1,0,0,0,0,""
"src/SharpLink.Client/SharpLinkMultiClusterClient.DialConcurrency.cs",18,"SharpLink.Client","Method","Private","BindClusterDialLimiter",3,0,0,0,0,""
"src/SharpLink.Client/SharpLinkMultiClusterClient.Log.cs",5,"SharpLink.Client","Method","Private","LogMultiClusterFrameworkTaskFailure",1,0,0,0,0,""
"src/SharpLink.Client/SharpLinkMultiClusterClient.Log.cs",14,"SharpLink.Client","Method","Private","LogMutationStageCore",1,0,0,0,0,""
"src/SharpLink.Client/SharpLinkMultiClusterClient.Log.cs",28,"SharpLink.Client","Method","Private","LogMutationStage",18,0,0,0,0,""
"src/SharpLink.Client/SharpLinkMultiClusterClient.Log.cs",56,"SharpLink.Client","Method","Private","RecordMutation",9,0,0,0,0,""
"src/SharpLink.Client/SharpLinkMultiClusterClient.MutationPolicies.cs",5,"SharpLink.Client","Method","Private","TryBeginSlotMutationLocked",3,0,0,0,0,""
"src/SharpLink.Client/SharpLinkMultiClusterClient.MutationPolicies.cs",57,"SharpLink.Client","Method","Private","TryGetPublishableSnapshotLocked",4,0,0,0,0,""
"src/SharpLink.Client/SharpLinkMultiClusterClient.MutationPolicies.cs",100,"SharpLink.Client","Method","Private","StartAddCandidateWhenRequiredAsync",1,0,0,0,0,""
"src/SharpLink.Client/SharpLinkMultiClusterClient.MutationPolicies.cs",142,"SharpLink.Client","Method","Private","ConnectReplacementCandidateWhenRequiredAsync",1,0,0,0,0,""
"src/SharpLink.Client/SharpLinkMultiClusterClient.MutationPolicies.cs",216,"SharpLink.Client","Method","Private","IsExpectedReplacementAvailabilityFailure",1,0,0,0,0,""
"src/SharpLink.Client/SharpLinkMultiClusterClient.MutationPolicies.cs",225,"SharpLink.Client","Method","Private","IsExpectedReplacementSharpLinkAvailabilityFailure",1,0,0,0,0,""
"src/SharpLink.Client/SharpLinkMultiClusterClient.MutationPolicies.cs",234,"SharpLink.Client","Method","Private","TryValidateSteadyBudget",2,0,0,0,0,""
"src/SharpLink.Client/SharpLinkMultiClusterClient.MutationPolicies.cs",251,"SharpLink.Client","Method","Private","TryValidateReplacementBudgetLocked",2,0,0,0,0,""
"src/SharpLink.Client/SharpLinkMultiClusterClient.MutationPolicies.cs",285,"SharpLink.Client","Method","Private","TryValidateTransitionBudget",3,0,0,0,0,""
"src/SharpLink.Client/SharpLinkMultiClusterClient.MutationPolicies.cs",303,"SharpLink.Client","Method","Private","TryMergeRoutes",2,0,0,0,0,""
"src/SharpLink.Client/SharpLinkMultiClusterClient.MutationPolicies.cs",328,"SharpLink.Client","Method","Private","Reject",25,0,0,0,0,""
"src/SharpLink.Client/SharpLinkMultiClusterClient.MutationPolicies.cs",333,"SharpLink.Client","NamedType","Private","global::SharpLink.Client.SharpLinkMultiClusterClient.MutationRejection",28,0,0,0,0,""
"src/SharpLink.Client/SharpLinkMultiClusterClient.MutationPolicies.cs",337,"SharpLink.Client","NamedType","Private","global::SharpLink.Client.SharpLinkMultiClusterClient.CandidateActivationOutcome",16,0,0,0,0,""
"src/SharpLink.Client/SharpLinkMultiClusterClient.Mutations.cs",7,"SharpLink.Client","Method","Private","AddClusterAsync",1,0,6,0,0,"Interface implementation"
"src/SharpLink.Client/SharpLinkMultiClusterClient.Mutations.cs",22,"SharpLink.Client","Method","Private","AddClusterCoreAsync",3,0,0,0,0,""
"src/SharpLink.Client/SharpLinkMultiClusterClient.Mutations.cs",229,"SharpLink.Client","Method","Private","ReplaceClusterAsync",1,0,21,0,0,"Interface implementation"
"src/SharpLink.Client/SharpLinkMultiClusterClient.Mutations.cs",438,"SharpLink.Client","Method","Private","RemoveClusterAsync",1,0,17,0,0,"Interface implementation"
"src/SharpLink.Client/SharpLinkMultiClusterClient.Mutations.cs",548,"SharpLink.Client","Method","Private","TrackRetiredSlotCleanup",2,0,0,0,0,""
"src/SharpLink.Client/SharpLinkMultiClusterClient.Mutations.cs",565,"SharpLink.Client","Method","Private","CompleteRetiredSlotCleanupAsync",1,0,0,0,0,""
"src/SharpLink.Client/SharpLinkMultiClusterClient.Mutations.cs",588,"SharpLink.Client","Method","Private","WaitForActiveCallsToDrainAsync",1,0,0,0,0,""
"src/SharpLink.Client/SharpLinkMultiClusterClient.Mutations.cs",624,"SharpLink.Client","Method","Private","EndSlotMutation",3,0,0,0,0,""
"src/SharpLink.Client/SharpLinkMultiClusterClient.Mutations.cs",630,"SharpLink.Client","Method","Private","RethrowAfterCandidateCleanupAsync",2,0,0,0,0,""
"src/SharpLink.Client/SharpLinkMultiClusterClient.Mutations.cs",646,"SharpLink.Client","Method","Private","ValidateClusterKey",3,0,0,0,0,""
"src/SharpLink.Client/SharpLinkMultiClusterClient.PublicLifecycle.cs",5,"SharpLink.Client","Field","Private","_runtimeStartTask",5,0,0,0,0,""
"src/SharpLink.Client/SharpLinkMultiClusterClient.PublicLifecycle.cs",6,"SharpLink.Client","Field","Private","_runningConnectTask",4,0,0,0,0,""
"src/SharpLink.Client/SharpLinkMultiClusterClient.PublicLifecycle.cs",152,"SharpLink.Client","Method","Private","StartRuntimeCoreAsync",1,0,0,0,0,""
"src/SharpLink.Client/SharpLinkMultiClusterClient.PublicLifecycle.cs",199,"SharpLink.Client","Method","Private","ConnectRunningClustersAsync",1,0,0,0,0,""
"src/SharpLink.Client/SharpLinkMultiClusterClient.TimeoutPolicy.cs",24,"SharpLink.Client","Method","Private","ConfigureChildBuilder",2,0,0,0,0,"Interface implementation"
"src/SharpLink.Client/SharpLinkMultiClusterClientBuilder.cs",8,"SharpLink.Client","NamedType","Public","global::SharpLink.Client.SharpLinkMultiClusterClientBuilder",14,0,28,0,1,""
"src/SharpLink.Client/SharpLinkMultiClusterClientBuilder.cs",11,"SharpLink.Client","Field","Private","_clusters",11,0,0,0,0,""
"src/SharpLink.Client/SharpLinkMultiClusterClientBuilder.cs",12,"SharpLink.Client","Field","Private","_manifestSource",2,0,0,0,0,""
"src/SharpLink.Client/SharpLinkMultiClusterClientBuilder.cs",13,"SharpLink.Client","Field","Private","_routeSource",2,0,0,0,0,""
"src/SharpLink.Client/SharpLinkMultiClusterClientBuilder.cs",63,"SharpLink.Client","Method","Public","AddCluster",1,0,182,0,3,""
"src/SharpLink.Client/SharpLinkMultiClusterClientBuilder.cs",234,"SharpLink.Client","Method","Internal","PrepareRuntimeCluster",2,0,1,0,0,""
"src/SharpLink.Client/SharpLinkMultiClusterClientBuilder.cs",331,"SharpLink.Client","Method","Internal","PrepareReplacementCluster",1,0,1,0,0,""
"src/SharpLink.Client/SharpLinkMultiClusterClientBuilder.cs",367,"SharpLink.Client","Method","Private","BuildStaticRoutes",2,0,0,0,0,""
"src/SharpLink.Client/SharpLinkMultiClusterClientBuilder.cs",398,"SharpLink.Client","Method","Private","RethrowAfterDiscardingCompiledPlans",3,0,0,0,0,""
"src/SharpLink.Client/SharpLinkMultiClusterClientBuilder.cs",435,"SharpLink.Client","Method","Private","LoadRoutedManifestGraph",2,0,0,0,0,""
"src/SharpLink.Client/SharpLinkMultiClusterClientBuilder.cs",498,"SharpLink.Client","Method","Private","InitializeRoutedAssemblyModules",2,0,0,0,0,""
"src/SharpLink.Client/SharpLinkMultiClusterClientBuilder.cs",510,"SharpLink.Client","Method","Private","ResolveDependencyAssembly",3,0,0,0,0,""
"src/SharpLink.Client/SharpLinkMultiClusterClientBuilder.cs",528,"SharpLink.Client","Method","Private","AddManifestClosure",3,0,0,0,0,""
"src/SharpLink.Client/SharpLinkMultiClusterClientBuilder.cs",557,"SharpLink.Client","Method","Private","EnumerateDependencyIdentities",1,0,0,0,0,""
"src/SharpLink.Client/SharpLinkMultiClusterClientBuilder.cs",584,"SharpLink.Client","Method","Private","IsRoutedToCluster",2,0,0,0,0,""
"src/SharpLink.Client/SharpLinkMultiClusterClientBuilder.cs",592,"SharpLink.Client","NamedType","Private","global::SharpLink.Client.SharpLinkMultiClusterClientBuilder.DependencyManifestView",2,0,0,0,0,""
"src/SharpLink.Client/SharpLinkMultiClusterClientBuilder.cs",598,"SharpLink.Client","Property","Public","OwnerAssembly",1,0,0,0,0,""
"src/SharpLink.Client/SharpLinkMultiClusterClientBuilder.cs",609,"SharpLink.Client","NamedType","Private","global::SharpLink.Client.SharpLinkMultiClusterClientBuilder.ClusterConfiguration",7,0,0,0,0,""
"src/SharpLink.Client/SharpLinkMultiClusterClientBuilder.cs",614,"SharpLink.Client","NamedType","Private","global::SharpLink.Client.SharpLinkMultiClusterClientBuilder.CompiledClusterPlan",5,0,0,0,0,""
"src/SharpLink.Client/SharpLinkMultiClusterClientBuilder.cs",620,"SharpLink.Client","Property","Internal","Plan",3,0,0,0,0,""
"src/SharpLink.Client/SharpLinkMultiClusterClientBuilder.cs",622,"SharpLink.Client","Property","Internal","MaterializationStarted",2,0,0,0,0,""
"src/SharpLink.Client/SharpLinkMultiClusterClientBuilder.cs",626,"SharpLink.Client","NamedType","Internal","global::SharpLink.Client.SharpLinkPreparedCluster",9,0,2,0,0,""
"src/SharpLink.Client/SharpLinkMultiClusterClientExtensions.cs",155,"SharpLink.Client","Method","Private","GetLifecycleControl",3,0,0,0,0,""
"src/SharpLink.Client/SharpLinkMultiClusterClientExtensions.cs",161,"SharpLink.Client","Method","Private","RethrowAfterBuilderCleanup",2,0,0,0,0,""
"src/SharpLink.Client/SharpLinkMultiClusterClientExtensions.cs",178,"SharpLink.Client","NamedType","Internal","global::SharpLink.Client.ISharpLinkMultiClusterLifecycleControl",9,0,0,0,0,""
"src/SharpLink.Client/SharpLinkMultiClusterOptions.cs",4,"SharpLink.Client","NamedType","Public","global::SharpLink.Client.SharpLinkMultiClusterOptions",9,0,17,0,0,""
"src/SharpLink.Client/SharpLinkMultiClusterOptions.cs",7,"SharpLink.Client","Property","Public","MaxClusters",7,0,4,0,0,""
"src/SharpLink.Client/SharpLinkMultiClusterOptions.cs",10,"SharpLink.Client","Property","Public","MaxTotalConfiguredConnections",10,0,8,0,0,""
"src/SharpLink.Client/SharpLinkMultiClusterOptions.cs",22,"SharpLink.Client","Property","Public","MaxConcurrentClusterConnects",7,0,6,0,0,""
"src/SharpLink.Client/SharpLinkMultiClusterOptions.cs",43,"SharpLink.Client","NamedType","Public","global::SharpLink.Client.SharpLinkMultiClusterSlotOptions",6,0,1,0,0,""
"src/SharpLink.Client/SharpLinkMultiClusterOptions.cs",46,"SharpLink.Client","Property","Public","AllowDynamicContracts",6,0,88,0,0,""
"src/SharpLink.Client/SharpLinkReconnectJitter.cs",3,"SharpLink.Client","NamedType","Internal","global::SharpLink.Client.ISharpLinkReconnectJitter",8,0,3,0,0,""
"src/SharpLink.Client/SharpLinkReconnectJitter.cs",5,"SharpLink.Client","Method","Public","AddQuarterWindow",1,0,0,0,0,"Interface contract"
"src/SharpLink.Client/SharpLinkReconnectJitter.cs",7,"SharpLink.Client","Method","Public","ScaleTwentyPercent",2,0,0,0,0,"Interface contract"
"src/SharpLink.Client/SharpLinkReconnectJitter.cs",9,"SharpLink.Client","Method","Public","Apply",1,0,0,0,0,"Interface contract"
"src/SharpLink.Client/SharpLinkReconnectJitter.cs",21,"SharpLink.Client","Method","Private","Scale",1,0,0,0,0,"Interface contract"
"src/SharpLink.Client/SharpLinkReconnectJitter.cs",30,"SharpLink.Client","NamedType","Internal","global::SharpLink.Client.RandomSharpLinkReconnectJitter",2,0,0,0,0,""
"src/SharpLink.Client/SharpLinkReconnectJitter.cs",34,"SharpLink.Client","Method","Private","RandomSharpLinkReconnectJitter",1,0,0,0,0,"Constructor/activation"
"src/SharpLink.Client/SharpLinkRetryOptions.cs",10,"SharpLink.Client","NamedType","Public","global::SharpLink.Client.SharpLinkRetryOptions",9,0,6,0,0,""
"src/SharpLink.Client/SharpLinkRetryOptions.cs",13,"SharpLink.Client","Property","Public","MaxAttempts",8,0,8,0,1,""
"src/SharpLink.Client/SharpLinkRetryOptions.cs",16,"SharpLink.Client","Property","Public","InitialBackoff",8,0,7,0,1,""
"src/SharpLink.Client/SharpLinkRetryOptions.cs",19,"SharpLink.Client","Property","Public","MaxBackoff",10,0,7,0,1,""
"src/SharpLink.Client/SharpLinkTransportFactories.cs",74,"SharpLink.Client","Method","Private","CreateTcpEndPoint",2,0,0,0,0,""
"src/SharpLink.Client/SharpLinkTransportFactories.cs",79,"SharpLink.Client","Method","Private","CreateTlsOptions",2,0,0,0,0,""
"src/SharpLink.Client/StaticClusterTopologyState.cs",10,"SharpLink.Client","NamedType","Internal","global::SharpLink.Client.SharpLinkClient.StaticClusterTopologyState",2,0,6,0,0,""
"src/SharpLink.Client/StaticClusterTopologyState.cs",19,"SharpLink.Client","Method","Public","StaticClusterTopologyState",1,0,6,0,0,"Constructor/activation"
"src/SharpLink.Client/StaticClusterTopologyState.cs",143,"SharpLink.Client","Method","Private","SelectCustomEndpoint",1,0,0,0,0,""
"src/SharpLink.Client/StaticClusterTopologyState.cs",219,"SharpLink.Client","NamedType","Internal","global::SharpLink.Client.SharpLinkClient.StaticClusterReadinessSnapshot",3,0,2,0,0,""
"src/SharpLink.Client/StaticClusterTopologyState.cs",225,"SharpLink.Client","NamedType","Internal","global::SharpLink.Client.SharpLinkClient.StaticEndpointSelectionSnapshot",8,0,4,0,0,""
"src/SharpLink.Client/StaticEndpointConfiguration.cs",3,"SharpLink.Client","NamedType","Internal","global::SharpLink.Client.StaticEndpointConfiguration",11,0,56,0,0,""
"src/SharpLink.Client/StaticEndpointConfiguration.cs",10,"SharpLink.Client","Method","Public","ReplaceEndpoint",1,0,0,0,0,""
"src/SharpLink.Client/StaticEndpointConfiguration.cs",15,"SharpLink.Client","NamedType","Internal","global::SharpLink.Client.DynamicClusterTransportPlaceholder",2,0,17,0,0,""
"src/SharpLink.Client/StaticEndpointConfiguration.cs",19,"SharpLink.Client","Method","Private","DynamicClusterTransportPlaceholder",1,0,0,0,0,"Constructor/activation"
"src/SharpLink.Compression.Zstd/SharpLinkZstdCompressionProvider.cs",19,"SharpLink.Compression.Zstd","NamedType","Public","global::SharpLink.Compression.Zstd.SharpLinkZstdCompressionProvider",2,0,11,6,2,""
"src/SharpLink.Compression.Zstd/SharpLinkZstdCompressionProvider.cs",22,"SharpLink.Compression.Zstd","Field","Public","Profile",1,0,1,1,0,""
"src/SharpLink.Compression.Zstd/SharpLinkZstdCompressionProvider.cs",25,"SharpLink.Compression.Zstd","Field","Public","WindowLog2",4,0,0,1,0,""
"src/SharpLink.Compression.Zstd/SharpLinkZstdCompressionProvider.cs",28,"SharpLink.Compression.Zstd","Field","Public","DefaultCompressionLevel",1,0,0,0,0,""
"src/SharpLink.Compression.Zstd/SharpLinkZstdCompressionProvider.cs",30,"SharpLink.Compression.Zstd","Field","Private","InputChunkBytes",1,0,0,0,0,""
"src/SharpLink.Compression.Zstd/SharpLinkZstdCompressionProvider.cs",31,"SharpLink.Compression.Zstd","Field","Private","OutputChunkBytes",1,0,0,0,0,""
"src/SharpLink.Compression.Zstd/SharpLinkZstdCompressionProvider.cs",54,"SharpLink.Compression.Zstd","Property","Public","CompressionLevel",2,0,0,0,0,""
"src/SharpLink.Compression.Zstd/SharpLinkZstdCompressionProvider.cs",182,"SharpLink.Compression.Zstd","Method","Private","InterpretDecompressionStatus",3,0,0,0,0,""
"src/SharpLink.Compression.Zstd/SharpLinkZstdCompressionProvider.cs",200,"SharpLink.Compression.Zstd","Method","Private","CanContinueCompression",2,0,0,0,0,""
"src/SharpLink.Compression.Zstd/SharpLinkZstdCompressionProvider.cs",211,"SharpLink.Compression.Zstd","NamedType","Private","global::SharpLink.Compression.Zstd.SharpLinkZstdCompressionProvider.OutputBudget",2,0,0,0,0,""
"src/SharpLink.Compression.Zstd/SharpLinkZstdCompressionProvider.cs",213,"SharpLink.Compression.Zstd","Field","Private","_output",3,0,0,0,0,""
"src/SharpLink.Compression.Zstd/SharpLinkZstdCompressionProvider.cs",214,"SharpLink.Compression.Zstd","Field","Private","_remaining",8,0,0,0,0,""
"src/SharpLink.Compression.Zstd/SharpLinkZstdCompressionProvider.cs",216,"SharpLink.Compression.Zstd","Method","Internal","OutputBudget",2,0,0,0,0,"Constructor/activation"
"src/SharpLink.Compression.Zstd/SharpLinkZstdCompressionProvider.cs",222,"SharpLink.Compression.Zstd","Property","Internal","Remaining",1,0,0,0,0,""
"src/SharpLink.Compression.Zstd/SharpLinkZstdCompressionProvider.cs",224,"SharpLink.Compression.Zstd","Method","Internal","TryGetSpan",2,0,0,0,0,""
"src/SharpLink.Compression.Zstd/SharpLinkZstdCompressionProvider.cs",235,"SharpLink.Compression.Zstd","Method","Internal","GetSpan",2,0,0,0,0,""
"src/SharpLink.Compression.Zstd/SharpLinkZstdCompressionProvider.cs",244,"SharpLink.Compression.Zstd","Method","Internal","Advance",5,0,0,0,0,""
"src/SharpLink.Compression.Zstd/SharpLinkZstdCompressionProvider.cs",254,"SharpLink.Compression.Zstd","NamedType","Internal","global::SharpLink.Compression.Zstd.ZstdFrameValidator",1,0,0,0,0,""
"src/SharpLink.Compression.Zstd/SharpLinkZstdCompressionProvider.cs",256,"SharpLink.Compression.Zstd","Field","Private","StandardFrameMagic",1,0,0,0,0,""
"src/SharpLink.Compression.Zstd/SharpLinkZstdCompressionProvider.cs",257,"SharpLink.Compression.Zstd","Field","Private","WindowLogAbsoluteMinimum",1,0,0,0,0,""
"src/SharpLink.Compression.Zstd/SharpLinkZstdCompressionProvider.cs",258,"SharpLink.Compression.Zstd","Field","Private","ChecksumBytes",1,0,0,0,0,""
"src/SharpLink.Compression.Zstd/SharpLinkZstdCompressionProvider.cs",260,"SharpLink.Compression.Zstd","Method","Internal","Validate",1,0,0,0,0,""
"src/SharpLink.Compression.Zstd/SharpLinkZstdCompressionProvider.cs",333,"SharpLink.Compression.Zstd","Method","Private","ReadByte",6,0,0,0,0,""
"src/SharpLink.Compression.Zstd/SharpLinkZstdCompressionProvider.cs",340,"SharpLink.Compression.Zstd","Method","Private","ReadUnsignedLittleEndian",2,0,0,0,0,""
"src/SharpLink.Generator/CodeWriter.cs",3,"SharpLink.Generator","NamedType","Internal","global::SharpLink.Generator.CodeWriter",1,0,0,0,0,""
"src/SharpLink.Generator/CodeWriter.cs",5,"SharpLink.Generator","Field","Private","Indentation",1,0,0,0,0,""
"src/SharpLink.Generator/CodeWriter.cs",7,"SharpLink.Generator","Field","Private","_builder",4,0,0,0,0,""
"src/SharpLink.Generator/CodeWriter.cs",8,"SharpLink.Generator","Field","Private","_indentLevel",4,0,0,0,0,""
"src/SharpLink.Generator/CodeWriter.cs",10,"SharpLink.Generator","Method","Internal","CodeWriter",1,0,0,0,0,"Constructor/activation"
"src/SharpLink.Generator/CodeWriter.cs",13,"SharpLink.Generator","Method","Internal","WriteLine",12,0,0,0,0,""
"src/SharpLink.Generator/CodeWriter.cs",27,"SharpLink.Generator","Method","Internal","OpenBlock",2,0,0,0,0,""
"src/SharpLink.Generator/CodeWriter.cs",34,"SharpLink.Generator","Method","Internal","CloseBlock",2,0,0,0,0,""
"src/SharpLink.Generator/EquatableArray.cs",4,"SharpLink.Generator","NamedType","Internal","global::SharpLink.Generator.EquatableArray<T>",19,0,0,0,0,""
"src/SharpLink.Generator/EquatableArray.cs",6,"SharpLink.Generator","Field","Private","_array",8,0,0,0,0,""
"src/SharpLink.Generator/EquatableArray.cs",8,"SharpLink.Generator","Property","Public","this",17,0,0,0,0,""
"src/SharpLink.Generator/EquatableArray.cs",9,"SharpLink.Generator","Property","Public","Length",20,0,0,0,0,""
"src/SharpLink.Generator/EquatableArray.cs",10,"SharpLink.Generator","Method","Public","GetEnumerator",1,0,0,0,0,""
"src/SharpLink.Generator/EquatableArray.cs",13,"SharpLink.Generator","Method","Public","Equals",1,0,0,0,0,""
"src/SharpLink.Generator/RpcGenerator.AdapterClosedIdentity.cs",3,"SharpLink.Generator","NamedType","Public","global::SharpLink.Generator.RpcGenerator",2,0,13,0,0,""
"src/SharpLink.Generator/RpcGenerator.AdapterClosedIdentity.cs",5,"SharpLink.Generator","NamedType","Private","global::SharpLink.Generator.RpcGenerator.DtoAnalysisState",8,0,0,0,0,""
"src/SharpLink.Generator/RpcGenerator.AdapterClosedIdentity.cs",7,"SharpLink.Generator","Method","Private","GetAdapterTargetLogicalIdentity",1,0,0,0,0,""
"src/SharpLink.Generator/RpcGenerator.AdapterClosedIdentity.cs",20,"SharpLink.Generator","Method","Private","AppendClosedTargetLogicalIdentity",13,0,0,0,0,""
"src/SharpLink.Generator/RpcGenerator.CancellationAnalysis.cs",5,"SharpLink.Generator","Method","Private","GetNonCancellableRpcMethods",1,0,0,0,0,""
"src/SharpLink.Generator/RpcGenerator.CancellationAnalysis.cs",30,"SharpLink.Generator","Method","Private","GetStreamingWithoutCancellationMethods",1,0,0,0,0,""
"src/SharpLink.Generator/RpcGenerator.CancellationAnalysis.cs",55,"SharpLink.Generator","Method","Private","GetConflictingCancellationContractMethods",1,0,0,0,0,""
"src/SharpLink.Generator/RpcGenerator.ClusterRouteAnalysis.cs",5,"SharpLink.Generator","Method","Private","AnalyzeClusterRoutes",1,0,0,0,0,""
"src/SharpLink.Generator/RpcGenerator.ClusterRouteAnalysis.cs",66,"SharpLink.Generator","Method","Private","HasGeneratedManifest",1,0,0,0,0,""
"src/SharpLink.Generator/RpcGenerator.ClusterRouteAnalysis.cs",79,"SharpLink.Generator","Method","Private","AssemblyContainsRpcContract",2,0,0,0,0,""
"src/SharpLink.Generator/RpcGenerator.ClusterRouteAnalysis.cs",94,"SharpLink.Generator","Method","Private","ContainsRpcContract",4,0,0,0,0,""
"src/SharpLink.Generator/RpcGenerator.ClusterRouteAnalysis.cs",102,"SharpLink.Generator","Method","Private","IsValidClusterKey",1,0,0,0,0,""
"src/SharpLink.Generator/RpcGenerator.ClusterRouteAnalysis.cs",115,"SharpLink.Generator","Method","Private","IsAsciiAlphaNumeric",2,0,0,0,0,""
"src/SharpLink.Generator/RpcGenerator.ClusterRouteAnalysis.cs",118,"SharpLink.Generator","NamedType","Private","global::SharpLink.Generator.RpcGenerator.ClusterRouteModel",7,0,0,0,0,""
"src/SharpLink.Generator/RpcGenerator.ClusterRouteAnalysis.cs",123,"SharpLink.Generator","NamedType","Private","global::SharpLink.Generator.RpcGenerator.ClusterRouteDiagnostic",7,0,0,0,0,""
"src/SharpLink.Generator/RpcGenerator.ClusterRouteAnalysis.cs",128,"SharpLink.Generator","NamedType","Private","global::SharpLink.Generator.RpcGenerator.ClusterRouteAnalysis",2,0,0,0,0,""
"src/SharpLink.Generator/RpcGenerator.ClusterRouteEmitter.cs",5,"SharpLink.Generator","Method","Private","GenerateClusterRouteManifest",1,0,0,0,0,""
"src/SharpLink.Generator/RpcGenerator.CodecEmitter.cs",5,"SharpLink.Generator","Method","Private","GenerateCodecs",1,0,0,0,0,""
"src/SharpLink.Generator/RpcGenerator.CodecEmitter.cs",73,"SharpLink.Generator","Method","Private","CreateConcreteCodecTypeMap",5,0,0,0,0,""
"src/SharpLink.Generator/RpcGenerator.CodecEmitter.cs",98,"SharpLink.Generator","Method","Private","GetConcreteCodecType",1,0,0,0,0,""
"src/SharpLink.Generator/RpcGenerator.CodecEmitter.cs",115,"SharpLink.Generator","Method","Private","GetCodecStorageType",13,0,0,0,0,""
"src/SharpLink.Generator/RpcGenerator.CodecEmitter.cs",123,"SharpLink.Generator","Method","Private","GetCodecResolveExpression",11,0,0,0,0,""
"src/SharpLink.Generator/RpcGenerator.CodecEmitter.cs",132,"SharpLink.Generator","Method","Private","GetWireType",6,0,0,0,0,""
"src/SharpLink.Generator/RpcGenerator.CodecEmitter.cs",142,"SharpLink.Generator","Method","Private","EscapeString",20,0,0,0,0,""
"src/SharpLink.Generator/RpcGenerator.CodecEmitter.cs",145,"SharpLink.Generator","Method","Private","GetSemanticFixedMethod",2,0,0,0,0,""
"src/SharpLink.Generator/RpcGenerator.CodecFactoryEmitter.cs",5,"SharpLink.Generator","Method","Private","AppendAdapterCodecHolders",1,0,0,0,0,""
"src/SharpLink.Generator/RpcGenerator.CodecFactoryEmitter.cs",23,"SharpLink.Generator","Method","Private","AppendCustomCodecFactory",1,0,0,0,0,""
"src/SharpLink.Generator/RpcGenerator.CodecFactoryEmitter.cs",46,"SharpLink.Generator","Method","Private","AppendAdapterCodecFactory",1,0,0,0,0,""
"src/SharpLink.Generator/RpcGenerator.CodecFactoryEmitter.cs",70,"SharpLink.Generator","Method","Private","GetAdapterHolderName",2,0,0,0,0,""
"src/SharpLink.Generator/RpcGenerator.CodecFactoryEmitter.cs",73,"SharpLink.Generator","Method","Private","ComputeEmitterHash",1,0,0,0,0,""
"src/SharpLink.Generator/RpcGenerator.CodecFactoryEmitter.cs",86,"SharpLink.Generator","Method","Private","AppendFactoryCodecHash",4,0,0,0,0,""
"src/SharpLink.Generator/RpcGenerator.CodecFactoryEmitter.cs",92,"SharpLink.Generator","Method","Private","AppendFactory",4,0,0,0,0,""
"src/SharpLink.Generator/RpcGenerator.CodecFactoryEmitter.cs",95,"SharpLink.Generator","Method","Private","AppendDtoFactory",1,0,0,0,0,""
"src/SharpLink.Generator/RpcGenerator.CodecFailurePropagation.cs",7,"SharpLink.Generator","Method","Internal","FilterFailedCodecClosure",1,0,0,0,0,""
"src/SharpLink.Generator/RpcGenerator.CodecIdentity.cs",7,"SharpLink.Generator","Method","Internal","BuildFinalCodecHashes",3,0,0,0,0,""
"src/SharpLink.Generator/RpcGenerator.CodecIdentity.cs",25,"SharpLink.Generator","Method","Private","HashCanonicalPlan",2,0,0,0,0,""
"src/SharpLink.Generator/RpcGenerator.CodecIdentity.cs",67,"SharpLink.Generator","Method","Private","HashPrimitivePlan",1,0,0,0,0,""
"src/SharpLink.Generator/RpcGenerator.CodecIdentity.cs",90,"SharpLink.Generator","Method","Private","HashEnumPlan",1,0,0,0,0,""
"src/SharpLink.Generator/RpcGenerator.CodecIdentity.cs",101,"SharpLink.Generator","Method","Private","HashGeneratedDtoPlan",1,0,0,0,0,""
"src/SharpLink.Generator/RpcGenerator.CodecIdentity.cs",144,"SharpLink.Generator","Method","Private","HashCollectionPlan",1,0,0,0,0,""
"src/SharpLink.Generator/RpcGenerator.CodecIdentity.cs",186,"SharpLink.Generator","Method","Private","HashUnsafeBlitPlan",1,0,0,0,0,""
"src/SharpLink.Generator/RpcGenerator.CodecIdentity.cs",195,"SharpLink.Generator","Method","Private","HashRequiredChild",6,0,0,0,0,""
"src/SharpLink.Generator/RpcGenerator.CodecIdentity.cs",209,"SharpLink.Generator","Method","Private","HashPhysicalLayout",5,0,0,0,0,""
"src/SharpLink.Generator/RpcGenerator.CodecPolicyOwnership.cs",5,"SharpLink.Generator","Method","Private","AnalyzeGeneratedCodecsWithPolicyOwnership",1,0,0,0,0,""
"src/SharpLink.Generator/RpcGenerator.CodecPolicyOwnership.cs",165,"SharpLink.Generator","Method","Private","AttachCodecHashes",3,0,0,0,0,""
"src/SharpLink.Generator/RpcGenerator.CodecPolicyOwnership.cs",202,"SharpLink.Generator","Method","Private","ApplyResolvedEmissionPlan",1,0,0,0,0,""
"src/SharpLink.Generator/RpcGenerator.CodecPolicyOwnership.cs",249,"SharpLink.Generator","Method","Private","GetResolvedSchemaId",1,0,0,0,0,""
"src/SharpLink.Generator/RpcGenerator.CodecPolicyOwnership.cs",262,"SharpLink.Generator","Method","Private","RequiresGeneratedFactory",8,0,0,0,0,""
"src/SharpLink.Generator/RpcGenerator.CodecPolicyOwnership.cs",269,"SharpLink.Generator","Method","Private","MatchesGeneratedFactoryPlan",1,0,0,0,0,""
"src/SharpLink.Generator/RpcGenerator.CodecPolicyOwnership.cs",302,"SharpLink.Generator","Method","Private","ExpandReverseCodecDependencyClosure",2,0,0,0,0,""
"src/SharpLink.Generator/RpcGenerator.CodecPolicyOwnership.cs",321,"SharpLink.Generator","Method","Private","SelectOwnedContractCodecs",1,0,0,0,0,""
"src/SharpLink.Generator/RpcGenerator.CodecPolicyOwnership.cs",380,"SharpLink.Generator","Method","Private","HasSameResolvedFactoryBinding",3,0,0,0,0,""
"src/SharpLink.Generator/RpcGenerator.CodecPolicyOwnership.cs",408,"SharpLink.Generator","Field","Private","_selectorOnlyContractDefaults",4,0,0,0,0,""
"src/SharpLink.Generator/RpcGenerator.CodecPolicyOwnership.cs",409,"SharpLink.Generator","Field","Private","_contractOwnedPolicyRoots",5,0,0,0,0,""
"src/SharpLink.Generator/RpcGenerator.CodecPolicyOwnership.cs",410,"SharpLink.Generator","Field","Private","_canonicalAssemblyBindings",4,0,0,0,0,""
"src/SharpLink.Generator/RpcGenerator.CodecPolicyOwnership.cs",411,"SharpLink.Generator","Field","Private","_canonicalCustomCodecBindings",4,0,0,0,0,""
"src/SharpLink.Generator/RpcGenerator.CodecPolicyOwnership.cs",413,"SharpLink.Generator","Property","Internal","ContractOwnedPolicyRoots",1,0,0,0,0,""
"src/SharpLink.Generator/RpcGenerator.CodecPolicyOwnership.cs",415,"SharpLink.Generator","Method","Public","DtoAnalysisState",5,0,0,0,0,"Constructor/activation"
"src/SharpLink.Generator/RpcGenerator.CodecPolicyOwnership.cs",440,"SharpLink.Generator","Method","Private","GetCanonicalPolicyTargetIdentity",5,0,0,0,0,""
"src/SharpLink.Generator/RpcGenerator.CodecPolicyOwnership.cs",443,"SharpLink.Generator","Method","Private","HasSameCanonicalPolicyTarget",1,0,0,0,0,""
"src/SharpLink.Generator/RpcGenerator.CodecPolicyOwnership.cs",446,"SharpLink.Generator","Method","Private","CollectCanonicalAssemblyCustomCodecBindings",1,0,0,0,0,""
"src/SharpLink.Generator/RpcGenerator.CodecPolicyOwnership.cs",477,"SharpLink.Generator","Method","Private","AddCanonicalCustomCodecBinding",1,0,0,0,0,""
"src/SharpLink.Generator/RpcGenerator.CodecPolicyOwnership.cs",496,"SharpLink.Generator","Method","Private","ValidateCustomCodecWithCanonicalTarget",1,0,0,0,0,""
"src/SharpLink.Generator/RpcGenerator.CodecPolicyOwnership.cs",529,"SharpLink.Generator","Method","Private","CollectCanonicalAssemblyBindings",1,0,0,0,0,""
"src/SharpLink.Generator/RpcGenerator.CodecPolicyOwnership.cs",558,"SharpLink.Generator","Method","Private","AddCanonicalAssemblyBinding",1,0,0,0,0,""
"src/SharpLink.Generator/RpcGenerator.CodecPolicyOwnership.cs",576,"SharpLink.Generator","Method","Private","AddCanonicalPolicyBindingAliases",1,0,0,0,0,""
"src/SharpLink.Generator/RpcGenerator.CodecPolicyOwnership.cs",597,"SharpLink.Generator","Method","Internal","AnalyzeWithFinalCodecBindings",5,0,0,0,0,""
"src/SharpLink.Generator/RpcGenerator.CodecPolicyOwnership.cs",604,"SharpLink.Generator","Method","Internal","FinalizeResolvedCodecCandidates",3,0,0,0,0,""
"src/SharpLink.Generator/RpcGenerator.CodecPolicyOwnership.cs",610,"SharpLink.Generator","Method","Private","SnapshotAnalysisResult",2,0,0,0,0,""
"src/SharpLink.Generator/RpcGenerator.CodecPolicyOwnership.cs",620,"SharpLink.Generator","Method","Private","RejectRuntimeSizedUnsafeBlitTypes",1,0,0,0,0,""
"src/SharpLink.Generator/RpcGenerator.CodecPolicyOwnership.cs",646,"SharpLink.Generator","Method","Private","IsRuntimeSizedUnsafeBlitType",5,0,0,0,0,""
"src/SharpLink.Generator/RpcGenerator.CodecPolicyOwnership.cs",667,"SharpLink.Generator","Method","Private","NormalizeGeneratedModuleDependencies",1,0,0,0,0,""
"src/SharpLink.Generator/RpcGenerator.CodecPolicyOwnership.cs",720,"SharpLink.Generator","Method","Private","CollectFinalBindingTypes",9,0,0,0,0,""
"src/SharpLink.Generator/RpcGenerator.CodecPolicySupport.cs",5,"SharpLink.Generator","Field","Private","ClrTypeIdentityFormat",1,0,0,0,0,""
"src/SharpLink.Generator/RpcGenerator.CodecPolicySupport.cs",10,"SharpLink.Generator","Method","Private","GetTypeName",78,0,0,0,0,""
"src/SharpLink.Generator/RpcGenerator.CodecPolicySupport.cs",13,"SharpLink.Generator","Method","Private","IsFrameworkWirePrimitive",7,0,0,0,0,""
"src/SharpLink.Generator/RpcGenerator.CodecPolicySupport.cs",69,"SharpLink.Generator","Method","Private","Report",67,0,0,0,0,""
"src/SharpLink.Generator/RpcGenerator.CodecRoutes.cs",5,"SharpLink.Generator","Field","Private","RpcCodecScopeManaged",3,0,0,0,0,""
"src/SharpLink.Generator/RpcGenerator.CodecRoutes.cs",6,"SharpLink.Generator","Field","Private","RpcCodecScopeUnmanaged",3,0,0,0,0,""
"src/SharpLink.Generator/RpcGenerator.CodecRoutes.cs",7,"SharpLink.Generator","Field","Private","RpcCodecScopeAll",1,0,0,0,0,""
"src/SharpLink.Generator/RpcGenerator.CodecRoutes.cs",9,"SharpLink.Generator","Method","Private","HasGeneratedAssemblyManifest",3,0,0,0,0,""
"src/SharpLink.Generator/RpcGenerator.CodecRoutes.cs",16,"SharpLink.Generator","Method","Private","TryGetCodecRoute",1,0,0,0,0,""
"src/SharpLink.Generator/RpcGenerator.CodecRoutes.cs",38,"SharpLink.Generator","Field","Private","_assemblyRoutes",6,0,0,0,0,""
"src/SharpLink.Generator/RpcGenerator.CodecRoutes.cs",39,"SharpLink.Generator","Field","Private","_conflictingRouteScopes",5,0,0,0,0,""
"src/SharpLink.Generator/RpcGenerator.CodecRoutes.cs",40,"SharpLink.Generator","Field","Private","_routeEligibleTypes",3,0,0,0,0,""
"src/SharpLink.Generator/RpcGenerator.CodecRoutes.cs",42,"SharpLink.Generator","Method","Private","CollectAssemblyRoutes",1,0,0,0,0,""
"src/SharpLink.Generator/RpcGenerator.CodecRoutes.cs",73,"SharpLink.Generator","Method","Private","AddRouteBits",1,0,0,0,0,""
"src/SharpLink.Generator/RpcGenerator.CodecRoutes.cs",100,"SharpLink.Generator","Method","Private","TrySelectContractCodecOverride",1,0,0,0,0,""
"src/SharpLink.Generator/RpcGenerator.CodecRoutes.cs",123,"SharpLink.Generator","Method","Private","HasExplicitContractBinding",1,0,0,0,0,""
"src/SharpLink.Generator/RpcGenerator.CodecRoutes.cs",134,"SharpLink.Generator","Method","Private","TrySelectSelectorAdapter",1,0,0,0,0,""
"src/SharpLink.Generator/RpcGenerator.CodecRoutes.cs",162,"SharpLink.Generator","Method","Private","TrySelectRouteAdapter",1,0,0,0,0,""
"src/SharpLink.Generator/RpcGenerator.CodecRoutes.cs",190,"SharpLink.Generator","Method","Private","HasMatchingAssemblyRoute",1,0,0,0,0,""
"src/SharpLink.Generator/RpcGenerator.CodecRoutes.cs",198,"SharpLink.Generator","Method","Private","AddAdapterModel",1,0,0,0,0,""
"src/SharpLink.Generator/RpcGenerator.CodecRoutes.cs",220,"SharpLink.Generator","Method","Private","IsRouteEligible",3,0,0,0,0,""
"src/SharpLink.Generator/RpcGenerator.CodecRoutes.cs",242,"SharpLink.Generator","Method","Private","CollectCurrentContractRouteRoots",4,0,0,0,0,""
"src/SharpLink.Generator/RpcGenerator.CodecRoutes.cs",262,"SharpLink.Generator","Method","Private","CollectRouteEligibleTypes",6,0,0,0,0,""
"src/SharpLink.Generator/RpcGenerator.CodecRoutes.cs",294,"SharpLink.Generator","Method","Private","ClassifyCodecScope",3,0,0,0,0,""
"src/SharpLink.Generator/RpcGenerator.CodecRoutes.cs",297,"SharpLink.Generator","Method","Private","IsNativeCodecType",2,0,0,0,0,""
"src/SharpLink.Generator/RpcGenerator.CodecRoutes.cs",316,"SharpLink.Generator","Method","Private","CanGenerateNativeCollection",2,0,0,0,0,""
"src/SharpLink.Generator/RpcGenerator.CodecRoutes.cs",338,"SharpLink.Generator","Method","Private","CanGenerateNativeDto",2,0,0,0,0,""
"src/SharpLink.Generator/RpcGenerator.CodecRoutes.cs",401,"SharpLink.Generator","Method","Private","CanResolveContractCodecDependency",4,0,0,0,0,""
"src/SharpLink.Generator/RpcGenerator.CollectionCodecEmitter.cs",5,"SharpLink.Generator","Method","Private","AppendCollectionCodec",1,0,0,0,0,""
"src/SharpLink.Generator/RpcGenerator.CollectionCodecEmitter.cs",53,"SharpLink.Generator","Method","Private","AppendCollectionWrite",1,0,0,0,0,""
"src/SharpLink.Generator/RpcGenerator.CollectionCodecEmitter.cs",127,"SharpLink.Generator","Method","Private","AppendLengthWrappedWrite",3,0,0,0,0,""
"src/SharpLink.Generator/RpcGenerator.CollectionCodecEmitter.cs",140,"SharpLink.Generator","Method","Private","AppendCollectionRead",1,0,0,0,0,""
"src/SharpLink.Generator/RpcGenerator.CollectionCodecEmitter.cs",207,"SharpLink.Generator","Method","Private","GetArrayCreationType",1,0,0,0,0,""
"src/SharpLink.Generator/RpcGenerator.ContractAnalysis.cs",5,"SharpLink.Generator","Method","Private","GetInterfaceModelOrNull",1,0,0,0,0,""
"src/SharpLink.Generator/RpcGenerator.ContractAnalysis.cs",17,"SharpLink.Generator","Method","Private","GetRpcContractDiagnosticOrNull",1,0,0,0,0,""
"src/SharpLink.Generator/RpcGenerator.ContractAnalysis.cs",40,"SharpLink.Generator","Method","Private","GetInvalidRpcMethods",1,0,0,0,0,""
"src/SharpLink.Generator/RpcGenerator.ContractAnalysis.cs",55,"SharpLink.Generator","Method","Private","HasInvalidRpcMethod",6,0,0,0,0,""
"src/SharpLink.Generator/RpcGenerator.ContractAnalysis.cs",73,"SharpLink.Generator","Method","Private","AddUnsupportedContractMemberDiagnostics",1,0,0,0,0,""
"src/SharpLink.Generator/RpcGenerator.ContractAnalysis.cs",111,"SharpLink.Generator","Method","Private","HasUnsupportedContractMember",1,0,0,0,0,""
"src/SharpLink.Generator/RpcGenerator.ContractAnalysis.cs",123,"SharpLink.Generator","Method","Private","HasUnsupportedContractMemberDirect",2,0,0,0,0,""
"src/SharpLink.Generator/RpcGenerator.ContractAnalysis.cs",133,"SharpLink.Generator","Method","Private","GetContractMemberName",1,0,0,0,0,""
"src/SharpLink.Generator/RpcGenerator.ContractAnalysis.cs",136,"SharpLink.Generator","Method","Private","IsUnsupportedAbstractContractMember",2,0,0,0,0,""
"src/SharpLink.Generator/RpcGenerator.ContractAnalysis.cs",150,"SharpLink.Generator","Method","Private","IsPubliclyReachableContract",2,0,0,0,0,""
"src/SharpLink.Generator/RpcGenerator.ContractManifest.Compatibility.cs",5,"SharpLink.Generator","Method","Private","ValidateCurrentContractManifest",1,0,0,0,0,""
"src/SharpLink.Generator/RpcGenerator.ContractManifest.Compatibility.cs",78,"SharpLink.Generator","Method","Private","CompareContractManifests",1,0,0,0,0,""
"src/SharpLink.Generator/RpcGenerator.ContractManifest.Compatibility.cs",386,"SharpLink.Generator","Method","Private","CompareValues",2,0,0,0,0,""
"src/SharpLink.Generator/RpcGenerator.ContractManifest.cs",8,"SharpLink.Generator","Field","Private","ContractManifestFormatVersion",3,0,0,0,0,""
"src/SharpLink.Generator/RpcGenerator.ContractManifest.cs",9,"SharpLink.Generator","Field","Private","ContractManifestFormat",2,0,0,0,0,""
"src/SharpLink.Generator/RpcGenerator.ContractManifest.cs",11,"SharpLink.Generator","Method","Private","GetUnionModelOrNull",1,0,0,0,0,""
"src/SharpLink.Generator/RpcGenerator.ContractManifest.cs",46,"SharpLink.Generator","Method","Private","GetInvalidUnionCaseDetail",2,0,0,0,0,""
"src/SharpLink.Generator/RpcGenerator.ContractManifest.cs",71,"SharpLink.Generator","Method","Private","IsDirectUnionCase",3,0,0,0,0,""
"src/SharpLink.Generator/RpcGenerator.ContractManifest.cs",91,"SharpLink.Generator","Method","Private","GetContractManifestOptions",1,0,0,0,0,""
"src/SharpLink.Generator/RpcGenerator.ContractManifest.cs",100,"SharpLink.Generator","Method","Private","AnalyzeContractManifest",1,0,0,0,0,""
"src/SharpLink.Generator/RpcGenerator.ContractManifest.cs",201,"SharpLink.Generator","Method","Private","CreateContractManifest",1,0,0,0,0,""
"src/SharpLink.Generator/RpcGenerator.ContractManifest.Infrastructure.cs",9,"SharpLink.Generator","Method","Private","HasRequiredContractIdentities",1,0,0,0,0,""
"src/SharpLink.Generator/RpcGenerator.ContractManifest.Infrastructure.cs",64,"SharpLink.Generator","Method","Private","IsValidCodecHash",4,0,0,0,0,""
"src/SharpLink.Generator/RpcGenerator.ContractManifest.Infrastructure.cs",80,"SharpLink.Generator","Method","Private","GetCodecHash",2,0,0,0,0,""
"src/SharpLink.Generator/RpcGenerator.ContractManifest.Infrastructure.cs",83,"SharpLink.Generator","Method","Private","GetContractCodecHash",3,0,0,0,0,""
"src/SharpLink.Generator/RpcGenerator.ContractManifest.Infrastructure.cs",90,"SharpLink.Generator","Method","Private","Change",22,0,0,0,0,""
"src/SharpLink.Generator/RpcGenerator.ContractManifest.Infrastructure.cs",98,"SharpLink.Generator","Method","Private","FindBaseline",1,0,0,0,0,""
"src/SharpLink.Generator/RpcGenerator.ContractManifest.Infrastructure.cs",126,"SharpLink.Generator","Method","Private","ComputeContractManifestFingerprint",2,0,0,0,0,""
"src/SharpLink.Generator/RpcGenerator.ContractManifest.Infrastructure.cs",135,"SharpLink.Generator","Method","Private","GetMemberWireType",1,0,0,0,0,""
"src/SharpLink.Generator/RpcGenerator.ContractManifest.Infrastructure.cs",148,"SharpLink.Generator","Method","Private","GetContractWireType",2,0,0,0,0,""
"src/SharpLink.Generator/RpcGenerator.ContractManifest.Infrastructure.cs",167,"SharpLink.Generator","Method","Private","WriteContractManifest",1,0,0,0,0,""
"src/SharpLink.Generator/RpcGenerator.ContractManifest.Infrastructure.cs",181,"SharpLink.Generator","Method","Private","GenerateContractManifestSource",1,0,0,0,0,""
"src/SharpLink.Generator/RpcGenerator.ContractManifest.Infrastructure.cs",197,"SharpLink.Generator","Field","Private","ContractJsonOptions",3,0,0,0,0,""
"src/SharpLink.Generator/RpcGenerator.ContractManifest.Infrastructure.cs",206,"SharpLink.Generator","NamedType","Private","global::SharpLink.Generator.RpcGenerator.ContractManifestOptions",3,0,0,0,0,""
"src/SharpLink.Generator/RpcGenerator.ContractManifest.Infrastructure.cs",208,"SharpLink.Generator","NamedType","Private","global::SharpLink.Generator.RpcGenerator.ContractManifestAnalysis",2,0,0,0,0,""
"src/SharpLink.Generator/RpcGenerator.ContractManifest.Infrastructure.cs",213,"SharpLink.Generator","NamedType","Private","global::SharpLink.Generator.RpcGenerator.ContractManifestModels",1,0,0,0,0,""
"src/SharpLink.Generator/RpcGenerator.ContractManifest.Infrastructure.cs",221,"SharpLink.Generator","NamedType","Private","global::SharpLink.Generator.RpcGenerator.ContractCompatibilityDiagnostic",19,0,0,0,0,""
"src/SharpLink.Generator/RpcGenerator.ContractManifest.Infrastructure.cs",228,"SharpLink.Generator","NamedType","Private","global::SharpLink.Generator.RpcGenerator.ContractCompatibilityKind",49,0,0,0,0,""
"src/SharpLink.Generator/RpcGenerator.ContractManifest.Infrastructure.cs",230,"SharpLink.Generator","Field","Public","BaselineInvalid",6,0,0,0,0,"Enum/protocol identity"
"src/SharpLink.Generator/RpcGenerator.ContractManifest.Infrastructure.cs",231,"SharpLink.Generator","Field","Public","BaselineVersion",2,0,0,0,0,"Enum/protocol identity"
"src/SharpLink.Generator/RpcGenerator.ContractManifest.Infrastructure.cs",232,"SharpLink.Generator","Field","Public","ContractId",4,0,0,0,0,"Enum/protocol identity"
"src/SharpLink.Generator/RpcGenerator.ContractManifest.Infrastructure.cs",233,"SharpLink.Generator","Field","Public","MethodId",3,0,0,0,0,"Enum/protocol identity"
"src/SharpLink.Generator/RpcGenerator.ContractManifest.Infrastructure.cs",234,"SharpLink.Generator","Field","Public","MemberId",3,0,0,0,0,"Enum/protocol identity"
"src/SharpLink.Generator/RpcGenerator.ContractManifest.Infrastructure.cs",235,"SharpLink.Generator","Field","Public","CallShape",2,0,0,0,0,"Enum/protocol identity"
"src/SharpLink.Generator/RpcGenerator.ContractManifest.Infrastructure.cs",236,"SharpLink.Generator","Field","Public","WireType",9,0,0,0,0,"Enum/protocol identity"
"src/SharpLink.Generator/RpcGenerator.ContractManifest.Infrastructure.cs",237,"SharpLink.Generator","Field","Public","Required",4,0,0,0,0,"Enum/protocol identity"
"src/SharpLink.Generator/RpcGenerator.ContractManifest.Infrastructure.cs",238,"SharpLink.Generator","Field","Public","EnumUnderlyingType",2,0,0,0,0,"Enum/protocol identity"
"src/SharpLink.Generator/RpcGenerator.ContractManifest.Infrastructure.cs",239,"SharpLink.Generator","Field","Public","UnionTag",3,0,0,0,0,"Enum/protocol identity"
"src/SharpLink.Generator/RpcGenerator.ContractManifest.Infrastructure.cs",240,"SharpLink.Generator","Field","Public","UnionDeclaration",3,0,0,0,0,"Enum/protocol identity"
"src/SharpLink.Generator/RpcGenerator.ContractManifest.Infrastructure.cs",241,"SharpLink.Generator","Field","Public","MethodRemoved",2,0,0,0,0,"Enum/protocol identity"
"src/SharpLink.Generator/RpcGenerator.ContractManifest.Infrastructure.cs",242,"SharpLink.Generator","Field","Public","ContractRemoved",2,0,0,0,0,"Enum/protocol identity"
"src/SharpLink.Generator/RpcGenerator.ContractManifest.Infrastructure.cs",243,"SharpLink.Generator","Field","Public","ServiceRouteRemoved",2,0,0,0,0,"Enum/protocol identity"
"src/SharpLink.Generator/RpcGenerator.ContractManifest.Infrastructure.cs",247,"SharpLink.Generator","NamedType","Private","global::SharpLink.Generator.RpcGenerator.ContractManifestDocument",9,0,0,0,0,""
"src/SharpLink.Generator/RpcGenerator.ContractManifest.Infrastructure.cs",249,"SharpLink.Generator","Property","Public","Format",1,0,0,0,0,""
"src/SharpLink.Generator/RpcGenerator.ContractManifest.Infrastructure.cs",250,"SharpLink.Generator","Property","Public","Version",3,0,0,0,0,""
"src/SharpLink.Generator/RpcGenerator.ContractManifest.Infrastructure.cs",252,"SharpLink.Generator","Property","Public","SchemaFingerprint",6,0,0,0,0,""
"src/SharpLink.Generator/RpcGenerator.ContractManifest.Infrastructure.cs",253,"SharpLink.Generator","Property","Public","Contracts",10,0,0,0,0,""
"src/SharpLink.Generator/RpcGenerator.ContractManifest.Infrastructure.cs",254,"SharpLink.Generator","Property","Public","Dtos",5,0,0,0,0,""
"src/SharpLink.Generator/RpcGenerator.ContractManifest.Infrastructure.cs",255,"SharpLink.Generator","Property","Public","Codecs",23,0,0,0,0,""
"src/SharpLink.Generator/RpcGenerator.ContractManifest.Infrastructure.cs",257,"SharpLink.Generator","Property","Public","Enums",15,0,0,0,0,""
"src/SharpLink.Generator/RpcGenerator.ContractManifest.Infrastructure.cs",258,"SharpLink.Generator","Property","Public","Unions",7,0,0,0,0,""
"src/SharpLink.Generator/RpcGenerator.ContractManifest.Infrastructure.cs",259,"SharpLink.Generator","Property","Public","Services",6,0,0,0,0,""
"src/SharpLink.Generator/RpcGenerator.ContractManifest.Infrastructure.cs",262,"SharpLink.Generator","NamedType","Private","global::SharpLink.Generator.RpcGenerator.ContractManifestContract",6,0,0,0,0,""
"src/SharpLink.Generator/RpcGenerator.ContractManifest.Infrastructure.cs",264,"SharpLink.Generator","Property","Public","Name",146,0,0,0,0,""
"src/SharpLink.Generator/RpcGenerator.ContractManifest.Infrastructure.cs",265,"SharpLink.Generator","Property","Public","Id",33,0,0,0,0,""
"src/SharpLink.Generator/RpcGenerator.ContractManifest.Infrastructure.cs",266,"SharpLink.Generator","Property","Public","Fingerprint",13,0,0,0,0,""
"src/SharpLink.Generator/RpcGenerator.ContractManifest.Infrastructure.cs",267,"SharpLink.Generator","Property","Public","Methods",29,0,0,0,0,""
"src/SharpLink.Generator/RpcGenerator.ContractManifest.Infrastructure.cs",268,"SharpLink.Generator","Property","Public","SourceLocation",38,0,0,0,0,""
"src/SharpLink.Generator/RpcGenerator.ContractManifest.Infrastructure.cs",271,"SharpLink.Generator","NamedType","Private","global::SharpLink.Generator.RpcGenerator.ContractManifestMethod",5,0,0,0,0,""
"src/SharpLink.Generator/RpcGenerator.ContractManifest.Infrastructure.cs",275,"SharpLink.Generator","Property","Public","Shape",6,0,0,0,0,""
"src/SharpLink.Generator/RpcGenerator.ContractManifest.Infrastructure.cs",277,"SharpLink.Generator","Property","Public","Cancellable",3,0,0,0,0,""
"src/SharpLink.Generator/RpcGenerator.ContractManifest.Infrastructure.cs",278,"SharpLink.Generator","Property","Public","Idempotent",3,0,0,0,0,""
"src/SharpLink.Generator/RpcGenerator.ContractManifest.Infrastructure.cs",279,"SharpLink.Generator","Property","Public","HasTimeout",3,0,0,0,0,""
"src/SharpLink.Generator/RpcGenerator.ContractManifest.Infrastructure.cs",280,"SharpLink.Generator","Property","Public","TimeoutTicks",6,0,0,0,0,""
"src/SharpLink.Generator/RpcGenerator.ContractManifest.Infrastructure.cs",281,"SharpLink.Generator","Property","Public","Request",4,0,0,0,0,""
"src/SharpLink.Generator/RpcGenerator.ContractManifest.Infrastructure.cs",282,"SharpLink.Generator","Property","Public","Response",4,0,0,0,0,""
"src/SharpLink.Generator/RpcGenerator.ContractManifest.Infrastructure.cs",286,"SharpLink.Generator","NamedType","Private","global::SharpLink.Generator.RpcGenerator.ContractManifestValue",8,0,0,0,0,""
"src/SharpLink.Generator/RpcGenerator.ContractManifest.Infrastructure.cs",289,"SharpLink.Generator","Property","Public","Type",54,0,0,0,0,""
"src/SharpLink.Generator/RpcGenerator.ContractManifest.Infrastructure.cs",290,"SharpLink.Generator","Property","Public","WireType",8,0,0,0,0,""
"src/SharpLink.Generator/RpcGenerator.ContractManifest.Infrastructure.cs",291,"SharpLink.Generator","Property","Public","CodecHash",21,0,0,0,0,""
"src/SharpLink.Generator/RpcGenerator.ContractManifest.Infrastructure.cs",292,"SharpLink.Generator","Property","Public","Nullable",11,0,0,0,0,""
"src/SharpLink.Generator/RpcGenerator.ContractManifest.Infrastructure.cs",293,"SharpLink.Generator","Property","Public","Stream",3,0,0,0,0,""
"src/SharpLink.Generator/RpcGenerator.ContractManifest.Infrastructure.cs",297,"SharpLink.Generator","NamedType","Private","global::SharpLink.Generator.RpcGenerator.ContractManifestDto",4,0,0,0,0,""
"src/SharpLink.Generator/RpcGenerator.ContractManifest.Infrastructure.cs",302,"SharpLink.Generator","Property","Public","Members",80,0,0,0,0,""
"src/SharpLink.Generator/RpcGenerator.ContractManifest.Infrastructure.cs",306,"SharpLink.Generator","NamedType","Private","global::SharpLink.Generator.RpcGenerator.ContractManifestCodec",5,0,0,0,0,""
"src/SharpLink.Generator/RpcGenerator.ContractManifest.Infrastructure.cs",309,"SharpLink.Generator","Property","Public","Kind",104,0,0,0,0,""
"src/SharpLink.Generator/RpcGenerator.ContractManifest.Infrastructure.cs",314,"SharpLink.Generator","NamedType","Private","global::SharpLink.Generator.RpcGenerator.ContractManifestMember",5,0,0,0,0,""
"src/SharpLink.Generator/RpcGenerator.ContractManifest.Infrastructure.cs",322,"SharpLink.Generator","Property","Public","Required",17,0,0,0,0,""
"src/SharpLink.Generator/RpcGenerator.ContractManifest.Infrastructure.cs",323,"SharpLink.Generator","Property","Public","RejectNull",3,0,0,0,0,""
"src/SharpLink.Generator/RpcGenerator.ContractManifest.Infrastructure.cs",324,"SharpLink.Generator","Property","Public","ExplicitId",2,0,0,0,0,""
"src/SharpLink.Generator/RpcGenerator.ContractManifest.Infrastructure.cs",328,"SharpLink.Generator","NamedType","Private","global::SharpLink.Generator.RpcGenerator.ContractManifestEnum",5,0,0,0,0,""
"src/SharpLink.Generator/RpcGenerator.ContractManifest.Infrastructure.cs",331,"SharpLink.Generator","Property","Public","UnderlyingType",9,0,0,0,0,""
"src/SharpLink.Generator/RpcGenerator.ContractManifest.Infrastructure.cs",337,"SharpLink.Generator","NamedType","Private","global::SharpLink.Generator.RpcGenerator.ContractManifestUnion",5,0,0,0,0,""
"src/SharpLink.Generator/RpcGenerator.ContractManifest.Infrastructure.cs",340,"SharpLink.Generator","Property","Public","Cases",11,0,0,0,0,""
"src/SharpLink.Generator/RpcGenerator.ContractManifest.Infrastructure.cs",344,"SharpLink.Generator","NamedType","Private","global::SharpLink.Generator.RpcGenerator.ContractManifestUnionCase",7,0,0,0,0,""
"src/SharpLink.Generator/RpcGenerator.ContractManifest.Infrastructure.cs",346,"SharpLink.Generator","Property","Public","Tag",9,0,0,0,0,""
"src/SharpLink.Generator/RpcGenerator.ContractManifest.Infrastructure.cs",348,"SharpLink.Generator","Property","Public","InvalidDetail",4,0,0,0,0,""
"src/SharpLink.Generator/RpcGenerator.ContractManifest.Infrastructure.cs",352,"SharpLink.Generator","NamedType","Private","global::SharpLink.Generator.RpcGenerator.ContractManifestService",3,0,0,0,0,""
"src/SharpLink.Generator/RpcGenerator.ContractManifest.Infrastructure.cs",354,"SharpLink.Generator","Property","Public","ContractId",7,0,0,0,0,""
"src/SharpLink.Generator/RpcGenerator.ContractManifest.Infrastructure.cs",355,"SharpLink.Generator","Property","Public","ContractName",2,0,0,0,0,""
"src/SharpLink.Generator/RpcGenerator.ContractManifest.Infrastructure.cs",356,"SharpLink.Generator","Property","Public","Implementation",1,0,0,0,0,""
"src/SharpLink.Generator/RpcGenerator.ContractManifestCodecs.cs",5,"SharpLink.Generator","Method","Private","GetContractManifestCodecs",1,0,0,0,0,""
"src/SharpLink.Generator/RpcGenerator.ContractModeling.cs",5,"SharpLink.Generator","Method","Private","IsSupportedRpcReturnType",2,0,0,0,0,""
"src/SharpLink.Generator/RpcGenerator.ContractModeling.cs",22,"SharpLink.Generator","Method","Private","CreateInterfaceModel",6,0,0,0,0,""
"src/SharpLink.Generator/RpcGenerator.ContractModeling.cs",154,"SharpLink.Generator","Method","Private","GetEnumUnderlyingType",6,0,0,0,0,""
"src/SharpLink.Generator/RpcGenerator.ContractModeling.cs",159,"SharpLink.Generator","Method","Private","IsInlineFixedRpcType",1,0,0,0,0,""
"src/SharpLink.Generator/RpcGenerator.ContractModeling.cs",176,"SharpLink.Generator","Method","Private","IsNullablePayload",2,0,0,0,0,""
"src/SharpLink.Generator/RpcGenerator.ContractModeling.cs",181,"SharpLink.Generator","Method","Private","GetArtifactAssemblyDependencies",1,0,0,0,0,""
"src/SharpLink.Generator/RpcGenerator.ContractModeling.cs",191,"SharpLink.Generator","Method","Private","CollectArtifactAssemblyDependencies",3,0,0,0,0,""
"src/SharpLink.Generator/RpcGenerator.cs",10,"SharpLink.Generator","Field","Private","InvariantCulture",72,0,0,0,0,""
"src/SharpLink.Generator/RpcGenerator.cs",11,"SharpLink.Generator","Field","Private","FullyQualifiedNullableFormat",5,0,0,0,0,""
"src/SharpLink.Generator/RpcGenerator.cs",15,"SharpLink.Generator","Field","Private","ExecutingGeneratorVersion",3,0,0,0,0,""
"src/SharpLink.Generator/RpcGenerator.cs",17,"SharpLink.Generator","Field","Private","RpcContractAttributeMetadataName",10,0,0,0,0,""
"src/SharpLink.Generator/RpcGenerator.cs",18,"SharpLink.Generator","Field","Private","RpcServiceAttributeMetadataName",2,0,0,0,0,""
"src/SharpLink.Generator/RpcGenerator.cs",19,"SharpLink.Generator","Field","Private","ClusterContractAssemblyAttributeMetadataName",1,0,0,0,0,""
"src/SharpLink.Generator/RpcGenerator.CustomCodecConcreteDispatch.cs",7,"SharpLink.Generator","Method","Private","SupportsDirectCustomCodecDispatch",1,0,0,0,0,""
"src/SharpLink.Generator/RpcGenerator.Diagnostics.cs",5,"SharpLink.Generator","Field","Private","InvalidReturnTypeRule",1,0,0,0,0,""
"src/SharpLink.Generator/RpcGenerator.Diagnostics.cs",13,"SharpLink.Generator","Field","Private","MultipleCancellationTokensRule",1,0,0,0,0,""
"src/SharpLink.Generator/RpcGenerator.Diagnostics.cs",21,"SharpLink.Generator","Field","Private","StreamParameterCountRule",1,0,0,0,0,""
"src/SharpLink.Generator/RpcGenerator.Diagnostics.cs",29,"SharpLink.Generator","Field","Private","MissingCancellationTokenRule",1,0,0,0,0,""
"src/SharpLink.Generator/RpcGenerator.Diagnostics.cs",38,"SharpLink.Generator","Field","Private","GenericUsageInRpcRule",1,0,0,0,0,""
"src/SharpLink.Generator/RpcGenerator.Diagnostics.cs",46,"SharpLink.Generator","Field","Private","RpcContractMustInheritIServiceRule",1,0,0,0,0,""
"src/SharpLink.Generator/RpcGenerator.Diagnostics.cs",54,"SharpLink.Generator","Field","Private","ControlParameterOrderRule",1,0,0,0,0,""
"src/SharpLink.Generator/RpcGenerator.Diagnostics.cs",62,"SharpLink.Generator","Field","Private","UnsupportedGeneratedDtoRule",1,0,0,0,0,""
"src/SharpLink.Generator/RpcGenerator.Diagnostics.cs",70,"SharpLink.Generator","Field","Private","CyclicDtoGraphRule",1,0,0,0,0,""
"src/SharpLink.Generator/RpcGenerator.Diagnostics.cs",78,"SharpLink.Generator","Field","Private","DuplicateDtoMemberIdRule",1,0,0,0,0,""
"src/SharpLink.Generator/RpcGenerator.Diagnostics.cs",86,"SharpLink.Generator","Field","Private","DtoConstructionRule",1,0,0,0,0,""
"src/SharpLink.Generator/RpcGenerator.Diagnostics.cs",94,"SharpLink.Generator","Field","Private","DtoDepthRule",1,0,0,0,0,""
"src/SharpLink.Generator/RpcGenerator.Diagnostics.cs",102,"SharpLink.Generator","Field","Private","StreamingMissingCancellationTokenRule",1,0,0,0,0,""
"src/SharpLink.Generator/RpcGenerator.Diagnostics.cs",111,"SharpLink.Generator","Field","Private","ConflictingCancellationContractRule",1,0,0,0,0,""
"src/SharpLink.Generator/RpcGenerator.Diagnostics.cs",119,"SharpLink.Generator","Field","Private","RpcServiceMissingContractRule",1,0,0,0,0,""
"src/SharpLink.Generator/RpcGenerator.Diagnostics.cs",127,"SharpLink.Generator","Field","Private","RpcServiceMultipleContractsRule",1,0,0,0,0,""
"src/SharpLink.Generator/RpcGenerator.Diagnostics.cs",135,"SharpLink.Generator","Field","Private","RpcServiceTypeRule",1,0,0,0,0,""
"src/SharpLink.Generator/RpcGenerator.Diagnostics.cs",143,"SharpLink.Generator","Field","Private","RpcServiceConstructorRule",1,0,0,0,0,""
"src/SharpLink.Generator/RpcGenerator.Diagnostics.cs",151,"SharpLink.Generator","Field","Private","RpcServiceLifetimeRule",1,0,0,0,0,""
"src/SharpLink.Generator/RpcGenerator.Diagnostics.cs",159,"SharpLink.Generator","Field","Private","StaticContractConflictRule",1,0,0,0,0,""
"src/SharpLink.Generator/RpcGenerator.Diagnostics.cs",167,"SharpLink.Generator","Field","Private","StaticMethodConflictRule",1,0,0,0,0,""
"src/SharpLink.Generator/RpcGenerator.Diagnostics.cs",175,"SharpLink.Generator","Field","Private","StaticServiceConflictRule",1,0,0,0,0,""
"src/SharpLink.Generator/RpcGenerator.Diagnostics.cs",183,"SharpLink.Generator","Field","Private","ContractBaselineInvalidRule",1,0,0,0,0,""
"src/SharpLink.Generator/RpcGenerator.Diagnostics.cs",186,"SharpLink.Generator","Field","Private","ContractBaselineVersionRule",1,0,0,0,0,""
"src/SharpLink.Generator/RpcGenerator.Diagnostics.cs",189,"SharpLink.Generator","Field","Private","ContractIdCompatibilityRule",1,0,0,0,0,""
"src/SharpLink.Generator/RpcGenerator.Diagnostics.cs",192,"SharpLink.Generator","Field","Private","MethodIdCompatibilityRule",1,0,0,0,0,""
"src/SharpLink.Generator/RpcGenerator.Diagnostics.cs",195,"SharpLink.Generator","Field","Private","MemberIdCompatibilityRule",1,0,0,0,0,""
"src/SharpLink.Generator/RpcGenerator.Diagnostics.cs",198,"SharpLink.Generator","Field","Private","CallShapeCompatibilityRule",1,0,0,0,0,""
"src/SharpLink.Generator/RpcGenerator.Diagnostics.cs",201,"SharpLink.Generator","Field","Private","WireTypeCompatibilityRule",1,0,0,0,0,""
"src/SharpLink.Generator/RpcGenerator.Diagnostics.cs",204,"SharpLink.Generator","Field","Private","RequiredMemberCompatibilityRule",1,0,0,0,0,""
"src/SharpLink.Generator/RpcGenerator.Diagnostics.cs",207,"SharpLink.Generator","Field","Private","EnumCompatibilityRule",1,0,0,0,0,""
"src/SharpLink.Generator/RpcGenerator.Diagnostics.cs",210,"SharpLink.Generator","Field","Private","UnionTagCompatibilityRule",1,0,0,0,0,""
"src/SharpLink.Generator/RpcGenerator.Diagnostics.cs",213,"SharpLink.Generator","Field","Private","MethodRemovedCompatibilityRule",1,0,0,0,0,""
"src/SharpLink.Generator/RpcGenerator.Diagnostics.cs",216,"SharpLink.Generator","Field","Private","ContractRemovedCompatibilityRule",1,0,0,0,0,""
"src/SharpLink.Generator/RpcGenerator.Diagnostics.cs",219,"SharpLink.Generator","Field","Private","ContractManifestOutputRule",1,0,0,0,0,""
"src/SharpLink.Generator/RpcGenerator.Diagnostics.cs",227,"SharpLink.Generator","Field","Private","ServiceRouteRemovedCompatibilityRule",1,0,0,0,0,""
"src/SharpLink.Generator/RpcGenerator.Diagnostics.cs",230,"SharpLink.Generator","Field","Private","InvalidClusterKeyRule",1,0,0,0,0,""
"src/SharpLink.Generator/RpcGenerator.Diagnostics.cs",238,"SharpLink.Generator","Field","Private","ConflictingClusterRouteRule",1,0,0,0,0,""
"src/SharpLink.Generator/RpcGenerator.Diagnostics.cs",246,"SharpLink.Generator","Field","Private","MissingClusterRouteManifestRule",1,0,0,0,0,""
"src/SharpLink.Generator/RpcGenerator.Diagnostics.cs",254,"SharpLink.Generator","Field","Private","InvalidClusterRouteAttributeRule",1,0,0,0,0,""
"src/SharpLink.Generator/RpcGenerator.Diagnostics.cs",262,"SharpLink.Generator","Field","Private","InvalidAdapterRegistrationRule",1,0,0,0,0,""
"src/SharpLink.Generator/RpcGenerator.Diagnostics.cs",265,"SharpLink.Generator","Field","Private","InvalidAdapterTypeRule",1,0,0,0,0,""
"src/SharpLink.Generator/RpcGenerator.Diagnostics.cs",268,"SharpLink.Generator","Field","Private","SelectorAdapterConflictRule",1,0,0,0,0,""
"src/SharpLink.Generator/RpcGenerator.Diagnostics.cs",271,"SharpLink.Generator","Field","Private","AdapterSelectionConflictRule",1,0,0,0,0,""
"src/SharpLink.Generator/RpcGenerator.Diagnostics.cs",274,"SharpLink.Generator","Field","Private","InvalidAdapterBindingRule",1,0,0,0,0,""
"src/SharpLink.Generator/RpcGenerator.Diagnostics.cs",277,"SharpLink.Generator","Field","Private","InvalidAdapterTargetRule",1,0,0,0,0,""
"src/SharpLink.Generator/RpcGenerator.Diagnostics.cs",280,"SharpLink.Generator","Field","Private","AdapterIdentityConflictRule",1,0,0,0,0,""
"src/SharpLink.Generator/RpcGenerator.Diagnostics.cs",283,"SharpLink.Generator","Field","Private","BuiltinAdapterOverrideRule",1,0,0,0,0,""
"src/SharpLink.Generator/RpcGenerator.Diagnostics.cs",286,"SharpLink.Generator","Field","Private","InvalidCustomCodecBindingRule",1,0,0,0,0,""
"src/SharpLink.Generator/RpcGenerator.Diagnostics.cs",289,"SharpLink.Generator","Field","Private","InvalidCustomCodecTargetRule",1,0,0,0,0,""
"src/SharpLink.Generator/RpcGenerator.Diagnostics.cs",292,"SharpLink.Generator","Field","Private","InvalidCustomCodecTypeRule",1,0,0,0,0,""
"src/SharpLink.Generator/RpcGenerator.Diagnostics.cs",295,"SharpLink.Generator","Field","Private","InvalidCustomCodecIdentityRule",1,0,0,0,0,""
"src/SharpLink.Generator/RpcGenerator.Diagnostics.cs",298,"SharpLink.Generator","Field","Private","CustomCodecSelectionConflictRule",1,0,0,0,0,""
"src/SharpLink.Generator/RpcGenerator.Diagnostics.cs",301,"SharpLink.Generator","Field","Private","BuiltinCustomCodecOverrideRule",1,0,0,0,0,""
"src/SharpLink.Generator/RpcGenerator.Diagnostics.cs",304,"SharpLink.Generator","Field","Private","InvalidTimeoutRule",1,0,0,0,0,""
"src/SharpLink.Generator/RpcGenerator.Diagnostics.cs",312,"SharpLink.Generator","Field","Private","InvalidUnionCaseRule",1,0,0,0,0,""
"src/SharpLink.Generator/RpcGenerator.Diagnostics.cs",320,"SharpLink.Generator","Field","Private","ByReferenceRpcSignatureRule",1,0,0,0,0,""
"src/SharpLink.Generator/RpcGenerator.Diagnostics.cs",328,"SharpLink.Generator","Field","Private","StaticRpcMethodRule",1,0,0,0,0,""
"src/SharpLink.Generator/RpcGenerator.Diagnostics.cs",336,"SharpLink.Generator","Field","Private","UnsupportedContractMemberRule",1,0,0,0,0,""
"src/SharpLink.Generator/RpcGenerator.Diagnostics.cs",344,"SharpLink.Generator","Field","Private","RpcContractAccessibilityRule",1,0,0,0,0,""
"src/SharpLink.Generator/RpcGenerator.Diagnostics.cs",352,"SharpLink.Generator","Field","Private","InvalidOnewayReturnRule",1,0,0,0,0,""
"src/SharpLink.Generator/RpcGenerator.Diagnostics.cs",360,"SharpLink.Generator","Field","Private","ConflictingInheritedRpcSignatureRule",1,0,0,0,0,""
"src/SharpLink.Generator/RpcGenerator.Diagnostics.cs",368,"SharpLink.Generator","Method","Private","AdapterRule",8,0,0,0,0,""
"src/SharpLink.Generator/RpcGenerator.Diagnostics.cs",377,"SharpLink.Generator","Method","Private","CustomCodecRule",6,0,0,0,0,""
"src/SharpLink.Generator/RpcGenerator.Diagnostics.cs",386,"SharpLink.Generator","Method","Private","CompatibilityRule",13,0,0,0,0,""
"src/SharpLink.Generator/RpcGenerator.DtoAnalysis.cs",5,"SharpLink.Generator","Method","Private","GetCodecDependencies",1,0,0,0,0,""
"src/SharpLink.Generator/RpcGenerator.DtoAnalysis.cs",45,"SharpLink.Generator","NamedType","Private","global::SharpLink.Generator.RpcGenerator.DtoAnalysisPassResult",10,0,0,0,0,""
"src/SharpLink.Generator/RpcGenerator.DtoAnalysis.cs",52,"SharpLink.Generator","Field","Private","MaximumDepth",7,0,0,0,0,""
"src/SharpLink.Generator/RpcGenerator.DtoAnalysis.cs",53,"SharpLink.Generator","Field","Private","_compilation",39,0,0,0,0,""
"src/SharpLink.Generator/RpcGenerator.DtoAnalysis.cs",54,"SharpLink.Generator","Field","Private","_cancellationToken",10,0,0,0,0,""
"src/SharpLink.Generator/RpcGenerator.DtoAnalysis.cs",55,"SharpLink.Generator","Field","Private","_contractMode",20,0,0,0,0,""
"src/SharpLink.Generator/RpcGenerator.DtoAnalysis.cs",56,"SharpLink.Generator","Field","Private","_applyCodecPolicy",3,0,0,0,0,""
"src/SharpLink.Generator/RpcGenerator.DtoAnalysis.cs",57,"SharpLink.Generator","Field","Private","_allowedAssemblyNames",4,0,0,0,0,""
"src/SharpLink.Generator/RpcGenerator.DtoAnalysis.cs",58,"SharpLink.Generator","Field","Private","_adaptersByType",5,0,0,0,0,""
"src/SharpLink.Generator/RpcGenerator.DtoAnalysis.cs",60,"SharpLink.Generator","Field","Private","_adaptersBySelector",5,0,0,0,0,""
"src/SharpLink.Generator/RpcGenerator.DtoAnalysis.cs",62,"SharpLink.Generator","Field","Private","_assemblyBindings",7,0,0,0,0,""
"src/SharpLink.Generator/RpcGenerator.DtoAnalysis.cs",64,"SharpLink.Generator","Field","Private","_customCodecBindings",6,0,0,0,0,""
"src/SharpLink.Generator/RpcGenerator.DtoAnalysis.cs",66,"SharpLink.Generator","Field","Private","_models",14,0,0,0,0,""
"src/SharpLink.Generator/RpcGenerator.DtoAnalysis.cs",67,"SharpLink.Generator","Field","Private","_enums",5,0,0,0,0,""
"src/SharpLink.Generator/RpcGenerator.DtoAnalysis.cs",68,"SharpLink.Generator","Field","Private","_failed",44,0,0,0,0,""
"src/SharpLink.Generator/RpcGenerator.DtoAnalysis.cs",69,"SharpLink.Generator","Field","Private","_diagnosticKeys",3,0,0,0,0,""
"src/SharpLink.Generator/RpcGenerator.DtoAnalysis.cs",70,"SharpLink.Generator","Field","Private","_diagnostics",6,0,0,0,0,""
"src/SharpLink.Generator/RpcGenerator.DtoAnalysis.cs",86,"SharpLink.Generator","Method","Public","Analyze",1,0,0,0,0,""
"src/SharpLink.Generator/RpcGenerator.DtoAnalysis.cs",122,"SharpLink.Generator","Method","Private","HasAttribute",19,0,0,0,0,""
"src/SharpLink.Generator/RpcGenerator.DtoAnalysis.cs",125,"SharpLink.Generator","Method","Private","EscapeIdentifier",23,0,0,0,0,""
"src/SharpLink.Generator/RpcGenerator.DtoAnalysis.cs",131,"SharpLink.Generator","Method","Private","GetCodecName",5,0,0,0,0,""
"src/SharpLink.Generator/RpcGenerator.DtoAnalysis.cs",134,"SharpLink.Generator","Method","Private","GetSchemaId",5,0,0,0,0,""
"src/SharpLink.Generator/RpcGenerator.DtoAnalysis.cs",137,"SharpLink.Generator","Method","Private","ComputeHash",2,0,0,0,0,""
"src/SharpLink.Generator/RpcGenerator.DtoAnalysisModels.cs",3,"SharpLink.Generator","NamedType","Internal","global::SharpLink.Generator.DtoCodecAnalysisResult",3,0,0,0,0,""
"src/SharpLink.Generator/RpcGenerator.DtoAnalysisModels.cs",7,"SharpLink.Generator","NamedType","Internal","global::SharpLink.Generator.DtoCodecAnalysisModel",17,0,0,0,0,""
"src/SharpLink.Generator/RpcGenerator.DtoAnalysisModels.cs",16,"SharpLink.Generator","NamedType","Internal","global::SharpLink.Generator.DtoMemberAnalysisModel",26,0,0,0,0,""
"src/SharpLink.Generator/RpcGenerator.DtoAnalysisModels.cs",31,"SharpLink.Generator","Method","Internal","CreateDtoCodecAnalysisResult",1,0,0,0,0,""
"src/SharpLink.Generator/RpcGenerator.DtoAnalysisModels.cs",38,"SharpLink.Generator","Method","Private","CreateDtoCodecAnalysisModels",2,0,0,0,0,""
"src/SharpLink.Generator/RpcGenerator.DtoAnalysisModels.cs",63,"SharpLink.Generator","Method","Private","GetEmissionMemberTypeName",1,0,0,0,0,""
"src/SharpLink.Generator/RpcGenerator.DtoCodecEmitter.cs",5,"SharpLink.Generator","Method","Private","AppendDtoCodec",1,0,0,0,0,""
"src/SharpLink.Generator/RpcGenerator.DtoCodecPolicyAnalysis.cs",7,"SharpLink.Generator","Method","Private","CollectAdapterRegistrations",1,0,0,0,0,""
"src/SharpLink.Generator/RpcGenerator.DtoCodecPolicyAnalysis.cs",107,"SharpLink.Generator","Method","Private","TrySelectAdapter",2,0,0,0,0,""
"src/SharpLink.Generator/RpcGenerator.DtoCodecPolicyAnalysis.cs",146,"SharpLink.Generator","Method","Private","HasResolvableExplicitAdapter",1,0,0,0,0,""
"src/SharpLink.Generator/RpcGenerator.DtoCodecPolicyAnalysis.cs",168,"SharpLink.Generator","Method","Private","TryCollectExplicitAdapterCandidates",2,0,0,0,0,""
"src/SharpLink.Generator/RpcGenerator.DtoCodecPolicyAnalysis.cs",205,"SharpLink.Generator","Method","Private","TryResolveExplicitBinding",2,0,0,0,0,""
"src/SharpLink.Generator/RpcGenerator.DtoCodecPolicyAnalysis.cs",229,"SharpLink.Generator","Method","Private","AdapterRegistrationsEqual",3,0,0,0,0,""
"src/SharpLink.Generator/RpcGenerator.DtoCodecPolicyAnalysis.cs",233,"SharpLink.Generator","Method","Private","ImplementsRpcCodecAdapter",1,0,0,0,0,""
"src/SharpLink.Generator/RpcGenerator.DtoCodecPolicyAnalysis.cs",238,"SharpLink.Generator","Method","Private","IsValidAdapterType",1,0,0,0,0,""
"src/SharpLink.Generator/RpcGenerator.DtoCodecPolicyAnalysis.cs",246,"SharpLink.Generator","Method","Private","HasResolvableCustomCodec",1,0,0,0,0,""
"src/SharpLink.Generator/RpcGenerator.DtoCodecPolicyAnalysis.cs",281,"SharpLink.Generator","Method","Private","IsValidCustomCodec",1,0,0,0,0,""
"src/SharpLink.Generator/RpcGenerator.DtoCodecPolicyAnalysis.cs",307,"SharpLink.Generator","Method","Private","ValidateCustomCodec",1,0,0,0,0,""
"src/SharpLink.Generator/RpcGenerator.DtoCodecPolicyAnalysis.cs",354,"SharpLink.Generator","Method","Private","TrySelectCustomCodec",1,0,0,0,0,""
"src/SharpLink.Generator/RpcGenerator.DtoCodecPolicyAnalysis.cs",405,"SharpLink.Generator","Method","Private","IsEffectivelyPublic",4,0,0,0,0,""
"src/SharpLink.Generator/RpcGenerator.DtoCodecPolicyAnalysis.cs",415,"SharpLink.Generator","Method","Private","InheritsFromAttribute",1,0,0,0,0,""
"src/SharpLink.Generator/RpcGenerator.DtoCodecPolicyAnalysis.cs",425,"SharpLink.Generator","Method","Private","HasValidOpaqueSemanticIdentity",4,0,0,0,0,""
"src/SharpLink.Generator/RpcGenerator.DtoCodecPolicyAnalysis.cs",436,"SharpLink.Generator","Method","Private","IsStableIdentity",1,0,0,0,0,""
"src/SharpLink.Generator/RpcGenerator.DtoCodecPolicyAnalysis.cs",448,"SharpLink.Generator","NamedType","Private","global::SharpLink.Generator.RpcGenerator.DtoAnalysisState.ExplicitBindingCandidate",13,0,0,0,0,""
"src/SharpLink.Generator/RpcGenerator.DtoCodecPolicyAnalysis.cs",452,"SharpLink.Generator","NamedType","Private","global::SharpLink.Generator.RpcGenerator.DtoAnalysisState.AdapterRegistration",22,0,0,0,0,""
"src/SharpLink.Generator/RpcGenerator.DtoCodecPolicyAnalysis.cs",458,"SharpLink.Generator","NamedType","Private","global::SharpLink.Generator.RpcGenerator.DtoAnalysisState.CustomCodecRegistration",14,0,0,0,0,""
"src/SharpLink.Generator/RpcGenerator.DtoDeserializeEmitter.cs",5,"SharpLink.Generator","Method","Private","AppendDtoDeserializeMethod",1,0,0,0,0,""
"src/SharpLink.Generator/RpcGenerator.DtoDeserializeEmitter.cs",77,"SharpLink.Generator","Method","Private","AppendDtoMemberRead",1,0,0,0,0,""
"src/SharpLink.Generator/RpcGenerator.DtoDeserializeEmitter.cs",118,"SharpLink.Generator","Method","Private","GetFixedReadExpression",2,0,0,0,0,""
"src/SharpLink.Generator/RpcGenerator.DtoGraphAnalysis.cs",7,"SharpLink.Generator","Method","Internal","AnalyzeDtoCandidates",1,0,0,0,0,""
"src/SharpLink.Generator/RpcGenerator.DtoGraphAnalysis.cs",27,"SharpLink.Generator","Method","Private","CollectCurrentAssemblyRoots",9,0,0,0,0,""
"src/SharpLink.Generator/RpcGenerator.DtoGraphAnalysis.cs",54,"SharpLink.Generator","Method","Private","CollectReferencedContractRoots",4,0,0,0,0,""
"src/SharpLink.Generator/RpcGenerator.DtoGraphAnalysis.cs",93,"SharpLink.Generator","Method","Private","CollectContractPayloadRoots",3,0,0,0,0,""
"src/SharpLink.Generator/RpcGenerator.DtoGraphAnalysis.cs",121,"SharpLink.Generator","Method","Private","AddRoot",5,0,0,0,0,""
"src/SharpLink.Generator/RpcGenerator.DtoGraphAnalysis.cs",128,"SharpLink.Generator","Method","Private","Visit",8,0,0,0,0,""
"src/SharpLink.Generator/RpcGenerator.DtoGraphAnalysis.cs",255,"SharpLink.Generator","Method","Private","GetAssemblyDependencies",5,0,0,0,0,""
"src/SharpLink.Generator/RpcGenerator.DtoGraphAnalysis.cs",263,"SharpLink.Generator","Method","Private","CollectAssemblyDependencies",3,0,0,0,0,""
"src/SharpLink.Generator/RpcGenerator.DtoGraphAnalysis.cs",284,"SharpLink.Generator","Method","Private","CollectEnums",4,0,0,0,0,""
"src/SharpLink.Generator/RpcGenerator.DtoGraphAnalysis.cs",309,"SharpLink.Generator","Method","Private","HasReferencedGeneratedCodecIdentityCandidate",4,0,0,0,0,""
"src/SharpLink.Generator/RpcGenerator.DtoGraphAnalysis.cs",329,"SharpLink.Generator","Method","Private","IsThirdPartyType",5,0,0,0,0,""
"src/SharpLink.Generator/RpcGenerator.DtoGraphAnalysis.cs",332,"SharpLink.Generator","Method","Private","TryGetCollection",10,0,0,0,0,""
"src/SharpLink.Generator/RpcGenerator.DtoGraphAnalysis.cs",395,"SharpLink.Generator","Method","Private","HasRuntimeCodecWithoutGeneratedFactoryCandidate",2,0,0,0,0,""
"src/SharpLink.Generator/RpcGenerator.DtoGraphAnalysis.cs",422,"SharpLink.Generator","Method","Private","NormalizeAdapterTarget",8,0,0,0,0,""
"src/SharpLink.Generator/RpcGenerator.DtoModels.cs",3,"SharpLink.Generator","NamedType","Internal","global::SharpLink.Generator.DtoDiagnosticKind",84,0,0,0,0,""
"src/SharpLink.Generator/RpcGenerator.DtoModels.cs",5,"SharpLink.Generator","Field","Public","Unsupported",24,0,0,0,0,"Enum/protocol identity"
"src/SharpLink.Generator/RpcGenerator.DtoModels.cs",6,"SharpLink.Generator","Field","Public","Cycle",2,0,0,0,0,"Enum/protocol identity"
"src/SharpLink.Generator/RpcGenerator.DtoModels.cs",7,"SharpLink.Generator","Field","Public","MemberIdCollision",2,0,0,0,0,"Enum/protocol identity"
"src/SharpLink.Generator/RpcGenerator.DtoModels.cs",8,"SharpLink.Generator","Field","Public","Constructor",2,0,0,0,0,"Enum/protocol identity"
"src/SharpLink.Generator/RpcGenerator.DtoModels.cs",9,"SharpLink.Generator","Field","Public","Depth",2,0,0,0,0,"Enum/protocol identity"
"src/SharpLink.Generator/RpcGenerator.DtoModels.cs",10,"SharpLink.Generator","Field","Public","AdapterRegistrationInvalid",6,0,0,0,0,"Enum/protocol identity"
"src/SharpLink.Generator/RpcGenerator.DtoModels.cs",11,"SharpLink.Generator","Field","Public","AdapterTypeInvalid",3,0,0,0,0,"Enum/protocol identity"
"src/SharpLink.Generator/RpcGenerator.DtoModels.cs",12,"SharpLink.Generator","Field","Public","SelectorConflict",2,0,0,0,0,"Enum/protocol identity"
"src/SharpLink.Generator/RpcGenerator.DtoModels.cs",13,"SharpLink.Generator","Field","Public","AdapterSelectionConflict",4,0,0,0,0,"Enum/protocol identity"
"src/SharpLink.Generator/RpcGenerator.DtoModels.cs",14,"SharpLink.Generator","Field","Public","AdapterBindingInvalid",5,0,0,0,0,"Enum/protocol identity"
"src/SharpLink.Generator/RpcGenerator.DtoModels.cs",15,"SharpLink.Generator","Field","Public","AdapterTargetInvalid",2,0,0,0,0,"Enum/protocol identity"
"src/SharpLink.Generator/RpcGenerator.DtoModels.cs",16,"SharpLink.Generator","Field","Public","AdapterIdentityConflict",3,0,0,0,0,"Enum/protocol identity"
"src/SharpLink.Generator/RpcGenerator.DtoModels.cs",17,"SharpLink.Generator","Field","Public","BuiltinAdapterOverride",2,0,0,0,0,"Enum/protocol identity"
"src/SharpLink.Generator/RpcGenerator.DtoModels.cs",18,"SharpLink.Generator","Field","Public","CustomCodecBindingInvalid",3,0,0,0,0,"Enum/protocol identity"
"src/SharpLink.Generator/RpcGenerator.DtoModels.cs",19,"SharpLink.Generator","Field","Public","CustomCodecTargetInvalid",2,0,0,0,0,"Enum/protocol identity"
"src/SharpLink.Generator/RpcGenerator.DtoModels.cs",20,"SharpLink.Generator","Field","Public","CustomCodecTypeInvalid",8,0,0,0,0,"Enum/protocol identity"
"src/SharpLink.Generator/RpcGenerator.DtoModels.cs",21,"SharpLink.Generator","Field","Public","CustomCodecIdentityInvalid",3,0,0,0,0,"Enum/protocol identity"
"src/SharpLink.Generator/RpcGenerator.DtoModels.cs",22,"SharpLink.Generator","Field","Public","CustomCodecSelectionConflict",3,0,0,0,0,"Enum/protocol identity"
"src/SharpLink.Generator/RpcGenerator.DtoModels.cs",23,"SharpLink.Generator","Field","Public","BuiltinCustomCodecOverride",2,0,0,0,0,"Enum/protocol identity"
"src/SharpLink.Generator/RpcGenerator.DtoModels.cs",26,"SharpLink.Generator","NamedType","Internal","global::SharpLink.Generator.DtoDiagnosticModel",9,0,0,0,0,""
"src/SharpLink.Generator/RpcGenerator.DtoModels.cs",32,"SharpLink.Generator","NamedType","Internal","global::SharpLink.Generator.DtoGenerationResult",7,0,0,0,0,""
"src/SharpLink.Generator/RpcGenerator.DtoModels.cs",39,"SharpLink.Generator","Property","Public","DtoAnalysis",1,0,0,0,0,""
"src/SharpLink.Generator/RpcGenerator.DtoModels.cs",41,"SharpLink.Generator","Property","Public","CodecHashes",8,0,0,0,0,""
"src/SharpLink.Generator/RpcGenerator.DtoModels.cs",43,"SharpLink.Generator","Property","Public","ReferencedCodecHashes",6,0,0,0,0,""
"src/SharpLink.Generator/RpcGenerator.DtoModels.cs",45,"SharpLink.Generator","Property","Public","UnsafeBlitRequirements",7,0,0,0,0,""
"src/SharpLink.Generator/RpcGenerator.DtoModels.cs",47,"SharpLink.Generator","Property","Public","UnsafeBlitAutoLayoutDiagnostics",7,0,0,0,0,""
"src/SharpLink.Generator/RpcGenerator.DtoModels.cs",49,"SharpLink.Generator","Property","Public","AssemblyLogicalIdentity",4,0,0,0,0,""
"src/SharpLink.Generator/RpcGenerator.DtoModels.cs",52,"SharpLink.Generator","NamedType","Internal","global::SharpLink.Generator.GeneratedEnumModel",12,0,0,0,0,""
"src/SharpLink.Generator/RpcGenerator.DtoModels.cs",57,"SharpLink.Generator","NamedType","Internal","global::SharpLink.Generator.DtoGenerationResultComparer",2,0,0,0,0,""
"src/SharpLink.Generator/RpcGenerator.DtoModels.cs",59,"SharpLink.Generator","Property","Internal","Instance",1,0,0,0,0,""
"src/SharpLink.Generator/RpcGenerator.DtoModels.cs",194,"SharpLink.Generator","Method","Private","CodecEquals",2,0,0,0,0,""
"src/SharpLink.Generator/RpcGenerator.DtoModels.cs",228,"SharpLink.Generator","Method","Internal","ToHex",32,0,0,0,0,""
"src/SharpLink.Generator/RpcGenerator.DtoModels.cs",233,"SharpLink.Generator","NamedType","Internal","global::SharpLink.Generator.Hashing",39,0,0,0,0,""
"src/SharpLink.Generator/RpcGenerator.DtoModels.cs",235,"SharpLink.Generator","Field","Private","FnvPrime",1,0,0,0,0,""
"src/SharpLink.Generator/RpcGenerator.DtoModels.cs",236,"SharpLink.Generator","Field","Private","FnvOffsetBasis",1,0,0,0,0,""
"src/SharpLink.Generator/RpcGenerator.DtoModels.cs",238,"SharpLink.Generator","Method","Public","GetMethodHash",1,0,0,0,0,""
"src/SharpLink.Generator/RpcGenerator.DtoModels.cs",244,"SharpLink.Generator","Method","Public","GetInterfaceHash",1,0,0,0,0,""
"src/SharpLink.Generator/RpcGenerator.DtoModels.cs",247,"SharpLink.Generator","Method","Public","GetIdentifierHash",4,0,0,0,0,""
"src/SharpLink.Generator/RpcGenerator.DtoModels.cs",250,"SharpLink.Generator","Method","Public","GetSemanticHash",26,0,0,0,0,""
"src/SharpLink.Generator/RpcGenerator.DtoModels.cs",267,"SharpLink.Generator","Method","Public","GetSha256",8,0,0,0,0,""
"src/SharpLink.Generator/RpcGenerator.DtoModels.cs",280,"SharpLink.Generator","Method","Private","Hash",3,0,0,0,0,""
"src/SharpLink.Generator/RpcGenerator.DtoObjectAnalysis.cs",7,"SharpLink.Generator","Method","Private","AnalyzeDto",1,0,0,0,0,""
"src/SharpLink.Generator/RpcGenerator.DtoObjectAnalysis.cs",150,"SharpLink.Generator","Method","Private","GetSerializableMembers",5,0,0,0,0,""
"src/SharpLink.Generator/RpcGenerator.DtoObjectAnalysis.cs",168,"SharpLink.Generator","Method","Private","TrySelectConstructor",2,0,0,0,0,""
"src/SharpLink.Generator/RpcGenerator.DtoObjectAnalysis.cs",246,"SharpLink.Generator","Method","Private","CompilerRequiredMembersAreSatisfied",2,0,0,0,0,""
"src/SharpLink.Generator/RpcGenerator.DtoObjectAnalysis.cs",262,"SharpLink.Generator","Method","Private","IsConstructorAccessible",1,0,0,0,0,""
"src/SharpLink.Generator/RpcGenerator.DtoObjectAnalysis.cs",271,"SharpLink.Generator","Method","Private","GetMemberKind",2,0,0,0,0,""
"src/SharpLink.Generator/RpcGenerator.DtoObjectAnalysis.cs",298,"SharpLink.Generator","Method","Private","GetFixedSize",6,0,0,0,0,""
"src/SharpLink.Generator/RpcGenerator.DtoObjectAnalysis.cs",324,"SharpLink.Generator","Method","Private","GetMemberType",9,0,0,0,0,""
"src/SharpLink.Generator/RpcGenerator.DtoObjectAnalysis.cs",331,"SharpLink.Generator","Method","Private","IsAssignable",2,0,0,0,0,""
"src/SharpLink.Generator/RpcGenerator.DtoObjectAnalysis.cs",338,"SharpLink.Generator","Method","Private","IsRequired",2,0,0,0,0,""
"src/SharpLink.Generator/RpcGenerator.DtoObjectAnalysis.cs",342,"SharpLink.Generator","Method","Private","IsCompilerRequired",2,0,0,0,0,""
"src/SharpLink.Generator/RpcGenerator.DtoObjectAnalysis.cs",346,"SharpLink.Generator","Method","Private","IsNonNullableReference",2,0,0,0,0,""
"src/SharpLink.Generator/RpcGenerator.DtoObjectAnalysis.cs",358,"SharpLink.Generator","Method","Private","IsNullable",2,0,0,0,0,""
"src/SharpLink.Generator/RpcGenerator.DtoObjectAnalysis.cs",375,"SharpLink.Generator","Method","Private","GetMemberId",2,0,0,0,0,""
"src/SharpLink.Generator/RpcGenerator.DtoObjectAnalysis.cs",407,"SharpLink.Generator","NamedType","Private","global::SharpLink.Generator.RpcGenerator.DtoAnalysisState.AnalyzedMember",10,0,0,0,0,""
"src/SharpLink.Generator/RpcGenerator.DtoSerializeEmitter.cs",5,"SharpLink.Generator","Method","Private","AppendDtoSerializeMethod",1,0,0,0,0,""
"src/SharpLink.Generator/RpcGenerator.DtoSerializeEmitter.cs",71,"SharpLink.Generator","Method","Private","AppendDtoSerializeBody",6,0,0,0,0,""
"src/SharpLink.Generator/RpcGenerator.DtoSerializeEmitter.cs",117,"SharpLink.Generator","Method","Private","AppendDtoMemberWrite",1,0,0,0,0,""
"src/SharpLink.Generator/RpcGenerator.DtoSerializeEmitter.cs",179,"SharpLink.Generator","Method","Private","AppendDtoDirectPreReservation",2,0,0,0,0,""
"src/SharpLink.Generator/RpcGenerator.DtoSerializeEmitter.cs",247,"SharpLink.Generator","Method","Private","GetFixedWriteExpression",4,0,0,0,0,""
"src/SharpLink.Generator/RpcGenerator.DtoSizingEmitter.cs",128,"SharpLink.Generator","Method","Private","AppendDtoEncodedSizeMethod",1,0,0,0,0,""
"src/SharpLink.Generator/RpcGenerator.DtoSizingEmitter.cs",256,"SharpLink.Generator","Method","Private","AppendDtoSizeOnlyEncodedSizeMethod",1,0,0,0,0,""
"src/SharpLink.Generator/RpcGenerator.DtoSizingEmitter.cs",323,"SharpLink.Generator","Method","Private","AppendDtoSnapshotType",1,0,0,0,0,""
"src/SharpLink.Generator/RpcGenerator.DtoSizingEmitter.cs",382,"SharpLink.Generator","Method","Private","AppendDtoSizedSerializeMethod",1,0,0,0,0,""
"src/SharpLink.Generator/RpcGenerator.DtoSizingEmitter.cs",466,"SharpLink.Generator","Method","Private","GetFieldKeySize",23,0,0,0,0,""
"src/SharpLink.Generator/RpcGenerator.DtoSizingEmitter.cs",469,"SharpLink.Generator","Method","Private","GetFixedWireTypeValue",8,0,0,0,0,""
"src/SharpLink.Generator/RpcGenerator.DtoSizingEmitter.cs",479,"SharpLink.Generator","Method","Private","GetVarUInt32Size",1,0,0,0,0,""
"src/SharpLink.Generator/RpcGenerator.FinalCodecBindings.cs",5,"SharpLink.Generator","Method","Private","BindFinalCodecSelections",1,0,0,0,0,""
"src/SharpLink.Generator/RpcGenerator.FinalCodecPlan.cs",7,"SharpLink.Generator","Field","Private","UnsafeBlitAbi",1,0,0,0,0,""
"src/SharpLink.Generator/RpcGenerator.FinalCodecPlan.cs",11,"SharpLink.Generator","Method","Internal","ResolveFinalCodecGraph",5,0,0,0,0,""
"src/SharpLink.Generator/RpcGenerator.FinalCodecPlan.Diagnostics.cs",7,"SharpLink.Generator","Method","Internal","BuildUnsafeBlitAutoLayoutDiagnostics",1,0,0,0,0,""
"src/SharpLink.Generator/RpcGenerator.FinalCodecPlan.Models.cs",3,"SharpLink.Generator","NamedType","Internal","global::SharpLink.Generator.FinalCodecPlanKind",10,0,0,0,0,""
"src/SharpLink.Generator/RpcGenerator.FinalCodecPlan.Models.cs",5,"SharpLink.Generator","Field","Public","Primitive",1,0,0,0,0,"Enum/protocol identity"
"src/SharpLink.Generator/RpcGenerator.FinalCodecPlan.Models.cs",6,"SharpLink.Generator","Field","Public","Enum",1,0,0,0,0,"Enum/protocol identity"
"src/SharpLink.Generator/RpcGenerator.FinalCodecPlan.Models.cs",7,"SharpLink.Generator","Field","Public","GeneratedDto",1,0,0,0,0,"Enum/protocol identity"
"src/SharpLink.Generator/RpcGenerator.FinalCodecPlan.Models.cs",8,"SharpLink.Generator","Field","Public","Union",5,0,0,0,0,"Enum/protocol identity"
"src/SharpLink.Generator/RpcGenerator.FinalCodecPlan.Models.cs",9,"SharpLink.Generator","Field","Public","Collection",1,0,0,0,0,"Enum/protocol identity"
"src/SharpLink.Generator/RpcGenerator.FinalCodecPlan.Models.cs",10,"SharpLink.Generator","Field","Public","UnsafeBlit",1,0,0,0,0,"Enum/protocol identity"
"src/SharpLink.Generator/RpcGenerator.FinalCodecPlan.Models.cs",11,"SharpLink.Generator","Field","Public","Custom",10,0,0,0,0,"Enum/protocol identity"
"src/SharpLink.Generator/RpcGenerator.FinalCodecPlan.Models.cs",12,"SharpLink.Generator","Field","Public","Adapter",11,0,0,0,0,"Enum/protocol identity"
"src/SharpLink.Generator/RpcGenerator.FinalCodecPlan.Models.cs",13,"SharpLink.Generator","Field","Public","Referenced",1,0,0,0,0,"Enum/protocol identity"
"src/SharpLink.Generator/RpcGenerator.FinalCodecPlan.Models.cs",16,"SharpLink.Generator","NamedType","Internal","global::SharpLink.Generator.FinalCollectionWireStrategy",10,0,0,0,0,""
"src/SharpLink.Generator/RpcGenerator.FinalCodecPlan.Models.cs",18,"SharpLink.Generator","Field","Public","ChildCodec",9,0,0,0,0,"Enum/protocol identity"
"src/SharpLink.Generator/RpcGenerator.FinalCodecPlan.Models.cs",19,"SharpLink.Generator","Field","Public","RawBlit",4,0,0,0,0,"Enum/protocol identity"
"src/SharpLink.Generator/RpcGenerator.FinalCodecPlan.Models.cs",20,"SharpLink.Generator","Field","Public","DateTimeOffsetCanonical",4,0,0,0,0,"Enum/protocol identity"
"src/SharpLink.Generator/RpcGenerator.FinalCodecPlan.Models.cs",23,"SharpLink.Generator","NamedType","Internal","global::SharpLink.Generator.FinalEffectiveLayoutKind",9,0,0,0,0,""
"src/SharpLink.Generator/RpcGenerator.FinalCodecPlan.Models.cs",25,"SharpLink.Generator","Field","Public","Sequential",2,0,0,0,0,"Enum/protocol identity"
"src/SharpLink.Generator/RpcGenerator.FinalCodecPlan.Models.cs",26,"SharpLink.Generator","Field","Public","Explicit",3,0,0,0,0,"Enum/protocol identity"
"src/SharpLink.Generator/RpcGenerator.FinalCodecPlan.Models.cs",27,"SharpLink.Generator","Field","Public","Auto",2,0,0,0,0,"Enum/protocol identity"
"src/SharpLink.Generator/RpcGenerator.FinalCodecPlan.Models.cs",30,"SharpLink.Generator","NamedType","Internal","global::SharpLink.Generator.FinalUnsafeBlitAbiPlan",2,0,0,0,0,""
"src/SharpLink.Generator/RpcGenerator.FinalCodecPlan.Models.cs",35,"SharpLink.Generator","NamedType","Internal","global::SharpLink.Generator.FinalCodecPlan",48,0,0,0,0,""
"src/SharpLink.Generator/RpcGenerator.FinalCodecPlan.Models.cs",37,"SharpLink.Generator","NamedType","Internal","global::SharpLink.Generator.FinalPrimitiveCodecPlan",5,0,0,0,0,""
"src/SharpLink.Generator/RpcGenerator.FinalCodecPlan.Models.cs",44,"SharpLink.Generator","NamedType","Internal","global::SharpLink.Generator.FinalEnumCodecPlan",4,0,0,0,0,""
"src/SharpLink.Generator/RpcGenerator.FinalCodecPlan.Models.cs",50,"SharpLink.Generator","NamedType","Internal","global::SharpLink.Generator.FinalDtoMemberWireStrategy",10,0,0,0,0,""
"src/SharpLink.Generator/RpcGenerator.FinalCodecPlan.Models.cs",52,"SharpLink.Generator","Field","Public","String",21,0,0,0,0,"Enum/protocol identity"
"src/SharpLink.Generator/RpcGenerator.FinalCodecPlan.Models.cs",53,"SharpLink.Generator","Field","Public","Fixed",17,0,0,0,0,"Enum/protocol identity"
"src/SharpLink.Generator/RpcGenerator.FinalCodecPlan.Models.cs",57,"SharpLink.Generator","NamedType","Internal","global::SharpLink.Generator.FinalDtoMemberPlan",6,0,0,0,0,""
"src/SharpLink.Generator/RpcGenerator.FinalCodecPlan.Models.cs",67,"SharpLink.Generator","NamedType","Internal","global::SharpLink.Generator.FinalGeneratedDtoCodecPlan",8,0,0,0,0,""
"src/SharpLink.Generator/RpcGenerator.FinalCodecPlan.Models.cs",73,"SharpLink.Generator","NamedType","Internal","global::SharpLink.Generator.FinalUnionCasePlan",5,0,0,0,0,""
"src/SharpLink.Generator/RpcGenerator.FinalCodecPlan.Models.cs",78,"SharpLink.Generator","NamedType","Internal","global::SharpLink.Generator.FinalUnionCodecPlan",9,0,0,0,0,""
"src/SharpLink.Generator/RpcGenerator.FinalCodecPlan.Models.cs",84,"SharpLink.Generator","NamedType","Internal","global::SharpLink.Generator.FinalCollectionCodecPlan",11,0,0,0,0,""
"src/SharpLink.Generator/RpcGenerator.FinalCodecPlan.Models.cs",95,"SharpLink.Generator","NamedType","Internal","global::SharpLink.Generator.FinalUnsafeBlitCodecPlan",6,0,0,0,0,""
"src/SharpLink.Generator/RpcGenerator.FinalCodecPlan.Models.cs",102,"SharpLink.Generator","NamedType","Internal","global::SharpLink.Generator.FinalCustomCodecPlan",8,0,0,0,0,""
"src/SharpLink.Generator/RpcGenerator.FinalCodecPlan.Models.cs",109,"SharpLink.Generator","NamedType","Internal","global::SharpLink.Generator.FinalAdapterCodecPlan",11,0,0,0,0,""
"src/SharpLink.Generator/RpcGenerator.FinalCodecPlan.Models.cs",117,"SharpLink.Generator","NamedType","Internal","global::SharpLink.Generator.FinalReferencedCodecPlan",3,0,0,0,0,""
"src/SharpLink.Generator/RpcGenerator.FinalCodecPlan.Models.cs",122,"SharpLink.Generator","NamedType","Internal","global::SharpLink.Generator.FinalPhysicalLayoutPlan",18,0,0,0,0,""
"src/SharpLink.Generator/RpcGenerator.FinalCodecPlan.Models.cs",124,"SharpLink.Generator","NamedType","Internal","global::SharpLink.Generator.FinalPrimitivePhysicalPlan",6,0,0,0,0,""
"src/SharpLink.Generator/RpcGenerator.FinalCodecPlan.Models.cs",129,"SharpLink.Generator","NamedType","Internal","global::SharpLink.Generator.FinalEnumPhysicalPlan",4,0,0,0,0,""
"src/SharpLink.Generator/RpcGenerator.FinalCodecPlan.Models.cs",134,"SharpLink.Generator","NamedType","Internal","global::SharpLink.Generator.FinalPointerPhysicalPlan",3,0,0,0,0,""
"src/SharpLink.Generator/RpcGenerator.FinalCodecPlan.Models.cs",137,"SharpLink.Generator","NamedType","Internal","global::SharpLink.Generator.FinalFunctionPointerPhysicalPlan",3,0,0,0,0,""
"src/SharpLink.Generator/RpcGenerator.FinalCodecPlan.Models.cs",140,"SharpLink.Generator","NamedType","Internal","global::SharpLink.Generator.FinalFixedBufferPhysicalPlan",4,0,0,0,0,""
"src/SharpLink.Generator/RpcGenerator.FinalCodecPlan.Models.cs",145,"SharpLink.Generator","NamedType","Internal","global::SharpLink.Generator.FinalPhysicalFieldPlan",7,0,0,0,0,""
"src/SharpLink.Generator/RpcGenerator.FinalCodecPlan.Models.cs",149,"SharpLink.Generator","NamedType","Internal","global::SharpLink.Generator.FinalStructPhysicalPlan",4,0,0,0,0,""
"src/SharpLink.Generator/RpcGenerator.FinalCodecPlan.Models.cs",157,"SharpLink.Generator","NamedType","Internal","global::SharpLink.Generator.FinalCodecAutoLayoutHazardDescriptor",5,0,0,0,0,""
"src/SharpLink.Generator/RpcGenerator.FinalCodecPlan.Models.cs",162,"SharpLink.Generator","NamedType","Internal","global::SharpLink.Generator.FinalCodecAutoLayoutDiagnosticModel",9,0,0,0,0,""
"src/SharpLink.Generator/RpcGenerator.FinalCodecPlan.Models.cs",168,"SharpLink.Generator","NamedType","Internal","global::SharpLink.Generator.FinalCodecGraph",26,0,0,0,0,""
"src/SharpLink.Generator/RpcGenerator.FinalCodecPlan.Models.cs",172,"SharpLink.Generator","Property","Internal","Plans",22,0,0,0,0,""
"src/SharpLink.Generator/RpcGenerator.FinalCodecPlan.Models.cs",173,"SharpLink.Generator","Property","Internal","RootTypes",2,0,0,0,0,""
"src/SharpLink.Generator/RpcGenerator.FinalCodecPlan.Physical.cs",7,"SharpLink.Generator","Method","Private","ResolveUnsafeBlitCodecPlan",2,0,0,0,0,""
"src/SharpLink.Generator/RpcGenerator.FinalCodecPlan.Physical.cs",22,"SharpLink.Generator","Method","Private","ResolvePhysicalLayout",5,0,0,0,0,""
"src/SharpLink.Generator/RpcGenerator.FinalCodecPlan.Physical.cs",146,"SharpLink.Generator","Method","Private","GetEffectiveStructLayout",1,0,0,0,0,""
"src/SharpLink.Generator/RpcGenerator.FinalCodecPlan.Physical.cs",182,"SharpLink.Generator","Method","Private","GetInlineArrayLength",1,0,0,0,0,""
"src/SharpLink.Generator/RpcGenerator.FinalCodecPlan.Physical.cs",195,"SharpLink.Generator","Method","Private","GetFieldOffset",1,0,0,0,0,""
"src/SharpLink.Generator/RpcGenerator.FinalCodecPlan.Physical.cs",208,"SharpLink.Generator","Method","Private","TryGetFixedBufferElement",1,0,0,0,0,""
"src/SharpLink.Generator/RpcGenerator.FinalCodecPlan.Physical.cs",225,"SharpLink.Generator","Method","Private","TryGetPhysicalPrimitive",1,0,0,0,0,""
"src/SharpLink.Generator/RpcGenerator.FinalCodecPlan.Physical.cs",282,"SharpLink.Generator","Method","Private","GetFunctionPointerSemanticIdentity",1,0,0,0,0,""
"src/SharpLink.Generator/RpcGenerator.FinalCodecPlan.Physical.cs",306,"SharpLink.Generator","Method","Private","GetPhysicalPlanSortKey",3,0,0,0,0,""
"src/SharpLink.Generator/RpcGenerator.FinalCodecPlan.Selection.cs",7,"SharpLink.Generator","Method","Private","ResolveFinalCodecPlan",8,0,0,0,0,""
"src/SharpLink.Generator/RpcGenerator.FinalCodecPlan.Selection.cs",155,"SharpLink.Generator","Method","Private","TryResolvePolicyCodecPlan",1,0,0,0,0,""
"src/SharpLink.Generator/RpcGenerator.FinalCodecPlan.Selection.cs",231,"SharpLink.Generator","Method","Private","CreateCustomCodecModel",1,0,0,0,0,""
"src/SharpLink.Generator/RpcGenerator.FinalCodecPlan.Selection.cs",257,"SharpLink.Generator","Method","Private","IsExternAliasOnlyImplementation",2,0,0,0,0,""
"src/SharpLink.Generator/RpcGenerator.FinalCodecPlan.Selection.cs",284,"SharpLink.Generator","Method","Private","HasCodecPolicyCandidate",7,0,0,0,0,""
"src/SharpLink.Generator/RpcGenerator.FinalCodecPlan.Selection.cs",318,"SharpLink.Generator","Method","Private","HasCompositeCodecPolicyCandidate",1,0,0,0,0,""
"src/SharpLink.Generator/RpcGenerator.FinalCodecPlan.Selection.cs",327,"SharpLink.Generator","Method","Private","ResolveGeneratedCodecPlan",2,0,0,0,0,""
"src/SharpLink.Generator/RpcGenerator.FinalCodecPlan.Selection.cs",346,"SharpLink.Generator","Method","Private","ResolveGeneratedDtoPlan",1,0,0,0,0,""
"src/SharpLink.Generator/RpcGenerator.FinalCodecPlan.Selection.cs",438,"SharpLink.Generator","Method","Private","ResolveGeneratedCollectionPlan",1,0,0,0,0,""
"src/SharpLink.Generator/RpcGenerator.FinalCodecPlan.Selection.cs",482,"SharpLink.Generator","Method","Private","TryResolveBuiltinCollectionPlan",1,0,0,0,0,""
"src/SharpLink.Generator/RpcGenerator.FinalCodecPlan.Selection.cs",542,"SharpLink.Generator","Method","Private","GetResolvedFixedMemberSemantic",1,0,0,0,0,""
"src/SharpLink.Generator/RpcGenerator.FinalCodecPlan.Selection.cs",575,"SharpLink.Generator","Method","Private","GetEnumDeclarationSemanticIdentity",3,0,0,0,0,""
"src/SharpLink.Generator/RpcGenerator.FinalCodecPlan.Selection.cs",593,"SharpLink.Generator","Method","Private","HasExactBuiltinNullableCodecElement",2,0,0,0,0,""
"src/SharpLink.Generator/RpcGenerator.FinalCodecPlan.Selection.cs",596,"SharpLink.Generator","Method","Private","TryGetFrameworkScalarSemantic",1,0,0,0,0,""
"src/SharpLink.Generator/RpcGenerator.FinalCodecPlan.Selection.cs",645,"SharpLink.Generator","Method","Private","TryGetReferencedGeneratedCodecHash",1,0,0,0,0,""
"src/SharpLink.Generator/RpcGenerator.FinalCodecPlan.Selection.cs",689,"SharpLink.Generator","Method","Private","HasCurrentGeneratedAbiIdentity",1,0,0,0,0,""
"src/SharpLink.Generator/RpcGenerator.FinalCodecPlan.Selection.cs",705,"SharpLink.Generator","Method","Private","GetRequiredOpaqueSemanticIdentity",2,0,0,0,0,""
"src/SharpLink.Generator/RpcGenerator.FinalCodecPlan.Selection.cs",723,"SharpLink.Generator","Method","Private","TryResolveReachableType",6,0,0,0,0,""
"src/SharpLink.Generator/RpcGenerator.FinalCodecPlan.Selection.cs",740,"SharpLink.Generator","Method","Private","GetCustomCodecTargetLogicalIdentity",1,0,0,0,0,""
"src/SharpLink.Generator/RpcGenerator.FinalCodecPlan.Selection.cs",754,"SharpLink.Generator","Method","Internal","GetFinalCodecPlanDependencies",3,0,0,0,0,""
"src/SharpLink.Generator/RpcGenerator.GeneratedUtf16HelperEmitter.cs",5,"SharpLink.Generator","Method","Private","AppendGeneratedUtf16Helper",1,0,0,0,0,""
"src/SharpLink.Generator/RpcGenerator.GenericContractAnalysis.cs",5,"SharpLink.Generator","Method","Private","GetInvalidGenericUsage",1,0,0,0,0,""
"src/SharpLink.Generator/RpcGenerator.GenericContractAnalysis.cs",38,"SharpLink.Generator","Method","Private","HasGenericContainingType",2,0,0,0,0,""
"src/SharpLink.Generator/RpcGenerator.GenericContractAnalysis.cs",48,"SharpLink.Generator","Method","Private","HasTypeParameter",16,0,0,0,0,""
"src/SharpLink.Generator/RpcGenerator.ManifestEmitter.cs",5,"SharpLink.Generator","Field","Private","GeneratedAbiIdentity",3,0,0,0,0,""
"src/SharpLink.Generator/RpcGenerator.ManifestEmitter.cs",6,"SharpLink.Generator","Method","Private","GenerateAssemblyManifest",1,0,0,0,0,""
"src/SharpLink.Generator/RpcGenerator.ManifestEmitter.cs",128,"SharpLink.Generator","Method","Private","AppendContractArtifactFactories",1,0,0,0,0,""
"src/SharpLink.Generator/RpcGenerator.ManifestEmitter.cs",142,"SharpLink.Generator","Method","Private","AppendIdentifiedCodecFactory",1,0,0,0,0,""
"src/SharpLink.Generator/RpcGenerator.ManifestEmitter.cs",165,"SharpLink.Generator","Method","Private","AppendContractManifestArray",1,0,0,0,0,""
"src/SharpLink.Generator/RpcGenerator.ManifestEmitter.cs",196,"SharpLink.Generator","Method","Private","AppendServiceManifestArray",1,0,0,0,0,""
"src/SharpLink.Generator/RpcGenerator.ManifestEmitter.cs",222,"SharpLink.Generator","Method","Private","AppendCodecManifestArray",1,0,0,0,0,""
"src/SharpLink.Generator/RpcGenerator.ManifestEmitter.cs",231,"SharpLink.Generator","Method","Private","AppendContractCodecManifestArray",1,0,0,0,0,""
"src/SharpLink.Generator/RpcGenerator.ManifestEmitter.cs",242,"SharpLink.Generator","Method","Private","AppendIdentifiedCodecFactoryRegistration",2,0,0,0,0,""
"src/SharpLink.Generator/RpcGenerator.ManifestEmitter.cs",246,"SharpLink.Generator","Method","Private","BuildCompileTimeDescriptor",1,0,0,0,0,""
"src/SharpLink.Generator/RpcGenerator.ManifestEmitter.cs",264,"SharpLink.Generator","Method","Private","GetContractModels",2,0,0,0,0,""
"src/SharpLink.Generator/RpcGenerator.ManifestEmitter.cs",271,"SharpLink.Generator","Method","Private","GetServiceModels",2,0,0,0,0,""
"src/SharpLink.Generator/RpcGenerator.ManifestEmitter.cs",279,"SharpLink.Generator","Method","Private","GetManifestTypeName",2,0,0,0,0,""
"src/SharpLink.Generator/RpcGenerator.ManifestEmitter.cs",296,"SharpLink.Generator","Method","Private","RemoveGlobalPrefix",26,0,0,0,0,""
"src/SharpLink.Generator/RpcGenerator.MethodAnalysis.cs",5,"SharpLink.Generator","Method","Private","GetInvalidRpcMethodDiagnostics",1,0,0,0,0,""
"src/SharpLink.Generator/RpcGenerator.MethodAnalysis.cs",79,"SharpLink.Generator","Method","Private","GetInvalidCancellationTokenMethods",1,0,0,0,0,""
"src/SharpLink.Generator/RpcGenerator.MethodAnalysis.cs",103,"SharpLink.Generator","Method","Private","GetInvalidControlParameterOrderMethods",1,0,0,0,0,""
"src/SharpLink.Generator/RpcGenerator.MethodAnalysis.cs",128,"SharpLink.Generator","Method","Private","HasInvalidRpcMethodShape",1,0,0,0,0,""
"src/SharpLink.Generator/RpcGenerator.MethodAnalysis.cs",147,"SharpLink.Generator","Method","Private","IsValidOnewayReturnType",2,0,0,0,0,""
"src/SharpLink.Generator/RpcGenerator.MethodAnalysis.cs",157,"SharpLink.Generator","Method","Private","HasByReferenceSignature",2,0,0,0,0,""
"src/SharpLink.Generator/RpcGenerator.MethodAnalysis.cs",161,"SharpLink.Generator","Method","Private","HasInvalidMethodAttributes",1,0,0,0,0,""
"src/SharpLink.Generator/RpcGenerator.MethodAnalysis.cs",178,"SharpLink.Generator","Method","Private","ContainsPointerOrFunctionPointer",4,0,0,0,0,""
"src/SharpLink.Generator/RpcGenerator.MethodSemantics.cs",5,"SharpLink.Generator","Method","Private","IsCancellationTokenParameter",12,0,0,0,0,""
"src/SharpLink.Generator/RpcGenerator.MethodSemantics.cs",8,"SharpLink.Generator","Method","Private","HasValidControlParameterOrder",1,0,0,0,0,""
"src/SharpLink.Generator/RpcGenerator.MethodSemantics.cs",12,"SharpLink.Generator","Method","Private","InheritsIService",13,0,0,0,0,""
"src/SharpLink.Generator/RpcGenerator.MethodSemantics.cs",15,"SharpLink.Generator","Method","Private","GetContractMethods",13,0,0,0,0,""
"src/SharpLink.Generator/RpcGenerator.MethodSemantics.cs",40,"SharpLink.Generator","Method","Private","HasSameContractSignature",2,0,0,0,0,""
"src/SharpLink.Generator/RpcGenerator.MethodSemantics.cs",63,"SharpLink.Generator","Method","Private","GetConflictingInheritedRpcSignatures",2,0,0,0,0,""
"src/SharpLink.Generator/RpcGenerator.MethodSemantics.cs",122,"SharpLink.Generator","Method","Private","HasCompatibleInheritedRpcSemantics",1,0,0,0,0,""
"src/SharpLink.Generator/RpcGenerator.MethodSemantics.cs",144,"SharpLink.Generator","Method","Private","GetInheritedRpcPolicy",2,0,0,0,0,""
"src/SharpLink.Generator/RpcGenerator.MethodSemantics.cs",193,"SharpLink.Generator","NamedType","Private","global::SharpLink.Generator.RpcGenerator.InheritedRpcPolicy",5,0,0,0,0,""
"src/SharpLink.Generator/RpcGenerator.MethodSemantics.cs",200,"SharpLink.Generator","NamedType","Private","global::SharpLink.Generator.RpcGenerator.InheritedRpcSignatureGroup",3,0,0,0,0,""
"src/SharpLink.Generator/RpcGenerator.MethodSemantics.cs",206,"SharpLink.Generator","Method","Private","IsIService",6,0,0,0,0,""
"src/SharpLink.Generator/RpcGenerator.MethodSemantics.cs",210,"SharpLink.Generator","Method","Private","IsRpcServiceAttribute",3,0,0,0,0,""
"src/SharpLink.Generator/RpcGenerator.MethodSemantics.cs",214,"SharpLink.Generator","Method","Private","IsOnewayAttribute",3,0,0,0,0,""
"src/SharpLink.Generator/RpcGenerator.MethodSemantics.cs",218,"SharpLink.Generator","Method","Private","IsTimeoutAttribute",3,0,0,0,0,""
"src/SharpLink.Generator/RpcGenerator.MethodSemantics.cs",222,"SharpLink.Generator","Method","Private","IsIdempotentAttribute",1,0,0,0,0,""
"src/SharpLink.Generator/RpcGenerator.MethodSemantics.cs",226,"SharpLink.Generator","Method","Private","IsNonCancellableAttribute",3,0,0,0,0,""
"src/SharpLink.Generator/RpcGenerator.MethodSemantics.cs",230,"SharpLink.Generator","Method","Private","GetTimeoutTicksOrNull",1,0,0,0,0,""
"src/SharpLink.Generator/RpcGenerator.MethodSemantics.cs",251,"SharpLink.Generator","Method","Private","TryGetTimeoutSeconds",4,0,0,0,0,""
"src/SharpLink.Generator/RpcGenerator.MethodSemantics.cs",276,"SharpLink.Generator","Method","Private","TryValidateTimeoutSeconds",2,0,0,0,0,""
"src/SharpLink.Generator/RpcGenerator.MethodSemantics.cs",279,"SharpLink.Generator","Method","Private","TryNormalizeTimeoutSeconds",3,0,0,0,0,""
"src/SharpLink.Generator/RpcGenerator.Models.cs",3,"SharpLink.Generator","NamedType","Internal","global::SharpLink.Generator.RpcServiceModel",23,0,0,0,0,""
"src/SharpLink.Generator/RpcGenerator.Models.cs",13,"SharpLink.Generator","NamedType","Internal","global::SharpLink.Generator.RpcConstructorParameterModel",4,0,0,0,0,""
"src/SharpLink.Generator/RpcGenerator.Models.cs",15,"SharpLink.Generator","NamedType","Internal","global::SharpLink.Generator.RpcInterfaceModel",51,0,0,0,0,""
"src/SharpLink.Generator/RpcGenerator.Models.cs",25,"SharpLink.Generator","NamedType","Internal","global::SharpLink.Generator.RpcMethodModel",40,0,0,0,0,""
"src/SharpLink.Generator/RpcGenerator.Models.cs",51,"SharpLink.Generator","Property","Internal","ReturnsValueTask",4,0,0,0,0,""
"src/SharpLink.Generator/RpcGenerator.Models.cs",56,"SharpLink.Generator","NamedType","Internal","global::SharpLink.Generator.RpcParameterModel",29,0,0,0,0,""
"src/SharpLink.Generator/RpcGenerator.Models.cs",72,"SharpLink.Generator","NamedType","Internal","global::SharpLink.Generator.InvalidRpcMethodModel",15,0,0,0,0,""
"src/SharpLink.Generator/RpcGenerator.Models.cs",77,"SharpLink.Generator","NamedType","Internal","global::SharpLink.Generator.InvalidRpcMethodKind",14,0,0,0,0,""
"src/SharpLink.Generator/RpcGenerator.Models.cs",79,"SharpLink.Generator","Field","Public","ReturnType",1,0,0,0,0,"Enum/protocol identity"
"src/SharpLink.Generator/RpcGenerator.Models.cs",80,"SharpLink.Generator","Field","Public","Timeout",2,0,0,0,0,"Enum/protocol identity"
"src/SharpLink.Generator/RpcGenerator.Models.cs",81,"SharpLink.Generator","Field","Public","ByReference",2,0,0,0,0,"Enum/protocol identity"
"src/SharpLink.Generator/RpcGenerator.Models.cs",82,"SharpLink.Generator","Field","Public","Static",2,0,0,0,0,"Enum/protocol identity"
"src/SharpLink.Generator/RpcGenerator.Models.cs",83,"SharpLink.Generator","Field","Public","ContractMember",2,0,0,0,0,"Enum/protocol identity"
"src/SharpLink.Generator/RpcGenerator.Models.cs",84,"SharpLink.Generator","Field","Public","OnewayReturn",2,0,0,0,0,"Enum/protocol identity"
"src/SharpLink.Generator/RpcGenerator.Models.cs",85,"SharpLink.Generator","Field","Public","InheritedSignatureConflict",2,0,0,0,0,"Enum/protocol identity"
"src/SharpLink.Generator/RpcGenerator.Models.cs",87,"SharpLink.Generator","NamedType","Internal","global::SharpLink.Generator.InvalidCancellationTokenMethodModel",6,0,0,0,0,""
"src/SharpLink.Generator/RpcGenerator.Models.cs",88,"SharpLink.Generator","NamedType","Internal","global::SharpLink.Generator.InvalidControlParameterOrderModel",5,0,0,0,0,""
"src/SharpLink.Generator/RpcGenerator.Models.cs",89,"SharpLink.Generator","NamedType","Internal","global::SharpLink.Generator.InvalidStreamCountMethodModel",6,0,0,0,0,""
"src/SharpLink.Generator/RpcGenerator.Models.cs",90,"SharpLink.Generator","NamedType","Internal","global::SharpLink.Generator.NonCancellableRpcMethodModel",5,0,0,0,0,""
"src/SharpLink.Generator/RpcGenerator.Models.cs",91,"SharpLink.Generator","NamedType","Internal","global::SharpLink.Generator.StreamingWithoutCancellationModel",5,0,0,0,0,""
"src/SharpLink.Generator/RpcGenerator.Models.cs",92,"SharpLink.Generator","NamedType","Internal","global::SharpLink.Generator.ConflictingCancellationContractModel",5,0,0,0,0,""
"src/SharpLink.Generator/RpcGenerator.Models.cs",93,"SharpLink.Generator","NamedType","Internal","global::SharpLink.Generator.InvalidGenericUsageModel",7,0,0,0,0,""
"src/SharpLink.Generator/RpcGenerator.Models.cs",94,"SharpLink.Generator","NamedType","Internal","global::SharpLink.Generator.RpcContractDiagnosticModel",3,0,0,0,0,""
"src/SharpLink.Generator/RpcGenerator.Models.cs",98,"SharpLink.Generator","NamedType","Internal","global::SharpLink.Generator.RpcContractDiagnosticKind",4,0,0,0,0,""
"src/SharpLink.Generator/RpcGenerator.Models.cs",100,"SharpLink.Generator","Field","Public","Inheritance",1,0,0,0,0,"Enum/protocol identity"
"src/SharpLink.Generator/RpcGenerator.Models.cs",101,"SharpLink.Generator","Field","Public","Accessibility",2,0,0,0,0,"Enum/protocol identity"
"src/SharpLink.Generator/RpcGenerator.Models.cs",103,"SharpLink.Generator","NamedType","Internal","global::SharpLink.Generator.RpcServiceDiagnosticModel",8,0,0,0,0,""
"src/SharpLink.Generator/RpcGenerator.Models.cs",109,"SharpLink.Generator","NamedType","Internal","global::SharpLink.Generator.RpcServiceDiagnosticKind",11,0,0,0,0,""
"src/SharpLink.Generator/RpcGenerator.Models.cs",111,"SharpLink.Generator","Field","Public","MissingContract",2,0,0,0,0,"Enum/protocol identity"
"src/SharpLink.Generator/RpcGenerator.Models.cs",112,"SharpLink.Generator","Field","Public","MultipleContracts",2,0,0,0,0,"Enum/protocol identity"
"src/SharpLink.Generator/RpcGenerator.Models.cs",113,"SharpLink.Generator","Field","Public","InvalidType",2,0,0,0,0,"Enum/protocol identity"
"src/SharpLink.Generator/RpcGenerator.Models.cs",114,"SharpLink.Generator","Field","Public","InvalidConstructor",3,0,0,0,0,"Enum/protocol identity"
"src/SharpLink.Generator/RpcGenerator.Models.cs",115,"SharpLink.Generator","Field","Public","InvalidLifetime",1,0,0,0,0,"Enum/protocol identity"
"src/SharpLink.Generator/RpcGenerator.Models.cs",118,"SharpLink.Generator","NamedType","Internal","global::SharpLink.Generator.StaticRouteConflictModel",6,0,0,0,0,""
"src/SharpLink.Generator/RpcGenerator.Models.cs",126,"SharpLink.Generator","NamedType","Internal","global::SharpLink.Generator.ReferencedManifestBootstrapModel",5,0,0,0,0,""
"src/SharpLink.Generator/RpcGenerator.Models.cs",131,"SharpLink.Generator","NamedType","Internal","global::SharpLink.Generator.RpcUnionModel",6,0,0,0,0,""
"src/SharpLink.Generator/RpcGenerator.Models.cs",136,"SharpLink.Generator","NamedType","Internal","global::SharpLink.Generator.RpcUnionCaseModel",3,0,0,0,0,""
"src/SharpLink.Generator/RpcGenerator.Models.cs",142,"SharpLink.Generator","NamedType","Internal","global::SharpLink.Generator.StaticRouteConflictKind",6,0,0,0,0,""
"src/SharpLink.Generator/RpcGenerator.Models.cs",144,"SharpLink.Generator","Field","Public","Contract",1,0,0,0,0,"Enum/protocol identity"
"src/SharpLink.Generator/RpcGenerator.Models.cs",145,"SharpLink.Generator","Field","Public","Method",2,0,0,0,0,"Enum/protocol identity"
"src/SharpLink.Generator/RpcGenerator.Models.cs",146,"SharpLink.Generator","Field","Public","Service",2,0,0,0,0,"Enum/protocol identity"
"src/SharpLink.Generator/RpcGenerator.Models.cs",149,"SharpLink.Generator","NamedType","Internal","global::SharpLink.Generator.GeneratedCodecKind",76,0,0,0,0,""
"src/SharpLink.Generator/RpcGenerator.Models.cs",152,"SharpLink.Generator","Field","Public","Dto",10,0,0,0,0,"Enum/protocol identity"
"src/SharpLink.Generator/RpcGenerator.Models.cs",154,"SharpLink.Generator","Field","Public","Array",6,0,0,0,0,"Enum/protocol identity"
"src/SharpLink.Generator/RpcGenerator.Models.cs",155,"SharpLink.Generator","Field","Public","List",7,0,0,0,0,"Enum/protocol identity"
"src/SharpLink.Generator/RpcGenerator.Models.cs",156,"SharpLink.Generator","Field","Public","Dictionary",11,0,0,0,0,"Enum/protocol identity"
"src/SharpLink.Generator/RpcGenerator.Models.cs",157,"SharpLink.Generator","Field","Public","Memory",5,0,0,0,0,"Enum/protocol identity"
"src/SharpLink.Generator/RpcGenerator.Models.cs",158,"SharpLink.Generator","Field","Public","ReadOnlyMemory",5,0,0,0,0,"Enum/protocol identity"
"src/SharpLink.Generator/RpcGenerator.Models.cs",159,"SharpLink.Generator","Field","Public","ImmutableArray",5,0,0,0,0,"Enum/protocol identity"
"src/SharpLink.Generator/RpcGenerator.Models.cs",160,"SharpLink.Generator","Field","Public","Nullable",6,0,0,0,0,"Enum/protocol identity"
"src/SharpLink.Generator/RpcGenerator.Models.cs",164,"SharpLink.Generator","NamedType","Internal","global::SharpLink.Generator.GeneratedMemberKind",78,0,0,0,0,""
"src/SharpLink.Generator/RpcGenerator.Models.cs",167,"SharpLink.Generator","Field","Public","NullableFixed",15,0,0,0,0,"Enum/protocol identity"
"src/SharpLink.Generator/RpcGenerator.Models.cs",169,"SharpLink.Generator","Field","Public","Complex",22,0,0,0,0,"Enum/protocol identity"
"src/SharpLink.Generator/RpcGenerator.Models.cs",172,"SharpLink.Generator","NamedType","Internal","global::SharpLink.Generator.GeneratedMemberModel",18,0,0,0,0,""
"src/SharpLink.Generator/RpcGenerator.Models.cs",189,"SharpLink.Generator","Property","Public","RequiresNullableCodecType",2,0,0,0,0,""
"src/SharpLink.Generator/RpcGenerator.Models.cs",192,"SharpLink.Generator","NamedType","Internal","global::SharpLink.Generator.GeneratedCodecModel",85,0,0,0,0,""
"src/SharpLink.Generator/RpcGenerator.Models.cs",210,"SharpLink.Generator","Property","Public","ElementIsString",2,0,0,0,0,""
"src/SharpLink.Generator/RpcGenerator.Models.cs",211,"SharpLink.Generator","Property","Public","CustomCodecSupportsConcreteDispatch",2,0,0,0,0,""
"src/SharpLink.Generator/RpcGenerator.Models.cs",212,"SharpLink.Generator","Property","Public","CodecHashHigh",13,0,0,0,0,""
"src/SharpLink.Generator/RpcGenerator.Models.cs",213,"SharpLink.Generator","Property","Public","CodecHashLow",13,0,0,0,0,""
"src/SharpLink.Generator/RpcGenerator.Models.cs",216,"SharpLink.Generator","NamedType","Internal","global::SharpLink.Generator.GeneratedCodecHashModel",19,0,0,0,0,""
"src/SharpLink.Generator/RpcGenerator.Models.cs",222,"SharpLink.Generator","NamedType","Internal","global::SharpLink.Generator.GeneratedUnsafeBlitRequirementModel",7,0,0,0,0,""
"src/SharpLink.Generator/RpcGenerator.Models.cs",227,"SharpLink.Generator","NamedType","Internal","global::SharpLink.Generator.RpcHashValue",63,0,0,0,0,""
"src/SharpLink.Generator/RpcGenerator.ProxyEmitter.cs",5,"SharpLink.Generator","Method","Private","GenerateProxy",1,0,0,0,0,""
"src/SharpLink.Generator/RpcGenerator.ProxyEmitter.cs",38,"SharpLink.Generator","Method","Private","GenerateProxyHelpers",1,0,0,0,0,""
"src/SharpLink.Generator/RpcGenerator.ProxyEmitter.cs",78,"SharpLink.Generator","Method","Private","AppendProxyClassBody",1,0,0,0,0,""
"src/SharpLink.Generator/RpcGenerator.ProxyEmitter.cs",113,"SharpLink.Generator","Method","Private","AppendProxyFields",1,0,0,0,0,""
"src/SharpLink.Generator/RpcGenerator.ProxyEmitter.cs",139,"SharpLink.Generator","Method","Private","AppendProxyMethod",1,0,0,0,0,""
"src/SharpLink.Generator/RpcGenerator.ProxyEmitter.cs",192,"SharpLink.Generator","Method","Private","GetUniqueGeneratedLocalName",2,0,0,0,0,""
"src/SharpLink.Generator/RpcGenerator.ProxyEmitter.cs",211,"SharpLink.Generator","Method","Private","AppendTaskLikeReturn",3,0,0,0,0,""
"src/SharpLink.Generator/RpcGenerator.ProxyEmitter.cs",233,"SharpLink.Generator","Method","Private","AppendGeneratedRequest",1,0,0,0,0,""
"src/SharpLink.Generator/RpcGenerator.ProxyEmitter.cs",343,"SharpLink.Generator","Method","Private","AppendGeneratedStreams",1,0,0,0,0,""
"src/SharpLink.Generator/RpcGenerator.ProxyEmitter.cs",388,"SharpLink.Generator","Method","Private","GetPayloadParameters",5,0,0,0,0,""
"src/SharpLink.Generator/RpcGenerator.ProxyEmitter.cs",393,"SharpLink.Generator","Method","Private","GetStreamParameters",7,0,0,0,0,""
"src/SharpLink.Generator/RpcGenerator.ProxyEmitter.cs",396,"SharpLink.Generator","Method","Private","GetResponseType",5,0,0,0,0,""
"src/SharpLink.Generator/RpcGenerator.ProxyEmitter.cs",399,"SharpLink.Generator","Method","Private","GetResponseCodecLookupType",4,0,0,0,0,""
"src/SharpLink.Generator/RpcGenerator.ProxyEmitter.cs",402,"SharpLink.Generator","Method","Private","GetMethodKind",5,0,0,0,0,""
"src/SharpLink.Generator/RpcGenerator.ProxyEmitter.cs",412,"SharpLink.Generator","Method","Private","GetMethodSuffix",11,0,0,0,0,""
"src/SharpLink.Generator/RpcGenerator.ProxyEmitter.cs",415,"SharpLink.Generator","Method","Private","GetRequestType",2,0,0,0,0,""
"src/SharpLink.Generator/RpcGenerator.ProxyEmitter.cs",418,"SharpLink.Generator","Method","Private","GetRequestCodecType",3,0,0,0,0,""
"src/SharpLink.Generator/RpcGenerator.ProxyEmitter.cs",421,"SharpLink.Generator","Method","Private","GetStreamsType",2,0,0,0,0,""
"src/SharpLink.Generator/RpcGenerator.ProxyEmitter.cs",424,"SharpLink.Generator","Method","Private","GetInlineSizeToken",3,0,0,0,0,""
"src/SharpLink.Generator/RpcGenerator.ReferenceAnalysis.cs",53,"SharpLink.Generator","Method","Private","AnalyzeStaticRouteConflicts",1,0,0,0,0,""
"src/SharpLink.Generator/RpcGenerator.ReferenceAnalysis.cs",144,"SharpLink.Generator","Method","Private","CollectStaticRouteModels",6,0,0,0,0,""
"src/SharpLink.Generator/RpcGenerator.ReferenceAnalysis.cs",206,"SharpLink.Generator","Method","Private","ResolveReferenceAssemblyNames",4,0,0,0,0,""
"src/SharpLink.Generator/RpcGenerator.ReferenceAnalysis.cs",225,"SharpLink.Generator","Method","Private","GetExplicitContractAssemblies",1,0,0,0,0,""
"src/SharpLink.Generator/RpcGenerator.ReferenceAnalysis.cs",254,"SharpLink.Generator","Method","Private","ReferencesSharpLinkSdk",2,0,0,0,0,""
"src/SharpLink.Generator/RpcGenerator.ReferenceAnalysis.cs",268,"SharpLink.Generator","Method","Private","CollectReferencedInterfaces",4,0,0,0,0,""
"src/SharpLink.Generator/RpcGenerator.ReferenceAnalysis.cs",305,"SharpLink.Generator","Method","Private","CollectReferencedServices",4,0,0,0,0,""
"src/SharpLink.Generator/RpcGenerator.ReferenceAnalysis.cs",363,"SharpLink.Generator","Method","Private","IsPubliclyReachableType",2,0,0,0,0,""
"src/SharpLink.Generator/RpcGenerator.ReferenceAnalysis.cs",366,"SharpLink.Generator","Method","Private","HasRpcContractAttribute",10,0,0,0,0,""
"src/SharpLink.Generator/RpcGenerator.ReferenceAnalysis.cs",369,"SharpLink.Generator","Method","Private","FindRpcContractInterface",1,0,0,0,0,""
"src/SharpLink.Generator/RpcGenerator.ReferenceAnalysis.cs",372,"SharpLink.Generator","Method","Private","IsAttribute",45,0,0,0,0,""
"src/SharpLink.Generator/RpcGenerator.ReferenceAnalysis.cs",381,"SharpLink.Generator","Method","Private","GetProxyHintName",1,0,0,0,0,""
"src/SharpLink.Generator/RpcGenerator.ReferenceAnalysis.cs",393,"SharpLink.Generator","Method","Private","GetStubHintName",1,0,0,0,0,""
"src/SharpLink.Generator/RpcGenerator.ReferenceAnalysis.cs",405,"SharpLink.Generator","Method","Private","GetProxyArtifactHintName",1,0,0,0,0,""
"src/SharpLink.Generator/RpcGenerator.ReferenceAnalysis.cs",417,"SharpLink.Generator","Method","Private","GetGeneratedContractName",1,0,0,0,0,""
"src/SharpLink.Generator/RpcGenerator.ReferencedManifestBootstrap.cs",5,"SharpLink.Generator","Field","Private","GeneratedAssemblyManifestAttributeMetadataName",2,0,0,0,0,""
"src/SharpLink.Generator/RpcGenerator.ReferencedManifestBootstrap.cs",8,"SharpLink.Generator","Method","Private","AnalyzeReferencedManifestBootstraps",1,0,0,0,0,""
"src/SharpLink.Generator/RpcGenerator.ReferencedManifestBootstrap.cs",65,"SharpLink.Generator","Method","Private","GenerateReferencedManifestBootstrap",1,0,0,0,0,""
"src/SharpLink.Generator/RpcGenerator.RpcIdentity.cs",5,"SharpLink.Generator","NamedType","Private","global::SharpLink.Generator.RpcGenerator.RpcAssemblyIdentityModel",3,0,0,0,0,""
"src/SharpLink.Generator/RpcGenerator.RpcIdentity.cs",9,"SharpLink.Generator","NamedType","Private","global::SharpLink.Generator.RpcGenerator.RpcContractIdentityModel",4,0,0,0,0,""
"src/SharpLink.Generator/RpcGenerator.RpcIdentity.cs",14,"SharpLink.Generator","NamedType","Private","global::SharpLink.Generator.RpcGenerator.RpcMethodIdentityModel",3,0,0,0,0,""
"src/SharpLink.Generator/RpcGenerator.RpcIdentity.cs",18,"SharpLink.Generator","Method","Private","BuildRpcAssemblyIdentity",1,0,0,0,0,""
"src/SharpLink.Generator/RpcGenerator.RpcIdentity.cs",48,"SharpLink.Generator","Method","Private","BuildContractIdentity",1,0,0,0,0,""
"src/SharpLink.Generator/RpcGenerator.RpcIdentity.cs",76,"SharpLink.Generator","Method","Private","BuildMethodHash",1,0,0,0,0,""
"src/SharpLink.Generator/RpcGenerator.RpcIdentity.cs",126,"SharpLink.Generator","Method","Private","GetRequiredCodecHash",2,0,0,0,0,""
"src/SharpLink.Generator/RpcGenerator.ServiceAnalysis.cs",5,"SharpLink.Generator","Method","Private","GetServiceModelOrNull",1,0,0,0,0,""
"src/SharpLink.Generator/RpcGenerator.ServiceAnalysis.cs",54,"SharpLink.Generator","Method","Private","SelectServiceConstructor",3,0,0,0,0,""
"src/SharpLink.Generator/RpcGenerator.ServiceAnalysis.cs",68,"SharpLink.Generator","Method","Private","IsServiceConstructorSupported",4,0,0,0,0,""
"src/SharpLink.Generator/RpcGenerator.ServiceAnalysis.cs",93,"SharpLink.Generator","Method","Private","GetRpcServiceDiagnosticOrNull",1,0,0,0,0,""
"src/SharpLink.Generator/RpcGenerator.ServiceAnalysis.cs",175,"SharpLink.Generator","Method","Private","GetServiceLifetime",4,0,0,0,0,""
"src/SharpLink.Generator/RpcGenerator.SharpPackIntegration.Analysis.cs",5,"SharpLink.Generator","NamedType","Private","global::SharpLink.Generator.RpcGenerator.SharpPackSidecarAnalysis",4,0,0,0,0,""
"src/SharpLink.Generator/RpcGenerator.SharpPackIntegration.Analysis.cs",8,"SharpLink.Generator","Field","Private","_sharpPackable",3,0,0,0,0,""
"src/SharpLink.Generator/RpcGenerator.SharpPackIntegration.Analysis.cs",9,"SharpLink.Generator","Field","Private","_formatterFactory",3,0,0,0,0,""
"src/SharpLink.Generator/RpcGenerator.SharpPackIntegration.Analysis.cs",10,"SharpLink.Generator","Field","Private","_contextFormatterFactory",3,0,0,0,0,""
"src/SharpLink.Generator/RpcGenerator.SharpPackIntegration.Analysis.cs",11,"SharpLink.Generator","Field","Private","_states",15,0,0,0,0,""
"src/SharpLink.Generator/RpcGenerator.SharpPackIntegration.Analysis.cs",12,"SharpLink.Generator","Field","Private","_sidecars",2,0,0,0,0,""
"src/SharpLink.Generator/RpcGenerator.SharpPackIntegration.Analysis.cs",16,"SharpLink.Generator","Method","Internal","SharpPackSidecarAnalysis",2,0,0,0,0,"Constructor/activation"
"src/SharpLink.Generator/RpcGenerator.SharpPackIntegration.Analysis.cs",25,"SharpLink.Generator","Method","Internal","AnalyzeRoot",2,0,0,0,0,""
"src/SharpLink.Generator/RpcGenerator.SharpPackIntegration.Analysis.cs",36,"SharpLink.Generator","Method","Internal","ToResult",2,0,0,0,0,""
"src/SharpLink.Generator/RpcGenerator.SharpPackIntegration.Analysis.cs",44,"SharpLink.Generator","Method","Private","AnalyzeType",5,0,0,0,0,""
"src/SharpLink.Generator/RpcGenerator.SharpPackIntegration.Analysis.cs",180,"SharpLink.Generator","Method","Private","TryBuildSidecar",1,0,0,0,0,""
"src/SharpLink.Generator/RpcGenerator.SharpPackIntegration.Analysis.cs",313,"SharpLink.Generator","Method","Private","TrySelectConstruction",1,0,0,0,0,""
"src/SharpLink.Generator/RpcGenerator.SharpPackIntegration.Analysis.cs",397,"SharpLink.Generator","Method","Private","HasExistingSharpPackSupport",1,0,0,0,0,""
"src/SharpLink.Generator/RpcGenerator.SharpPackIntegration.Analysis.cs",414,"SharpLink.Generator","Method","Private","IsSharpPackWellKnownManagedType",1,0,0,0,0,""
"src/SharpLink.Generator/RpcGenerator.SharpPackIntegration.Analysis.cs",417,"SharpLink.Generator","Method","Private","IsSharpPackKnownGenericType",1,0,0,0,0,""
"src/SharpLink.Generator/RpcGenerator.SharpPackIntegration.Analysis.cs",421,"SharpLink.Generator","Method","Private","GetMetadataName",2,0,0,0,0,""
"src/SharpLink.Generator/RpcGenerator.SharpPackIntegration.Analysis.cs",427,"SharpLink.Generator","Method","Private","ContainsTypeParameter",6,0,0,0,0,""
"src/SharpLink.Generator/RpcGenerator.SharpPackIntegration.Analysis.cs",437,"SharpLink.Generator","Method","Private","CanInitialize",3,0,0,0,0,""
"src/SharpLink.Generator/RpcGenerator.SharpPackIntegration.Analysis.cs",447,"SharpLink.Generator","Method","Private","FindMember",1,0,0,0,0,""
"src/SharpLink.Generator/RpcGenerator.SharpPackIntegration.Analysis.cs",461,"SharpLink.Generator","Method","Private","TryGetSharpPackOrder",2,0,0,0,0,""
"src/SharpLink.Generator/RpcGenerator.SharpPackIntegration.Analysis.cs",478,"SharpLink.Generator","Method","Private","HasSharpPackCustomFormatterAttribute",1,0,0,0,0,""
"src/SharpLink.Generator/RpcGenerator.SharpPackIntegration.Analysis.cs",481,"SharpLink.Generator","Method","Private","Fail",9,0,0,0,0,""
"src/SharpLink.Generator/RpcGenerator.SharpPackIntegration.cs",3,"SharpLink.Generator","NamedType","Internal","global::SharpLink.Generator.SharpPackSidecarMemberModel",7,0,0,0,0,""
"src/SharpLink.Generator/RpcGenerator.SharpPackIntegration.cs",9,"SharpLink.Generator","NamedType","Internal","global::SharpLink.Generator.SharpPackSidecarModel",12,0,0,0,0,""
"src/SharpLink.Generator/RpcGenerator.SharpPackIntegration.cs",16,"SharpLink.Generator","NamedType","Internal","global::SharpLink.Generator.SharpPackIntegrationDiagnosticModel",5,0,0,0,0,""
"src/SharpLink.Generator/RpcGenerator.SharpPackIntegration.cs",21,"SharpLink.Generator","NamedType","Internal","global::SharpLink.Generator.SharpPackIntegrationAnalysisResult",11,0,0,0,0,""
"src/SharpLink.Generator/RpcGenerator.SharpPackIntegration.cs",26,"SharpLink.Generator","Property","Internal","Empty",2,0,0,0,0,""
"src/SharpLink.Generator/RpcGenerator.SharpPackIntegration.cs",34,"SharpLink.Generator","Field","Private","SharpPackAdapterId",3,0,0,0,0,""
"src/SharpLink.Generator/RpcGenerator.SharpPackIntegration.cs",35,"SharpLink.Generator","Field","Private","SharpPackAdapterTypeName",3,0,0,0,0,""
"src/SharpLink.Generator/RpcGenerator.SharpPackIntegration.cs",38,"SharpLink.Generator","Field","Private","SharpPackWellKnownManagedTypes",2,0,0,0,0,""
"src/SharpLink.Generator/RpcGenerator.SharpPackIntegration.cs",51,"SharpLink.Generator","Field","Private","SharpPackKnownGenericTypes",2,0,0,0,0,""
"src/SharpLink.Generator/RpcGenerator.SharpPackIntegration.cs",123,"SharpLink.Generator","Method","Private","AnalyzeSharpPackIntegration",1,0,0,0,0,""
"src/SharpLink.Generator/RpcGenerator.SharpPackIntegration.cs",178,"SharpLink.Generator","Method","Private","AnalyzeSharpPackBindings",2,0,0,0,0,""
"src/SharpLink.Generator/RpcGenerator.SharpPackIntegration.cs",212,"SharpLink.Generator","Method","Private","IsSharpPackAdapter",1,0,0,0,0,""
"src/SharpLink.Generator/RpcGenerator.SharpPackIntegration.Diagnostics.cs",5,"SharpLink.Generator","Field","Private","UnsupportedSharpPackPayloadRule",1,0,0,0,0,""
"src/SharpLink.Generator/RpcGenerator.SharpPackIntegration.Emitter.cs",5,"SharpLink.Generator","Method","Private","GenerateSharpPackIntegration",1,0,0,0,0,""
"src/SharpLink.Generator/RpcGenerator.SharpPackIntegration.Emitter.cs",51,"SharpLink.Generator","Method","Private","GetSharpPackConfigurationIdentity",1,0,0,0,0,""
"src/SharpLink.Generator/RpcGenerator.SharpPackIntegration.Emitter.cs",64,"SharpLink.Generator","Method","Private","AppendSharpPackSidecar",1,0,0,0,0,""
"src/SharpLink.Generator/RpcGenerator.SharpPackIntegration.FinalBinding.cs",7,"SharpLink.Generator","Method","Internal","TryResolveSharpPackReachableType",1,0,0,0,0,""
"src/SharpLink.Generator/RpcGenerator.SharpPackIntegration.GeneratedDependencies.cs",5,"SharpLink.Generator","Field","Private","SharpPackGenerateTypeCollection",1,0,0,0,0,""
"src/SharpLink.Generator/RpcGenerator.SharpPackIntegration.GeneratedDependencies.cs",6,"SharpLink.Generator","Field","Private","SharpPackGenerateTypeNoGenerate",2,0,0,0,0,""
"src/SharpLink.Generator/RpcGenerator.SharpPackIntegration.GeneratedDependencies.cs",8,"SharpLink.Generator","NamedType","Private","global::SharpLink.Generator.RpcGenerator.SharpPackGeneratedDependency",5,0,0,0,0,""
"src/SharpLink.Generator/RpcGenerator.SharpPackIntegration.GeneratedDependencies.cs",13,"SharpLink.Generator","Method","Private","IsCurrentCompilationSharpPackGeneratedSupport",2,0,0,0,0,""
"src/SharpLink.Generator/RpcGenerator.SharpPackIntegration.GeneratedDependencies.cs",43,"SharpLink.Generator","Method","Private","GetCurrentCompilationSharpPackGeneratedDependencies",1,0,0,0,0,""
"src/SharpLink.Generator/RpcGenerator.SharpPackIntegration.GeneratedDependencies.cs",150,"SharpLink.Generator","Method","Private","TrySelectCurrentCompilationSharpPackExternalUnionFormatter",2,0,0,0,0,""
"src/SharpLink.Generator/RpcGenerator.SharpPackIntegration.GeneratedDependencies.cs",215,"SharpLink.Generator","Method","Private","EnumerateCurrentCompilationNamedTypes",4,0,0,0,0,""
"src/SharpLink.Generator/RpcGenerator.SharpPackIntegration.GeneratedDependencies.cs",249,"SharpLink.Generator","Method","Private","TryGetSharpPackUnionFormatterTarget",1,0,0,0,0,""
"src/SharpLink.Generator/RpcGenerator.SharpPackIntegration.GeneratedDependencies.cs",271,"SharpLink.Generator","Method","Private","IsSharpPackExternalUnionOpenPattern",1,0,0,0,0,""
"src/SharpLink.Generator/RpcGenerator.SharpPackIntegration.GeneratedDependencies.cs",278,"SharpLink.Generator","Method","Private","CanConstructSharpPackExternalUnionFormatter",1,0,0,0,0,""
"src/SharpLink.Generator/RpcGenerator.SharpPackIntegration.GeneratedDependencies.cs",298,"SharpLink.Generator","Method","Private","ResolveSharpPackExternalUnionTagType",1,0,0,0,0,""
"src/SharpLink.Generator/RpcGenerator.SharpPackIntegration.GeneratedDependencies.cs",325,"SharpLink.Generator","Method","Private","ResolveSharpPackExternalUnionTypeArgument",2,0,0,0,0,""
"src/SharpLink.Generator/RpcGenerator.SharpPackIntegration.GeneratedDependencies.cs",365,"SharpLink.Generator","Method","Private","SelectSharpPackCollectionContract",1,0,0,0,0,""
"src/SharpLink.Generator/RpcGenerator.SharpPackIntegration.GeneratedDependencies.cs",404,"SharpLink.Generator","Method","Private","TryGetCurrentCompilationSharpPackGenerateType",2,0,0,0,0,""
"src/SharpLink.Generator/RpcGenerator.SharpPackIntegration.GeneratedDependencies.cs",450,"SharpLink.Generator","Method","Private","GetSharpPackGeneratedSerializableMembers",1,0,0,0,0,""
"src/SharpLink.Generator/RpcGenerator.SharpPackIntegration.GeneratedDependencies.cs",498,"SharpLink.Generator","Method","Private","HasSharpPackMemberCustomFormatterAttribute",2,0,0,0,0,""
"src/SharpLink.Generator/RpcGenerator.SharpPackIntegration.Identity.cs",7,"SharpLink.Generator","Method","Private","ApplySharpPackSidecarCodecIdentities",1,0,0,0,0,""
"src/SharpLink.Generator/RpcGenerator.SharpPackIntegration.Identity.cs",45,"SharpLink.Generator","Method","Private","GetSharpPackSidecarWireIdentity",1,0,0,0,0,""
"src/SharpLink.Generator/RpcGenerator.SharpPackIntegration.MetadataSemantics.cs",5,"SharpLink.Generator","Method","Private","ValidateSharpPackSidecarMetadata",2,0,0,0,0,""
"src/SharpLink.Generator/RpcGenerator.SharpPackIntegration.MetadataSemantics.cs",19,"SharpLink.Generator","Method","Private","ValidateSharpPackSidecarMetadataCore",4,0,0,0,0,""
"src/SharpLink.Generator/RpcGenerator.SharpPackIntegration.MetadataSemantics.cs",134,"SharpLink.Generator","Method","Private","HasVerifiableSharpPackSupportForMetadataValidation",1,0,0,0,0,""
"src/SharpLink.Generator/RpcGenerator.SharpPackIntegration.MetadataSemantics.cs",171,"SharpLink.Generator","Method","Private","TryFindUnsupportedSharpPackSidecarMetadata",1,0,0,0,0,""
"src/SharpLink.Generator/RpcGenerator.SharpPackIntegration.MetadataSemantics.cs",262,"SharpLink.Generator","Method","Private","TryGetUnsupportedSharpPackableSetting",1,0,0,0,0,""
"src/SharpLink.Generator/RpcGenerator.SharpPackIntegration.MetadataSemantics.cs",309,"SharpLink.Generator","Method","Private","GetSharpPackCallbackAttributeName",1,0,0,0,0,""
"src/SharpLink.Generator/RpcGenerator.SharpPackIntegration.MetadataSemantics.cs",322,"SharpLink.Generator","Method","Private","GetSharpPackMetadataName",6,0,0,0,0,""
"src/SharpLink.Generator/RpcGenerator.SourceFormatting.cs",5,"SharpLink.Generator","Method","Private","GetContractArtifactIdentity",7,0,0,0,0,""
"src/SharpLink.Generator/RpcGenerator.SourceFormatting.cs",8,"SharpLink.Generator","Method","Private","GetHelperTypeReference",4,0,0,0,0,""
"src/SharpLink.Generator/RpcGenerator.SourceFormatting.cs",13,"SharpLink.Generator","Method","Private","Indent",2,0,0,0,0,""
"src/SharpLink.Generator/RpcGenerator.StreamingAnalysis.cs",5,"SharpLink.Generator","Method","Private","IsAsyncEnumerable",8,0,0,0,0,""
"src/SharpLink.Generator/RpcGenerator.StreamingAnalysis.cs",14,"SharpLink.Generator","Method","Private","GetInvalidStreamCountMethods",1,0,0,0,0,""
"src/SharpLink.Generator/RpcGenerator.StreamingAnalysis.cs",37,"SharpLink.Generator","Method","Private","IsStreamingMethod",2,0,0,0,0,""
"src/SharpLink.Generator/RpcGenerator.StubEmitter.cs",5,"SharpLink.Generator","Method","Private","GenerateStub",1,0,0,0,0,""
"src/SharpLink.Generator/RpcGenerator.StubEmitter.cs",37,"SharpLink.Generator","Method","Private","AppendStubClassBody",1,0,0,0,0,""
"src/SharpLink.Generator/RpcGenerator.StubEmitter.cs",137,"SharpLink.Generator","Method","Private","AppendStubResponseAwaitHelpers",1,0,0,0,0,""
"src/SharpLink.Generator/RpcGenerator.StubEmitter.cs",164,"SharpLink.Generator","Method","Private","AppendStubCodecFieldsAndConstructor",1,0,0,0,0,""
"src/SharpLink.Generator/RpcGenerator.StubEmitter.cs",231,"SharpLink.Generator","Method","Private","GetStubParameterCodecField",6,0,0,0,0,""
"src/SharpLink.Generator/RpcGenerator.StubEmitter.cs",234,"SharpLink.Generator","Method","Private","GetStubResponseCodecField",5,0,0,0,0,""
"src/SharpLink.Generator/RpcGenerator.StubEmitter.cs",237,"SharpLink.Generator","Method","Private","AppendCancellationSupport",1,0,0,0,0,""
"src/SharpLink.Generator/RpcGenerator.StubEmitter.cs",260,"SharpLink.Generator","Method","Private","AppendMethodDescriptors",1,0,0,0,0,""
"src/SharpLink.Generator/RpcGenerator.StubEmitter.cs",286,"SharpLink.Generator","Method","Private","AppendStubDispatchCases",2,0,0,0,0,""
"src/SharpLink.Generator/RpcGenerator.StubEmitter.cs",441,"SharpLink.Generator","Method","Private","AppendStubCompletedResponse",2,0,0,0,0,""
"src/SharpLink.Generator/RpcGenerator.StubEmitter.cs",451,"SharpLink.Generator","Method","Private","AppendSizeFieldsByType",1,0,0,0,0,""
"src/SharpLink.Generator/RpcGenerator.StubEmitter.cs",470,"SharpLink.Generator","Method","Private","GetSizeFieldNameByType",2,0,0,0,0,""
"src/SharpLink.Generator/RpcGenerator.StubEmitter.cs",488,"SharpLink.Generator","Method","Private","GetSizeToken",1,0,0,0,0,""
"src/SharpLink.Generator/RpcGenerator.StubEmitter.cs",496,"SharpLink.Generator","Method","Private","GetSizeExpression",2,0,0,0,0,""
"src/SharpLink.Generator/RpcGenerator.StubEmitter.cs",501,"SharpLink.Generator","Method","Private","IsBooleanType",5,0,0,0,0,""
"src/SharpLink.Generator/RpcGenerator.StubEmitter.cs",504,"SharpLink.Generator","Method","Private","TryGetConstantSize",3,0,0,0,0,""
"src/SharpLink.Generator/RpcGenerator.SymbolAnalysis.cs",5,"SharpLink.Generator","Method","Private","IsAccessibleFromGeneratedCode",4,0,0,0,0,""
"src/SharpLink.Generator/RpcGenerator.SymbolAnalysis.cs",20,"SharpLink.Generator","Method","Private","ContainsRefLikeType",6,0,0,0,0,""
"src/SharpLink.Generator/RpcGenerator.UnionCodecEmitter.cs",5,"SharpLink.Generator","Method","Private","AppendUnionCodec",1,0,0,0,0,""
"src/SharpLink.Generator/RpcGenerator.UnionCodecIdentity.cs",7,"SharpLink.Generator","Method","Private","HashUnionPlan",1,0,0,0,0,""
"src/SharpLink.Generator/RpcGenerator.UnionCodecPlan.cs",7,"SharpLink.Generator","Field","Private","UnionWireSemantic",3,0,0,0,0,""
"src/SharpLink.Generator/RpcGenerator.UnionCodecPlan.cs",9,"SharpLink.Generator","Method","Private","HasNativeUnionDeclaration",2,0,0,0,0,""
"src/SharpLink.Generator/RpcGenerator.UnionCodecPlan.cs",23,"SharpLink.Generator","Method","Private","IsRuntimeCompatibleUnionCase",1,0,0,0,0,""
"src/SharpLink.Generator/RpcGenerator.UnionCodecPlan.cs",34,"SharpLink.Generator","Method","Private","ResolveNativeUnionCodecPlan",1,0,0,0,0,""
"src/SharpLink.Generator/RpcGenerator.UnionCodecPlan.cs",242,"SharpLink.Generator","Method","Private","ResolveNativeUnionCaseCodecPlan",1,0,0,0,0,""
"src/SharpLink.Generator/RpcGenerator.UnionCodecPlan.cs",266,"SharpLink.Generator","Method","Private","GetUnionCaseLogicalIdentity",1,0,0,0,0,""
"src/SharpLink.Generator/RpcGenerator.UnionCodecPlan.cs",273,"SharpLink.Generator","NamedType","Private","global::SharpLink.Generator.RpcGenerator.DtoAnalysisState.NativeUnionCase",10,0,0,0,0,""
"src/SharpLink.Generator/RpcGenerator.UnsafeBlitCompatibilityDiagnostic.cs",5,"SharpLink.Generator","Field","Private","ImplicitUnsafeBlitAutoLayoutRule",1,0,0,0,0,""
"src/SharpLink.Generator/RpcGenerator.UnsafeBlitRequirements.cs",5,"SharpLink.Generator","Method","Private","BuildUnsafeBlitRequirements",1,0,0,0,0,""
"src/SharpLink.Generator/RpcGenerator.UnsafeBlitRequirements.cs",19,"SharpLink.Generator","Method","Private","RequiresDateTimeOffsetRawAbi",4,0,0,0,0,""
"src/SharpLink.Generator/RpcGenerator.UnsafeBlitRequirementsEmitter.cs",5,"SharpLink.Generator","Method","Private","GenerateUnsafeBlitRequirements",1,0,0,0,0,""
"src/SharpLink.Hosting/AnonymousPipeAllocatorAccessor.cs",5,"SharpLink.Hosting","NamedType","Internal","global::SharpLink.Hosting.AnonymousPipeAllocatorAccessor",1,0,0,0,0,""
"src/SharpLink.Hosting/AnonymousPipeAllocatorAccessor.cs",7,"SharpLink.Hosting","Property","Public","AnonymousPipeAllocator",1,0,0,0,0,""
"src/SharpLink.Hosting/IAnonymousPipeAllocatorAccessor.cs",6,"SharpLink.Hosting","NamedType","Public","global::SharpLink.Hosting.IAnonymousPipeAllocatorAccessor",2,0,0,0,0,""
"src/SharpLink.Hosting/ISharpLinkClientAccessor.cs",4,"SharpLink.Hosting","NamedType","Public","global::SharpLink.Hosting.ISharpLinkClientAccessor",3,0,1,0,1,""
"src/SharpLink.Hosting/ISharpLinkClientAccessor.cs",9,"SharpLink.Hosting","Method","Public","GetClientAsync",1,0,10,0,1,"Interface contract"
"src/SharpLink.Hosting/ISharpLinkMultiClusterClientAccessor.cs",4,"SharpLink.Hosting","NamedType","Public","global::SharpLink.Hosting.ISharpLinkMultiClusterClientAccessor",2,0,0,0,0,""
"src/SharpLink.Hosting/SharpLinkClientAccessor.cs",3,"SharpLink.Hosting","NamedType","Internal","global::SharpLink.Hosting.SharpLinkClientAccessor",3,0,11,0,0,""
"src/SharpLink.Hosting/SharpLinkClientAccessor.cs",5,"SharpLink.Hosting","Field","Private","_gate",7,0,0,0,0,""
"src/SharpLink.Hosting/SharpLinkClientAccessor.cs",6,"SharpLink.Hosting","Field","Private","_ready",8,0,0,0,0,""
"src/SharpLink.Hosting/SharpLinkClientAccessor.cs",7,"SharpLink.Hosting","Field","Private","_client",18,0,0,0,0,""
"src/SharpLink.Hosting/SharpLinkClientAccessor.cs",8,"SharpLink.Hosting","Field","Private","_stopped",10,0,0,0,0,""
"src/SharpLink.Hosting/SharpLinkClientAccessor.cs",31,"SharpLink.Hosting","Method","Public","SetClient",2,0,4,0,0,""
"src/SharpLink.Hosting/SharpLinkClientAccessor.cs",47,"SharpLink.Hosting","Method","Public","Fail",2,0,0,0,0,""
"src/SharpLink.Hosting/SharpLinkClientAccessor.cs",58,"SharpLink.Hosting","Method","Public","Stop",4,0,3,0,0,""
"src/SharpLink.Hosting/SharpLinkClientAccessor.cs",68,"SharpLink.Hosting","Method","Private","CreateUnavailableException",5,0,0,0,0,""
"src/SharpLink.Hosting/SharpLinkClientHostedService.cs",3,"SharpLink.Hosting","NamedType","Internal","global::SharpLink.Hosting.SharpLinkClientHostedService",1,0,10,0,0,""
"src/SharpLink.Hosting/SharpLinkClientHostedService.cs",8,"SharpLink.Hosting","Field","Private","_lifecycleGate",6,0,0,0,0,""
"src/SharpLink.Hosting/SharpLinkClientHostedService.cs",10,"SharpLink.Hosting","Field","Private","_stopTask",8,0,0,0,0,""
"src/SharpLink.Hosting/SharpLinkClientHostedService.cs",57,"SharpLink.Hosting","Method","Private","StopCoreAsync",3,0,0,0,0,""
"src/SharpLink.Hosting/SharpLinkClientHostedService.cs",86,"SharpLink.Hosting","Method","Public","DisposeAsync",2,0,1,0,0,"Entrypoint/lifecycle"
"src/SharpLink.Hosting/SharpLinkClientHostedService.cs",93,"SharpLink.Hosting","Method","Private","DisposeCoreAsync",2,0,0,0,0,""
"src/SharpLink.Hosting/SharpLinkClientHostedService.cs",100,"SharpLink.Hosting","NamedType","Private","global::SharpLink.Hosting.SharpLinkClientHostedService.DuplicateStartException",2,0,0,0,0,""
"src/SharpLink.Hosting/SharpLinkHealthChecks.cs",4,"SharpLink.Hosting","NamedType","Public","global::SharpLink.Hosting.ISharpLinkServerReadiness",3,0,1,0,0,""
"src/SharpLink.Hosting/SharpLinkHealthChecks.cs",7,"SharpLink.Hosting","Property","Public","Status",1,0,4,0,0,"Interface contract"
"src/SharpLink.Hosting/SharpLinkHealthChecks.cs",10,"SharpLink.Hosting","NamedType","Internal","global::SharpLink.Hosting.SharpLinkServerReadiness",3,0,8,0,0,""
"src/SharpLink.Hosting/SharpLinkHealthChecks.cs",12,"SharpLink.Hosting","Field","Private","_server",7,0,0,0,0,""
"src/SharpLink.Hosting/SharpLinkHealthChecks.cs",17,"SharpLink.Hosting","Method","Internal","Publish",1,0,0,0,0,""
"src/SharpLink.Hosting/SharpLinkHealthChecks.cs",23,"SharpLink.Hosting","Method","Internal","Clear",2,0,0,0,0,""
"src/SharpLink.Hosting/SharpLinkHealthChecks.cs",29,"SharpLink.Hosting","NamedType","Public","global::SharpLink.Hosting.SharpLinkServerHealthCheck",1,0,2,0,0,""
"src/SharpLink.Hosting/SharpLinkHealthChecks.cs",31,"SharpLink.Hosting","Field","Private","SReady",1,0,0,0,0,""
"src/SharpLink.Hosting/SharpLinkHealthChecks.cs",33,"SharpLink.Hosting","Field","Private","SDraining",1,0,0,0,0,""
"src/SharpLink.Hosting/SharpLinkHealthChecks.cs",35,"SharpLink.Hosting","Field","Private","SUnhealthy",1,0,0,0,0,""
"src/SharpLink.Hosting/SharpLinkHealthChecks.cs",57,"SharpLink.Hosting","NamedType","Public","global::SharpLink.Hosting.SharpLinkRemoteHealthCheck",1,0,2,0,0,""
"src/SharpLink.Hosting/SharpLinkHealthChecks.cs",82,"SharpLink.Hosting","Method","Private","MapResult",1,0,0,0,0,""
"src/SharpLink.Hosting/SharpLinkMultiClusterClientAccessor.cs",3,"SharpLink.Hosting","NamedType","Internal","global::SharpLink.Hosting.SharpLinkMultiClusterClientAccessor",3,0,3,0,0,""
"src/SharpLink.Hosting/SharpLinkMultiClusterClientAccessor.cs",65,"SharpLink.Hosting","Method","Private","Unavailable",3,0,0,0,0,""
"src/SharpLink.Hosting/SharpLinkMultiClusterClientHostedService.cs",3,"SharpLink.Hosting","NamedType","Internal","global::SharpLink.Hosting.SharpLinkMultiClusterClientHostedService",1,0,5,0,0,""
"src/SharpLink.Hosting/SharpLinkMultiClusterClientHostedService.cs",102,"SharpLink.Hosting","NamedType","Private","global::SharpLink.Hosting.SharpLinkMultiClusterClientHostedService.DuplicateStartException",2,0,0,0,0,""
"src/SharpLink.Hosting/SharpLinkServerHostedService.cs",5,"SharpLink.Hosting","NamedType","Internal","global::SharpLink.Hosting.SharpLinkServerHostedService",3,0,13,0,0,""
"src/SharpLink.Hosting/SharpLinkServerHostedService.cs",12,"SharpLink.Hosting","Field","Private","_stopGate",2,0,0,0,0,""
"src/SharpLink.Hosting/SharpLinkServerHostedService.cs",14,"SharpLink.Hosting","Field","Private","_terminalObserver",3,0,0,0,0,""
"src/SharpLink.Hosting/SharpLinkServerHostedService.cs",16,"SharpLink.Hosting","Field","Private","_stopRequested",4,0,0,0,0,""
"src/SharpLink.Hosting/SharpLinkServerHostedService.cs",58,"SharpLink.Hosting","Method","Private","ObserveTerminalAsync",1,0,0,0,0,""
"src/SharpLink.Hosting/SharpLinkServerHostedService.cs",127,"SharpLink.Hosting","Method","Private","AddFailure",4,0,0,0,0,""
"src/SharpLink.Runtime/ArrayBufferWriterExtensions.cs",8,"SharpLink.Runtime","Method","Private","WriteHeaderCore",2,0,0,0,0,""
"src/SharpLink.Runtime/ArrayBufferWriterExtensions.cs",23,"SharpLink.Runtime","Method","Public","WritePacket",2,0,7,4,0,""
"src/SharpLink.Runtime/ArrayBufferWriterExtensions.cs",34,"SharpLink.Runtime","Method","Public","BeginPacketScope",21,0,17,5,0,""
"src/SharpLink.Runtime/ArrayBufferWriterExtensions.cs",40,"SharpLink.Runtime","Method","Public","BeginPacket",11,0,1,0,0,""
"src/SharpLink.Runtime/ArrayBufferWriterExtensions.cs",43,"SharpLink.Runtime","Method","Public","EndPacket",12,0,1,0,0,""
"src/SharpLink.Runtime/BufferWriterPool.cs",4,"SharpLink.Runtime","NamedType","Public","global::SharpLink.Runtime.SharpLinkBufferWriterPool",10,0,39,8,0,""
"src/SharpLink.Runtime/BufferWriterPool.cs",6,"SharpLink.Runtime","Field","Private","_pool",4,0,0,0,0,""
"src/SharpLink.Runtime/BufferWriterPool.cs",7,"SharpLink.Runtime","Field","Private","_initialCapacity",3,0,0,0,0,""
"src/SharpLink.Runtime/BufferWriterPool.cs",8,"SharpLink.Runtime","Field","Private","_maxPooledWriters",2,0,0,0,0,""
"src/SharpLink.Runtime/BufferWriterPool.cs",9,"SharpLink.Runtime","Field","Private","_maxRetainedCapacityBytes",2,0,0,0,0,""
"src/SharpLink.Runtime/BufferWriterPool.cs",10,"SharpLink.Runtime","Field","Private","_pooledCount",4,0,0,0,0,""
"src/SharpLink.Runtime/BufferWriterPool.cs",13,"SharpLink.Runtime","Property","Public","InitialCapacity",3,0,14,2,0,""
"src/SharpLink.Runtime/BufferWriterPool.cs",17,"SharpLink.Runtime","Method","Public","SharpLinkBufferWriterPool",1,0,33,2,0,"Constructor/activation"
"src/SharpLink.Runtime/BufferWriterPool.cs",27,"SharpLink.Runtime","Method","Public","Rent",15,0,105,19,0,""
"src/SharpLink.Runtime/BufferWriterPool.cs",37,"SharpLink.Runtime","Method","Private","RentCore",2,0,0,0,0,""
"src/SharpLink.Runtime/BufferWriterPool.cs",51,"SharpLink.Runtime","Method","Public","Return",74,0,13,7,0,""
"src/SharpLink.Runtime/BufferWriterPool.cs",85,"SharpLink.Runtime","Method","Public","Dispose",51,0,44,19,0,"Entrypoint/lifecycle"
"src/SharpLink.Runtime/BufferWriterPool.cs",93,"SharpLink.Runtime","Method","Private","DrainRetainedWriters",2,0,0,0,0,""
"src/SharpLink.Runtime/BufferWriterPoolOptions.cs",4,"SharpLink.Runtime","NamedType","Public","global::SharpLink.Runtime.BufferWriterPoolOptions",12,0,36,3,0,""
"src/SharpLink.Runtime/BufferWriterPoolOptions.cs",7,"SharpLink.Runtime","Field","Public","MaximumRetainedCapacityBytes",2,0,2,1,0,""
"src/SharpLink.Runtime/BufferWriterPoolOptions.cs",10,"SharpLink.Runtime","Field","Public","MaximumConfiguredRetainedBytes",2,0,0,0,0,""
"src/SharpLink.Runtime/BufferWriterPoolOptions.cs",16,"SharpLink.Runtime","Property","Public","MaxPooledWriters",5,0,7,2,0,""
"src/SharpLink.Runtime/BufferWriterPoolOptions.cs",19,"SharpLink.Runtime","Property","Public","MaxRetainedCapacityBytes",6,0,8,2,0,""
"src/SharpLink.Runtime/BufferWriterPoolOptions.cs",22,"SharpLink.Runtime","Method","Public","Validate",35,0,36,0,0,""
"src/SharpLink.Runtime/BufferWriterPoolOptions.cs",38,"SharpLink.Runtime","Method","Public","CloneValidated",20,0,6,0,0,""
"src/SharpLink.Runtime/Codec/BoolCodec.cs",3,"SharpLink.Runtime","NamedType","Internal","global::SharpLink.Runtime.BoolCodec",2,0,0,0,0,""
"src/SharpLink.Runtime/Codec/BoolCodec.cs",5,"SharpLink.Runtime","Field","Internal","Instance",43,0,56,2,0,""
"src/SharpLink.Runtime/Codec/BoolCodec.cs",6,"SharpLink.Runtime","Field","Private","Size",295,0,0,0,0,""
"src/SharpLink.Runtime/Codec/BoolCodec.cs",15,"SharpLink.Runtime","Method","Public","Deserialize",2,0,14,0,0,""
"src/SharpLink.Runtime/Codec/BoolCodec.cs",30,"SharpLink.Runtime","NamedType","Internal","global::SharpLink.Runtime.NullableBoolCodec",2,0,0,0,0,""
"src/SharpLink.Runtime/Codec/BoolCodec.cs",38,"SharpLink.Runtime","Field","Private","NullTag",2,0,0,0,0,""
"src/SharpLink.Runtime/Codec/ByteCodec.cs",3,"SharpLink.Runtime","NamedType","Internal","global::SharpLink.Runtime.ByteCodec",2,0,0,0,0,""
"src/SharpLink.Runtime/Codec/ByteCodec.cs",23,"SharpLink.Runtime","NamedType","Internal","global::SharpLink.Runtime.NullableByteCodec",2,0,0,0,0,""
"src/SharpLink.Runtime/Codec/CharCodec.cs",3,"SharpLink.Runtime","NamedType","Internal","global::SharpLink.Runtime.CharCodec",2,0,0,0,0,""
"src/SharpLink.Runtime/Codec/CharCodec.cs",30,"SharpLink.Runtime","NamedType","Internal","global::SharpLink.Runtime.NullableCharCodec",2,0,0,0,0,""
"src/SharpLink.Runtime/Codec/CodecHelpers.cs",5,"SharpLink.Runtime","NamedType","Internal","global::SharpLink.Runtime.CodecHelpers",158,0,8,0,0,""
"src/SharpLink.Runtime/Codec/CodecHelpers.cs",8,"SharpLink.Runtime","Field","Private","MaxStackBufferBytes",1,0,0,0,0,""
"src/SharpLink.Runtime/Codec/CodecHelpers.cs",9,"SharpLink.Runtime","Field","Private","DateTimeOffsetCollectionElementSize",9,0,0,0,0,""
"src/SharpLink.Runtime/Codec/CodecHelpers.cs",11,"SharpLink.Runtime","Method","Public","EnsureAvailable",1,0,0,0,0,""
"src/SharpLink.Runtime/Codec/CodecHelpers.cs",22,"SharpLink.Runtime","Method","Public","EnsureExactSize",58,0,2,0,0,""
"src/SharpLink.Runtime/Codec/CodecHelpers.cs",33,"SharpLink.Runtime","Method","Public","ReadNullablePresence",48,0,0,0,0,""
"src/SharpLink.Runtime/Codec/CodecHelpers.cs",64,"SharpLink.Runtime","Method","Public","ReadInt32",5,0,1,0,0,""
"src/SharpLink.Runtime/Codec/CodecHelpers.cs",76,"SharpLink.Runtime","Method","Public","ReadUnmanaged<T>",6,0,0,0,0,""
"src/SharpLink.Runtime/Codec/CodecHelpers.cs",107,"SharpLink.Runtime","Method","Public","GetValidatedCollectionByteCount<T>",3,0,0,0,0,""
"src/SharpLink.Runtime/Codec/CodecHelpers.cs",137,"SharpLink.Runtime","Method","Public","EnsureSerializablePayloadLength",7,0,0,0,0,""
"src/SharpLink.Runtime/Codec/CodecHelpers.cs",143,"SharpLink.Runtime","Method","Public","CreateDateOnly",4,0,0,0,0,""
"src/SharpLink.Runtime/Codec/CodecHelpers.cs",155,"SharpLink.Runtime","Method","Public","CreateDateTimeOffset",3,0,1,0,0,""
"src/SharpLink.Runtime/Codec/CodecHelpers.cs",167,"SharpLink.Runtime","Method","Private","CreateDateTimeOffsetFromUtcTicks",1,0,0,0,0,""
"src/SharpLink.Runtime/Codec/CodecHelpers.cs",185,"SharpLink.Runtime","Method","Public","ValidateTimeOnly",5,0,0,0,0,""
"src/SharpLink.Runtime/Codec/CodecHelpers.cs",192,"SharpLink.Runtime","Method","Public","ValidateRune",5,0,0,0,0,""
"src/SharpLink.Runtime/Codec/CodecHelpers.cs",199,"SharpLink.Runtime","Method","Public","ValidateDecimal",5,0,2,0,0,""
"src/SharpLink.Runtime/Codec/CodecHelpers.cs",211,"SharpLink.Runtime","Method","Private","ValidateInvalidDecimal",1,0,0,0,0,""
"src/SharpLink.Runtime/Codec/CodecHelpers.cs",227,"SharpLink.Runtime","Method","Public","ValidateBlitElements<T>",3,0,2,0,0,""
"src/SharpLink.Runtime/Codec/CodecHelpers.cs",281,"SharpLink.Runtime","Method","Public","WriteDateTimeOffsetBlitPayload",5,0,0,0,0,""
"src/SharpLink.Runtime/Codec/CodecHelpers.cs",303,"SharpLink.Runtime","Method","Public","ReadDateTimeOffsetCollection",3,0,0,0,0,""
"src/SharpLink.Runtime/Codec/CodecHelpers.cs",316,"SharpLink.Runtime","Method","Public","ReadDateTimeOffsetList",1,0,0,0,0,""
"src/SharpLink.Runtime/Codec/CodecHelpers.cs",332,"SharpLink.Runtime","Method","Private","GetValidatedDateTimeOffsetCollectionLength",2,0,0,0,0,""
"src/SharpLink.Runtime/Codec/CodecHelpers.cs",358,"SharpLink.Runtime","Method","Private","ReadDateTimeOffsetCollectionPayload",2,0,0,0,0,""
"src/SharpLink.Runtime/Codec/CodecHelpers.cs",398,"SharpLink.Runtime","Method","Private","ReadDateTimeOffsetCollectionElement",3,0,0,0,0,""
"src/SharpLink.Runtime/Codec/CodecHelpers.cs",409,"SharpLink.Runtime","Method","Public","ReadRequiredDateTimeOffsetCollection",2,0,0,0,0,""
"src/SharpLink.Runtime/Codec/CodecHelpers.cs",414,"SharpLink.Runtime","Method","Public","WriteInt32",13,0,0,0,0,""
"src/SharpLink.Runtime/Codec/DateOnlyCodec.cs",3,"SharpLink.Runtime","NamedType","Internal","global::SharpLink.Runtime.DateOnlyCodec",2,0,0,0,0,""
"src/SharpLink.Runtime/Codec/DateOnlyCodec.cs",35,"SharpLink.Runtime","NamedType","Internal","global::SharpLink.Runtime.NullableDateOnlyCodec",2,0,0,0,0,""
"src/SharpLink.Runtime/Codec/DateTimeCodec.cs",3,"SharpLink.Runtime","NamedType","Internal","global::SharpLink.Runtime.DateTimeCodec",5,0,0,0,0,""
"src/SharpLink.Runtime/Codec/DateTimeCodec.cs",22,"SharpLink.Runtime","Method","Internal","ValidateRaw",4,0,0,0,0,""
"src/SharpLink.Runtime/Codec/DateTimeCodec.cs",32,"SharpLink.Runtime","NamedType","Internal","global::SharpLink.Runtime.NullableDateTimeCodec",2,0,0,0,0,""
"src/SharpLink.Runtime/Codec/DateTimeOffsetCodec.cs",3,"SharpLink.Runtime","NamedType","Internal","global::SharpLink.Runtime.DateTimeOffsetCodec",2,0,0,0,0,""
"src/SharpLink.Runtime/Codec/DateTimeOffsetCodec.cs",46,"SharpLink.Runtime","NamedType","Internal","global::SharpLink.Runtime.NullableDateTimeOffsetCodec",2,0,0,0,0,""
"src/SharpLink.Runtime/Codec/DecimalCodec.cs",3,"SharpLink.Runtime","NamedType","Internal","global::SharpLink.Runtime.DecimalCodec",2,0,0,0,0,""
"src/SharpLink.Runtime/Codec/DecimalCodec.cs",32,"SharpLink.Runtime","NamedType","Internal","global::SharpLink.Runtime.NullableDecimalCodec",2,0,0,0,0,""
"src/SharpLink.Runtime/Codec/DoubleCodec.cs",3,"SharpLink.Runtime","NamedType","Internal","global::SharpLink.Runtime.DoubleCodec",2,0,0,0,0,""
"src/SharpLink.Runtime/Codec/DoubleCodec.cs",23,"SharpLink.Runtime","NamedType","Internal","global::SharpLink.Runtime.NullableDoubleCodec",2,0,1,0,0,""
"src/SharpLink.Runtime/Codec/EnumCodec.cs",4,"SharpLink.Runtime","NamedType","Internal","global::SharpLink.Runtime.EnumCodec<T>",3,0,2,0,0,""
"src/SharpLink.Runtime/Codec/EnumCodec.cs",9,"SharpLink.Runtime","Method","Private","EnumCodec",1,0,0,0,0,"Constructor/activation"
"src/SharpLink.Runtime/Codec/EnumCodec.cs",35,"SharpLink.Runtime","Method","Private","ValidateSize",1,0,0,0,0,""
"src/SharpLink.Runtime/Codec/FloatCodec.cs",3,"SharpLink.Runtime","NamedType","Internal","global::SharpLink.Runtime.FloatCodec",2,0,0,0,0,""
"src/SharpLink.Runtime/Codec/FloatCodec.cs",28,"SharpLink.Runtime","NamedType","Internal","global::SharpLink.Runtime.NullableFloatCodec",2,0,1,0,0,""
"src/SharpLink.Runtime/Codec/GuidCodec.cs",3,"SharpLink.Runtime","NamedType","Internal","global::SharpLink.Runtime.GuidCodec",2,0,0,0,0,""
"src/SharpLink.Runtime/Codec/GuidCodec.cs",28,"SharpLink.Runtime","NamedType","Internal","global::SharpLink.Runtime.NullableGuidCodec",2,0,1,0,0,""
"src/SharpLink.Runtime/Codec/HalfCodec.cs",3,"SharpLink.Runtime","NamedType","Internal","global::SharpLink.Runtime.HalfCodec",2,0,0,0,0,""
"src/SharpLink.Runtime/Codec/HalfCodec.cs",30,"SharpLink.Runtime","NamedType","Internal","global::SharpLink.Runtime.NullableHalfCodec",2,0,0,0,0,""
"src/SharpLink.Runtime/Codec/IndexCodec.cs",3,"SharpLink.Runtime","NamedType","Internal","global::SharpLink.Runtime.IndexCodec",2,0,0,0,0,""
"src/SharpLink.Runtime/Codec/IndexCodec.cs",29,"SharpLink.Runtime","NamedType","Internal","global::SharpLink.Runtime.NullableIndexCodec",2,0,0,0,0,""
"src/SharpLink.Runtime/Codec/Int128Codec.cs",3,"SharpLink.Runtime","NamedType","Internal","global::SharpLink.Runtime.Int128Codec",2,0,0,0,0,""
"src/SharpLink.Runtime/Codec/Int128Codec.cs",30,"SharpLink.Runtime","NamedType","Internal","global::SharpLink.Runtime.NullableInt128Codec",2,0,0,0,0,""
"src/SharpLink.Runtime/Codec/Int16Codec.cs",3,"SharpLink.Runtime","NamedType","Internal","global::SharpLink.Runtime.Int16Codec",2,0,0,0,0,""
"src/SharpLink.Runtime/Codec/Int16Codec.cs",29,"SharpLink.Runtime","NamedType","Internal","global::SharpLink.Runtime.NullableInt16Codec",2,0,0,0,0,""
"src/SharpLink.Runtime/Codec/Int32Codec.cs",3,"SharpLink.Runtime","NamedType","Internal","global::SharpLink.Runtime.Int32Codec",2,0,40,0,0,""
"src/SharpLink.Runtime/Codec/Int32Codec.cs",30,"SharpLink.Runtime","NamedType","Internal","global::SharpLink.Runtime.NullableInt32Codec",2,0,0,0,0,""
"src/SharpLink.Runtime/Codec/Int64Codec.cs",3,"SharpLink.Runtime","NamedType","Internal","global::SharpLink.Runtime.Int64Codec",2,0,0,0,0,""
"src/SharpLink.Runtime/Codec/Int64Codec.cs",30,"SharpLink.Runtime","NamedType","Internal","global::SharpLink.Runtime.NullableInt64Codec",2,0,0,0,0,""
"src/SharpLink.Runtime/Codec/RangeCodec.cs",3,"SharpLink.Runtime","NamedType","Internal","global::SharpLink.Runtime.RangeCodec",2,0,0,0,0,""
"src/SharpLink.Runtime/Codec/RangeCodec.cs",30,"SharpLink.Runtime","NamedType","Internal","global::SharpLink.Runtime.NullableRangeCodec",2,0,0,0,0,""
"src/SharpLink.Runtime/Codec/RpcCodecProvider.cs",6,"SharpLink.Runtime","NamedType","Internal","global::SharpLink.Runtime.RpcCodecProvider",9,0,5,0,0,""
"src/SharpLink.Runtime/Codec/RpcCodecProvider.cs",8,"SharpLink.Runtime","Field","Private","_resolver",4,0,0,0,0,""
"src/SharpLink.Runtime/Codec/RpcCodecProvider.cs",9,"SharpLink.Runtime","Field","Private","_resolvedCodecs",15,0,0,0,0,""
"src/SharpLink.Runtime/Codec/RpcCodecProvider.cs",10,"SharpLink.Runtime","Field","Private","_explicitCodecTypes",2,0,0,0,0,""
"src/SharpLink.Runtime/Codec/RpcCodecProvider.cs",11,"SharpLink.Runtime","Field","Private","_generatedRegistrationSnapshot",9,0,0,0,0,""
"src/SharpLink.Runtime/Codec/RpcCodecProvider.cs",12,"SharpLink.Runtime","Field","Private","_disposed",56,0,0,0,0,""
"src/SharpLink.Runtime/Codec/RpcCodecProvider.cs",14,"SharpLink.Runtime","Method","Internal","RpcCodecProvider",1,0,5,0,0,"Constructor/activation"
"src/SharpLink.Runtime/Codec/RpcCodecProvider.cs",60,"SharpLink.Runtime","Method","Private","ResolveCodec<T>",1,0,0,0,0,""
"src/SharpLink.Runtime/Codec/RpcCodecProvider.cs",179,"SharpLink.Runtime","Method","Private","ThrowIfDisposed",13,0,0,0,0,""
"src/SharpLink.Runtime/Codec/RpcCodecProvider.cs",183,"SharpLink.Runtime","Method","Private","IsCurrentRegistration",6,0,0,0,0,""
"src/SharpLink.Runtime/Codec/RpcCodecProvider.cs",192,"SharpLink.Runtime","Method","Private","RemoveResolvedCodec",5,0,0,0,0,""
"src/SharpLink.Runtime/Codec/RpcCodecProvider.cs",196,"SharpLink.Runtime","Method","Private","RemoveCandidateAndThrowIfDisposed",2,0,0,0,0,""
"src/SharpLink.Runtime/Codec/RpcCodecProvider.cs",208,"SharpLink.Runtime","Method","Private","Cast<T>",14,0,0,0,0,""
"src/SharpLink.Runtime/Codec/RpcCodecProvider.cs",212,"SharpLink.Runtime","Method","Internal","CreateGeneratedRegistrationSnapshot",2,0,0,0,0,""
"src/SharpLink.Runtime/Codec/RpcCodecProvider.cs",215,"SharpLink.Runtime","Method","Internal","PublishGeneratedRegistrations",1,0,0,0,0,""
"src/SharpLink.Runtime/Codec/RpcCodecProvider.cs",236,"SharpLink.Runtime","Method","Internal","RemoveResolvedCodecs",1,0,0,0,0,""
"src/SharpLink.Runtime/Codec/RpcCodecProvider.cs",260,"SharpLink.Runtime","NamedType","Private","global::SharpLink.Runtime.RpcCodecProvider.ResolvedCodec",25,0,0,0,0,""
"src/SharpLink.Runtime/Codec/RpcCodecProvider.cs",267,"SharpLink.Runtime","Property","Internal","Codec",12,0,0,0,0,""
"src/SharpLink.Runtime/Codec/RpcCodecProvider.cs",268,"SharpLink.Runtime","Property","Internal","Registration",6,0,0,0,0,""
"src/SharpLink.Runtime/Codec/RpcCodecProvider.cs",269,"SharpLink.Runtime","Property","Internal","SnapshotIdentity",2,0,0,0,0,""
"src/SharpLink.Runtime/Codec/RpcCodecProvider.cs",270,"SharpLink.Runtime","Property","Internal","IsExplicit",7,0,0,0,0,""
"src/SharpLink.Runtime/Codec/RpcCodecProvider.cs",271,"SharpLink.Runtime","Property","Internal","IsFallback",3,0,0,0,0,""
"src/SharpLink.Runtime/Codec/RpcCodecProvider.cs",273,"SharpLink.Runtime","Method","Internal","Explicit",1,0,0,0,0,""
"src/SharpLink.Runtime/Codec/RpcCodecProvider.cs",276,"SharpLink.Runtime","Method","Internal","WithSnapshot",1,0,0,0,0,""
"src/SharpLink.Runtime/Codec/RpcCodecProvider.cs",280,"SharpLink.Runtime","NamedType","Private","global::SharpLink.Runtime.RpcCodecProvider.GeneratedRegistrationSnapshot",8,0,0,0,0,""
"src/SharpLink.Runtime/Codec/RpcCodecProvider.cs",283,"SharpLink.Runtime","Property","Internal","Identity",6,0,0,0,0,""
"src/SharpLink.Runtime/Codec/RpcCodecProvider.cs",284,"SharpLink.Runtime","Property","Internal","Registrations",4,0,0,0,0,""
"src/SharpLink.Runtime/Codec/RpcCodecProvider.cs",289,"SharpLink.Runtime","NamedType","Internal","global::SharpLink.Runtime.RpcGeneratedManifestRegistration",45,0,39,0,0,""
"src/SharpLink.Runtime/Codec/RpcCodecProvider.cs",291,"SharpLink.Runtime","Field","Private","_scopes",3,0,0,0,0,""
"src/SharpLink.Runtime/Codec/RpcCodecProvider.cs",292,"SharpLink.Runtime","Field","Private","_contractCodecProvider",2,0,0,0,0,""
"src/SharpLink.Runtime/Codec/RpcCodecProvider.cs",295,"SharpLink.Runtime","Method","Private","RpcGeneratedManifestRegistration",1,0,0,0,0,"Constructor/activation"
"src/SharpLink.Runtime/Codec/RpcCodecProvider.cs",309,"SharpLink.Runtime","Property","Internal","Manifest",44,0,8,0,0,""
"src/SharpLink.Runtime/Codec/RpcCodecProvider.cs",312,"SharpLink.Runtime","Property","Internal","ContractCodecs",3,0,1,0,0,""
"src/SharpLink.Runtime/Codec/RpcCodecProvider.cs",315,"SharpLink.Runtime","Property","Internal","Codecs",24,0,80,22,0,""
"src/SharpLink.Runtime/Codec/RpcCodecProvider.cs",317,"SharpLink.Runtime","Property","Internal","BaseProvider",3,0,0,0,0,""
"src/SharpLink.Runtime/Codec/RpcCodecProvider.cs",340,"SharpLink.Runtime","Method","Internal","Create",16,0,2,0,0,""
"src/SharpLink.Runtime/Codec/RpcCodecProvider.cs",446,"SharpLink.Runtime","Method","Private","ValidateFactory",1,0,0,0,0,""
"src/SharpLink.Runtime/Codec/RpcCodecProvider.cs",466,"SharpLink.Runtime","Method","Private","ValidateAdapter",1,0,0,0,0,""
"src/SharpLink.Runtime/Codec/RpcCodecProvider.cs",475,"SharpLink.Runtime","Method","Private","ValidateCodec",2,0,0,0,0,""
"src/SharpLink.Runtime/Codec/RpcCodecProvider.cs",504,"SharpLink.Runtime","NamedType","Private","global::SharpLink.Runtime.RpcGeneratedManifestRegistration.AdapterScopeRegistration",3,0,0,0,0,""
"src/SharpLink.Runtime/Codec/RpcCodecProvider.cs",508,"SharpLink.Runtime","NamedType","Internal","global::SharpLink.Runtime.RpcGeneratedManifestRegistration.OwnerBox",3,0,0,0,0,""
"src/SharpLink.Runtime/Codec/RpcCodecProvider.cs",510,"SharpLink.Runtime","Property","Internal","Value",2,0,0,0,0,""
"src/SharpLink.Runtime/Codec/RpcCodecProvider.cs",514,"SharpLink.Runtime","NamedType","Internal","global::SharpLink.Runtime.RpcGeneratedCodecRegistration",55,0,2,0,0,""
"src/SharpLink.Runtime/Codec/RpcCodecProvider.cs",516,"SharpLink.Runtime","Field","Private","_owner",17,0,0,0,0,""
"src/SharpLink.Runtime/Codec/RpcCodecProvider.cs",517,"SharpLink.Runtime","Field","Private","_adapterScope",3,0,0,0,0,""
"src/SharpLink.Runtime/Codec/RpcCodecProvider.cs",518,"SharpLink.Runtime","Field","Private","_resolutionScope",2,0,0,0,0,""
"src/SharpLink.Runtime/Codec/RpcCodecProvider.cs",519,"SharpLink.Runtime","Field","Private","_preparedCodec",2,0,0,0,0,""
"src/SharpLink.Runtime/Codec/RpcCodecProvider.cs",521,"SharpLink.Runtime","Method","Internal","RpcGeneratedCodecRegistration",1,0,0,0,0,"Constructor/activation"
"src/SharpLink.Runtime/Codec/RpcCodecProvider.cs",533,"SharpLink.Runtime","Property","Internal","Owner",16,0,0,0,0,""
"src/SharpLink.Runtime/Codec/RpcCodecProvider.cs",534,"SharpLink.Runtime","Property","Internal","Factory",21,0,0,0,0,""
"src/SharpLink.Runtime/Codec/RpcCodecProvider.cs",536,"SharpLink.Runtime","Method","Internal","PrepareAdapterCodec",2,0,0,0,0,""
"src/SharpLink.Runtime/Codec/RpcCodecProvider.cs",547,"SharpLink.Runtime","Method","Internal","GetCodec",3,0,0,0,0,""
"src/SharpLink.Runtime/Codec/RpcCodecProvider.cs",561,"SharpLink.Runtime","Method","Private","GetOwnerProvider",2,0,0,0,0,""
"src/SharpLink.Runtime/Codec/RpcCodecProvider.cs",574,"SharpLink.Runtime","NamedType","Internal","global::SharpLink.Runtime.SharedRpcCodec<T>",1,0,0,0,0,""
"src/SharpLink.Runtime/Codec/RpcCodecProvider.cs",586,"SharpLink.Runtime","NamedType","Internal","global::SharpLink.Runtime.BuiltinRpcCodecs",3,0,2,0,0,""
"src/SharpLink.Runtime/Codec/RpcCodecProvider.cs",588,"SharpLink.Runtime","Field","Private","Codecs",1,0,0,0,0,""
"src/SharpLink.Runtime/Codec/RpcCodecProvider.cs",590,"SharpLink.Runtime","Method","Public","TryGet",3,0,1,0,0,""
"src/SharpLink.Runtime/Codec/RpcCodecProvider.cs",643,"SharpLink.Runtime","Method","Private","Add<T>",36,0,0,0,0,""
"src/SharpLink.Runtime/Codec/RpcCodecProvider.cs",646,"SharpLink.Runtime","Method","Private","AddBlitCollections<T>",13,0,0,0,0,""
"src/SharpLink.Runtime/Codec/RpcManifestCodecProvider.cs",6,"SharpLink.Runtime","NamedType","Internal","global::SharpLink.Runtime.RpcGeneratedCodecResolutionScope",12,0,0,0,0,""
"src/SharpLink.Runtime/Codec/RpcManifestCodecProvider.cs",8,"SharpLink.Runtime","Field","Public","Global",1,0,0,0,0,"Enum/protocol identity"
"src/SharpLink.Runtime/Codec/RpcManifestCodecProvider.cs",9,"SharpLink.Runtime","Field","Public","Contract",6,0,0,0,0,"Enum/protocol identity"
"src/SharpLink.Runtime/Codec/RpcManifestCodecProvider.cs",13,"SharpLink.Runtime","NamedType","Public","global::SharpLink.Runtime.RpcGeneratedCodecResolver",7,0,19,0,0,""
"src/SharpLink.Runtime/Codec/RpcManifestCodecProvider.cs",15,"SharpLink.Runtime","Field","Private","ContractOwnerProviders",1,0,0,0,0,""
"src/SharpLink.Runtime/Codec/RpcManifestCodecProvider.cs",16,"SharpLink.Runtime","Field","Private","GlobalOwnerProviders",1,0,0,0,0,""
"src/SharpLink.Runtime/Codec/RpcManifestCodecProvider.cs",19,"SharpLink.Runtime","Method","Public","GetProvider",10,0,21,0,0,""
"src/SharpLink.Runtime/Codec/RpcManifestCodecProvider.cs",75,"SharpLink.Runtime","NamedType","Internal","global::SharpLink.Runtime.RpcManifestCodecProvider",4,0,0,0,0,""
"src/SharpLink.Runtime/Codec/RpcManifestCodecProvider.cs",78,"SharpLink.Runtime","Field","Private","_runtimeProvider",3,0,0,0,0,""
"src/SharpLink.Runtime/Codec/RpcManifestCodecProvider.cs",79,"SharpLink.Runtime","Field","Private","_scope",2,0,0,0,0,""
"src/SharpLink.Runtime/Codec/RpcManifestCodecProvider.cs",80,"SharpLink.Runtime","Field","Private","_resolved",1,0,0,0,0,""
"src/SharpLink.Runtime/Codec/RpcManifestCodecProvider.cs",82,"SharpLink.Runtime","Method","Internal","RpcManifestCodecProvider",2,0,0,0,0,"Constructor/activation"
"src/SharpLink.Runtime/Codec/RpcManifestCodecProvider.cs",141,"SharpLink.Runtime","Method","Private","ResolveOwned<T>",3,0,0,0,0,""
"src/SharpLink.Runtime/Codec/RpcManifestCodecProvider.cs",151,"SharpLink.Runtime","Method","Private","IsGeneratedDependencyAllowed",1,0,0,0,0,""
"src/SharpLink.Runtime/Codec/RpcManifestCodecProvider.cs",179,"SharpLink.Runtime","Method","Private","FindReferencedCodecDependency",1,0,0,0,0,""
"src/SharpLink.Runtime/Codec/RpcManifestCodecProvider.cs",193,"SharpLink.Runtime","Method","Private","ContainsBoundDependency",2,0,0,0,0,""
"src/SharpLink.Runtime/Codec/RpcManifestCodecProvider.cs",210,"SharpLink.Runtime","Method","Internal","IsTargetOwnedByDependency",3,0,0,0,0,""
"src/SharpLink.Runtime/Codec/RpcUnsafeBlitPlatform.cs",10,"SharpLink.Runtime","NamedType","Internal","global::SharpLink.Runtime.RpcUnsafeBlitPlatform",2,0,10,0,0,""
"src/SharpLink.Runtime/Codec/RpcUnsafeBlitPlatform.cs",12,"SharpLink.Runtime","Field","Private","SupportedNativePointerSize",2,0,0,0,0,""
"src/SharpLink.Runtime/Codec/RpcUnsafeBlitPlatform.cs",14,"SharpLink.Runtime","Field","Private","ReflectionFallbackSwitchName",2,0,0,0,0,""
"src/SharpLink.Runtime/Codec/RpcUnsafeBlitPlatform.cs",16,"SharpLink.Runtime","Field","Private","DateTimeOffsetRawAbiSupported",3,0,0,0,0,""
"src/SharpLink.Runtime/Codec/RpcUnsafeBlitPlatform.cs",21,"SharpLink.Runtime","Property","Internal","ReflectionFallbackEnabled",2,0,0,0,0,""
"src/SharpLink.Runtime/Codec/RpcUnsafeBlitPlatform.cs",28,"SharpLink.Runtime","Method","Internal","EnsureSupported",3,0,2,0,0,""
"src/SharpLink.Runtime/Codec/RpcUnsafeBlitPlatform.cs",55,"SharpLink.Runtime","Method","Internal","IsSupported",3,0,11,0,0,""
"src/SharpLink.Runtime/Codec/RpcUnsafeBlitPlatform.cs",88,"SharpLink.Runtime","Method","Private","EnsureSupportedByReflection",1,0,0,0,0,""
"src/SharpLink.Runtime/Codec/RpcUnsafeBlitPlatform.cs",109,"SharpLink.Runtime","Method","Private","IsSupportedByReflection",1,0,0,0,0,""
"src/SharpLink.Runtime/Codec/RpcUnsafeBlitPlatform.cs",119,"SharpLink.Runtime","Method","Private","ContainsRuntimeSizedMember",3,0,0,0,0,""
"src/SharpLink.Runtime/Codec/RpcUnsafeBlitPlatform.cs",139,"SharpLink.Runtime","Method","Private","ContainsDateTimeOffset",3,0,0,0,0,""
"src/SharpLink.Runtime/Codec/RpcUnsafeBlitPlatform.cs",156,"SharpLink.Runtime","Method","Private","IsRuntimeSizedIntrinsic",1,0,0,0,0,""
"src/SharpLink.Runtime/Codec/RpcUnsafeBlitPlatform.cs",160,"SharpLink.Runtime","Method","Private","ProbeDateTimeOffsetRawAbi",1,0,0,0,0,""
"src/SharpLink.Runtime/Codec/RpcWirePlatform.cs",6,"SharpLink.Runtime","Method","Internal","Initialize",3,0,0,0,0,"Attribute-discovered entrypoint"
"src/SharpLink.Runtime/Codec/RuneCodec.cs",5,"SharpLink.Runtime","NamedType","Internal","global::SharpLink.Runtime.RuneCodec",2,0,0,0,0,""
"src/SharpLink.Runtime/Codec/RuneCodec.cs",34,"SharpLink.Runtime","NamedType","Internal","global::SharpLink.Runtime.NullableRuneCodec",2,0,0,0,0,""
"src/SharpLink.Runtime/Codec/SByteCodec.cs",3,"SharpLink.Runtime","NamedType","Internal","global::SharpLink.Runtime.SByteCodec",2,0,0,0,0,""
"src/SharpLink.Runtime/Codec/SByteCodec.cs",23,"SharpLink.Runtime","NamedType","Internal","global::SharpLink.Runtime.NullableSByteCodec",2,0,0,0,0,""
"src/SharpLink.Runtime/Codec/StringCodec.cs",3,"SharpLink.Runtime","NamedType","Internal","global::SharpLink.Runtime.StringCodec",2,0,9,0,0,""
"src/SharpLink.Runtime/Codec/StringCodec.cs",6,"SharpLink.Runtime","Field","Private","CharSize",2,0,0,0,0,""
"src/SharpLink.Runtime/Codec/StructCodec.cs",6,"SharpLink.Runtime","NamedType","Internal","global::SharpLink.Runtime.UnsafeBlitCodec<T>",3,0,7,2,0,""
"src/SharpLink.Runtime/Codec/StructCodec.cs",10,"SharpLink.Runtime","Method","Private","UnsafeBlitCodec",1,0,0,0,0,"Constructor/activation"
"src/SharpLink.Runtime/Codec/StructCodec.cs",33,"SharpLink.Runtime","NamedType","Internal","global::SharpLink.Runtime.BlitArrayCodec<T>",5,0,1,0,0,""
"src/SharpLink.Runtime/Codec/StructCodec.cs",37,"SharpLink.Runtime","Method","Private","BlitArrayCodec",1,0,0,0,0,"Constructor/activation"
"src/SharpLink.Runtime/Codec/StructCodec.cs",107,"SharpLink.Runtime","Method","Private","ReadSlow",1,0,0,0,0,""
"src/SharpLink.Runtime/Codec/StructCodec.cs",122,"SharpLink.Runtime","Method","Internal","DeserializeRequired",2,0,0,0,0,""
"src/SharpLink.Runtime/Codec/StructCodec.cs",127,"SharpLink.Runtime","Method","Private","RequiresSemanticValidation",3,0,0,0,0,""
"src/SharpLink.Runtime/Codec/StructCodec.cs",133,"SharpLink.Runtime","NamedType","Internal","global::SharpLink.Runtime.BlitListCodec<T>",2,0,1,0,0,""
"src/SharpLink.Runtime/Codec/StructCodec.cs",137,"SharpLink.Runtime","Method","Private","BlitListCodec",1,0,0,0,0,"Constructor/activation"
"src/SharpLink.Runtime/Codec/StructCodec.cs",194,"SharpLink.Runtime","NamedType","Internal","global::SharpLink.Runtime.BlitMemoryCodec<T>",2,0,1,0,0,""
"src/SharpLink.Runtime/Codec/StructCodec.cs",198,"SharpLink.Runtime","Method","Private","BlitMemoryCodec",1,0,0,0,0,"Constructor/activation"
"src/SharpLink.Runtime/Codec/StructCodec.cs",227,"SharpLink.Runtime","NamedType","Internal","global::SharpLink.Runtime.BlitReadOnlyMemoryCodec<T>",2,0,1,0,0,""
"src/SharpLink.Runtime/Codec/StructCodec.cs",230,"SharpLink.Runtime","Method","Private","BlitReadOnlyMemoryCodec",1,0,0,0,0,"Constructor/activation"
"src/SharpLink.Runtime/Codec/StructCodec.cs",257,"SharpLink.Runtime","NamedType","Internal","global::SharpLink.Runtime.BlitImmutableArrayCodec<T>",2,0,1,0,0,""
"src/SharpLink.Runtime/Codec/StructCodec.cs",261,"SharpLink.Runtime","Method","Private","BlitImmutableArrayCodec",1,0,0,0,0,"Constructor/activation"
"src/SharpLink.Runtime/Codec/StructCodec.cs",299,"SharpLink.Runtime","NamedType","Internal","global::SharpLink.Runtime.DateTimeOffsetArrayCodec",2,0,2,0,0,""
"src/SharpLink.Runtime/Codec/StructCodec.cs",314,"SharpLink.Runtime","NamedType","Internal","global::SharpLink.Runtime.DateTimeOffsetListCodec",2,0,2,0,0,""
"src/SharpLink.Runtime/Codec/StructCodec.cs",329,"SharpLink.Runtime","NamedType","Internal","global::SharpLink.Runtime.DateTimeOffsetMemoryCodec",2,0,1,0,0,""
"src/SharpLink.Runtime/Codec/StructCodec.cs",343,"SharpLink.Runtime","NamedType","Internal","global::SharpLink.Runtime.DateTimeOffsetReadOnlyMemoryCodec",2,0,1,0,0,""
"src/SharpLink.Runtime/Codec/StructCodec.cs",357,"SharpLink.Runtime","NamedType","Internal","global::SharpLink.Runtime.DateTimeOffsetImmutableArrayCodec",2,0,6,0,0,""
"src/SharpLink.Runtime/Codec/TimeOnlyCodec.cs",3,"SharpLink.Runtime","NamedType","Internal","global::SharpLink.Runtime.TimeOnlyCodec",2,0,0,0,0,""
"src/SharpLink.Runtime/Codec/TimeOnlyCodec.cs",32,"SharpLink.Runtime","NamedType","Internal","global::SharpLink.Runtime.NullableTimeOnlyCodec",2,0,0,0,0,""
"src/SharpLink.Runtime/Codec/TimeSpanCodec.cs",3,"SharpLink.Runtime","NamedType","Internal","global::SharpLink.Runtime.TimeSpanCodec",2,0,0,0,0,""
"src/SharpLink.Runtime/Codec/TimeSpanCodec.cs",30,"SharpLink.Runtime","NamedType","Internal","global::SharpLink.Runtime.NullableTimeSpanCodec",2,0,0,0,0,""
"src/SharpLink.Runtime/Codec/UInt128Codec.cs",3,"SharpLink.Runtime","NamedType","Internal","global::SharpLink.Runtime.UInt128Codec",2,0,0,0,0,""
"src/SharpLink.Runtime/Codec/UInt128Codec.cs",30,"SharpLink.Runtime","NamedType","Internal","global::SharpLink.Runtime.NullableUInt128Codec",2,0,0,0,0,""
"src/SharpLink.Runtime/Codec/UInt16Codec.cs",3,"SharpLink.Runtime","NamedType","Internal","global::SharpLink.Runtime.UInt16Codec",2,0,0,0,0,""
"src/SharpLink.Runtime/Codec/UInt16Codec.cs",29,"SharpLink.Runtime","NamedType","Internal","global::SharpLink.Runtime.NullableUInt16Codec",2,0,0,0,0,""
"src/SharpLink.Runtime/Codec/UInt32Codec.cs",3,"SharpLink.Runtime","NamedType","Internal","global::SharpLink.Runtime.UInt32Codec",2,0,0,0,0,""
"src/SharpLink.Runtime/Codec/UInt32Codec.cs",29,"SharpLink.Runtime","NamedType","Internal","global::SharpLink.Runtime.NullableUInt32Codec",2,0,0,0,0,""
"src/SharpLink.Runtime/Codec/UInt64Codec.cs",3,"SharpLink.Runtime","NamedType","Internal","global::SharpLink.Runtime.UInt64Codec",2,0,0,0,0,""
"src/SharpLink.Runtime/Codec/UInt64Codec.cs",29,"SharpLink.Runtime","NamedType","Internal","global::SharpLink.Runtime.NullableUInt64Codec",2,0,0,0,0,""
"src/SharpLink.Runtime/Compression/CompressionSendPolicyState.cs",3,"SharpLink.Runtime","NamedType","Internal","global::SharpLink.Runtime.CompressionSendPolicySnapshot",17,0,1,0,0,""
"src/SharpLink.Runtime/Compression/CompressionSendPolicyState.cs",5,"SharpLink.Runtime","Method","Private","CompressionSendPolicySnapshot",1,0,0,0,0,"Constructor/activation"
"src/SharpLink.Runtime/Compression/CompressionSendPolicyState.cs",17,"SharpLink.Runtime","Property","Internal","Enabled",3,0,0,0,0,""
"src/SharpLink.Runtime/Compression/CompressionSendPolicyState.cs",18,"SharpLink.Runtime","Property","Internal","MinimumPayloadBytes",4,0,0,0,0,""
"src/SharpLink.Runtime/Compression/CompressionSendPolicyState.cs",19,"SharpLink.Runtime","Property","Internal","MinimumSavingsBytes",3,0,0,0,0,""
"src/SharpLink.Runtime/Compression/CompressionSendPolicyState.cs",20,"SharpLink.Runtime","Property","Internal","MinimumSavingsRatio",3,0,0,0,0,""
"src/SharpLink.Runtime/Compression/CompressionSendPolicyState.cs",22,"SharpLink.Runtime","Method","Internal","CreateInitial",4,0,12,0,0,""
"src/SharpLink.Runtime/Compression/CompressionSendPolicyState.cs",25,"SharpLink.Runtime","Method","Internal","CreateValidated",9,0,0,0,0,""
"src/SharpLink.Runtime/Compression/CompressionSendPolicyState.cs",52,"SharpLink.Runtime","Method","Internal","IsBeneficial",1,0,0,0,0,""
"src/SharpLink.Runtime/Compression/CompressionSendPolicyState.cs",61,"SharpLink.Runtime","NamedType","Internal","global::SharpLink.Runtime.CompressionSendPolicyState",9,0,14,0,0,""
"src/SharpLink.Runtime/Compression/CompressionSendPolicyState.cs",63,"SharpLink.Runtime","Field","Private","_sessionPolicyGate",1,0,0,0,0,""
"src/SharpLink.Runtime/Compression/CompressionSendPolicyState.cs",64,"SharpLink.Runtime","Field","Private","_current",12,0,0,0,0,""
"src/SharpLink.Runtime/Compression/CompressionSendPolicyState.cs",65,"SharpLink.Runtime","Field","Private","_sessionFlushPolicyState",3,0,0,0,0,""
"src/SharpLink.Runtime/Compression/CompressionSendPolicyState.cs",67,"SharpLink.Runtime","Method","Private","CompressionSendPolicyState",1,0,0,0,0,"Constructor/activation"
"src/SharpLink.Runtime/Compression/CompressionSendPolicyState.cs",73,"SharpLink.Runtime","Property","Internal","Current",2,0,2,0,0,""
"src/SharpLink.Runtime/Compression/CompressionSendPolicyState.cs",75,"SharpLink.Runtime","Method","Internal","GetOrCreateSessionFlushPolicyState",4,0,5,0,0,""
"src/SharpLink.Runtime/Compression/CompressionSendPolicyState.cs",94,"SharpLink.Runtime","Method","Internal","Update",4,0,3,0,0,""
"src/SharpLink.Runtime/Compression/CompressionSendPolicyState.cs",101,"SharpLink.Runtime","NamedType","Internal","global::SharpLink.Runtime.ResponseCompressionPreferenceSnapshot",25,0,9,0,0,""
"src/SharpLink.Runtime/Compression/CompressionSendPolicyState.cs",103,"SharpLink.Runtime","Property","Internal","InitialAllowed",2,0,3,0,0,""
"src/SharpLink.Runtime/Compression/CompressionSendPolicyState.cs",105,"SharpLink.Runtime","Method","Internal","ResponseCompressionPreferenceSnapshot",5,0,6,0,0,"Constructor/activation"
"src/SharpLink.Runtime/Compression/CompressionSendPolicyState.cs",111,"SharpLink.Runtime","Property","Internal","Generation",37,0,10,0,0,""
"src/SharpLink.Runtime/Compression/CompressionSendPolicyState.cs",112,"SharpLink.Runtime","Property","Internal","Allowed",9,0,0,0,0,""
"src/SharpLink.Runtime/Compression/SharpLinkCompression.cs",10,"SharpLink.Runtime","NamedType","Public","global::SharpLink.Runtime.ISharpLinkCompressionProvider",8,0,65,5,3,""
"src/SharpLink.Runtime/Compression/SharpLinkCompression.cs",17,"SharpLink.Runtime","Property","Public","WireProfile",18,0,22,1,1,"Interface contract"
"src/SharpLink.Runtime/Compression/SharpLinkCompression.cs",31,"SharpLink.Runtime","Method","Public","TryCompress",1,0,21,2,1,"Interface contract"
"src/SharpLink.Runtime/Compression/SharpLinkCompression.cs",48,"SharpLink.Runtime","Method","Public","Decompress",1,0,15,1,1,"Interface contract"
"src/SharpLink.Runtime/Compression/SharpLinkCompression.cs",62,"SharpLink.Runtime","NamedType","Public","global::SharpLink.Runtime.SharpLinkCompressionOptions",12,0,3,0,0,""
"src/SharpLink.Runtime/Compression/SharpLinkCompression.cs",64,"SharpLink.Runtime","Field","Private","_providerBindings",4,0,0,0,0,""
"src/SharpLink.Runtime/Compression/SharpLinkCompression.cs",67,"SharpLink.Runtime","Field","Public","MaxProviders",7,0,1,0,0,""
"src/SharpLink.Runtime/Compression/SharpLinkCompression.cs",73,"SharpLink.Runtime","Property","Public","Providers",10,0,87,4,1,""
"src/SharpLink.Runtime/Compression/SharpLinkCompression.cs",79,"SharpLink.Runtime","Method","Private","ValidateAndCreateBindings",2,0,0,0,0,""
"src/SharpLink.Runtime/Compression/SharpLinkCompression.cs",107,"SharpLink.Runtime","Property","Internal","ProviderBindings",6,0,11,0,0,""
"src/SharpLink.Runtime/Compression/SharpLinkCompression.cs",111,"SharpLink.Runtime","Method","Internal","CopyValidatedSnapshotTo",1,0,0,0,0,""
"src/SharpLink.Runtime/Compression/SharpLinkCompression.cs",129,"SharpLink.Runtime","NamedType","Internal","global::SharpLink.Runtime.SharpLinkCompressionProviderBinding",24,0,20,0,0,""
"src/SharpLink.Runtime/Compression/SharpLinkCompression.cs",133,"SharpLink.Runtime","NamedType","Internal","global::SharpLink.Runtime.SharpLinkCompressionProfile",9,0,1,0,0,""
"src/SharpLink.Runtime/Compression/SharpLinkCompression.cs",135,"SharpLink.Runtime","Field","Internal","MaxAsciiBytes",4,0,1,0,0,""
"src/SharpLink.Runtime/FrameworkTaskSupervisor.cs",6,"SharpLink.Runtime","NamedType","Internal","global::SharpLink.Runtime.TaskObservationMode",28,0,18,0,0,""
"src/SharpLink.Runtime/FrameworkTaskSupervisor.cs",8,"SharpLink.Runtime","Field","Public","FrameworkOwned",8,0,15,0,0,"Enum/protocol identity"
"src/SharpLink.Runtime/FrameworkTaskSupervisor.cs",9,"SharpLink.Runtime","Field","Public","ExternallyObserved",15,0,4,0,0,"Enum/protocol identity"
"src/SharpLink.Runtime/FrameworkTaskSupervisor.cs",12,"SharpLink.Runtime","NamedType","Internal","global::SharpLink.Runtime.FrameworkTaskRegistration",10,0,0,0,0,""
"src/SharpLink.Runtime/FrameworkTaskSupervisor.cs",14,"SharpLink.Runtime","Method","Internal","FrameworkTaskRegistration",2,0,0,0,0,"Constructor/activation"
"src/SharpLink.Runtime/FrameworkTaskSupervisor.cs",30,"SharpLink.Runtime","Property","Internal","Supervisor",2,0,0,0,0,""
"src/SharpLink.Runtime/FrameworkTaskSupervisor.cs",32,"SharpLink.Runtime","Property","Internal","Task",2,0,0,0,0,""
"src/SharpLink.Runtime/FrameworkTaskSupervisor.cs",34,"SharpLink.Runtime","Property","Internal","Operation",3,0,4,0,0,""
"src/SharpLink.Runtime/FrameworkTaskSupervisor.cs",36,"SharpLink.Runtime","Property","Internal","ObservationMode",4,0,0,0,0,""
"src/SharpLink.Runtime/FrameworkTaskSupervisor.cs",38,"SharpLink.Runtime","Property","Internal","ShutdownExpectedExceptionClassifier",2,0,0,0,0,""
"src/SharpLink.Runtime/FrameworkTaskSupervisor.cs",40,"SharpLink.Runtime","Property","Internal","Sequence",2,0,0,0,0,""
"src/SharpLink.Runtime/FrameworkTaskSupervisor.cs",43,"SharpLink.Runtime","NamedType","Internal","global::SharpLink.Runtime.FrameworkTaskDiagnosticSnapshot",3,0,2,0,0,""
"src/SharpLink.Runtime/FrameworkTaskSupervisor.cs",48,"SharpLink.Runtime","NamedType","Internal","global::SharpLink.Runtime.FrameworkTaskSupervisorSnapshot",5,0,19,0,0,""
"src/SharpLink.Runtime/FrameworkTaskSupervisor.cs",63,"SharpLink.Runtime","NamedType","Internal","global::SharpLink.Runtime.FrameworkTaskSupervisor",14,0,18,0,0,""
"src/SharpLink.Runtime/FrameworkTaskSupervisor.cs",65,"SharpLink.Runtime","Field","Private","MaximumRetainedFailures",1,0,0,0,0,""
"src/SharpLink.Runtime/FrameworkTaskSupervisor.cs",66,"SharpLink.Runtime","Field","Private","MaximumSnapshotOperations",1,0,0,0,0,""
"src/SharpLink.Runtime/FrameworkTaskSupervisor.cs",68,"SharpLink.Runtime","Field","Private","_gate",86,0,0,0,0,""
"src/SharpLink.Runtime/FrameworkTaskSupervisor.cs",69,"SharpLink.Runtime","Field","Private","_active",19,0,0,0,0,""
"src/SharpLink.Runtime/FrameworkTaskSupervisor.cs",71,"SharpLink.Runtime","Field","Private","_failures",5,0,0,0,0,""
"src/SharpLink.Runtime/FrameworkTaskSupervisor.cs",72,"SharpLink.Runtime","Field","Private","_unexpectedFaultObserver",3,0,0,0,0,""
"src/SharpLink.Runtime/FrameworkTaskSupervisor.cs",73,"SharpLink.Runtime","Field","Private","_drainSignal",5,0,0,0,0,""
"src/SharpLink.Runtime/FrameworkTaskSupervisor.cs",74,"SharpLink.Runtime","Field","Private","_nextSequence",2,0,0,0,0,""
"src/SharpLink.Runtime/FrameworkTaskSupervisor.cs",75,"SharpLink.Runtime","Field","Private","_totalTracked",3,0,0,0,0,""
"src/SharpLink.Runtime/FrameworkTaskSupervisor.cs",76,"SharpLink.Runtime","Field","Private","_droppedFailures",2,0,0,0,0,""
"src/SharpLink.Runtime/FrameworkTaskSupervisor.cs",77,"SharpLink.Runtime","Field","Private","_pendingDroppedFailures",3,0,0,0,0,""
"src/SharpLink.Runtime/FrameworkTaskSupervisor.cs",78,"SharpLink.Runtime","Field","Private","_suppressedShutdownFailures",2,0,0,0,0,""
"src/SharpLink.Runtime/FrameworkTaskSupervisor.cs",79,"SharpLink.Runtime","Field","Private","_lateRegistrations",3,0,0,0,0,""
"src/SharpLink.Runtime/FrameworkTaskSupervisor.cs",80,"SharpLink.Runtime","Field","Private","_rejectedRegistrations",2,0,0,0,0,""
"src/SharpLink.Runtime/FrameworkTaskSupervisor.cs",81,"SharpLink.Runtime","Field","Private","_sealed",8,0,0,0,0,""
"src/SharpLink.Runtime/FrameworkTaskSupervisor.cs",82,"SharpLink.Runtime","Field","Private","_drainStarted",3,0,0,0,0,""
"src/SharpLink.Runtime/FrameworkTaskSupervisor.cs",84,"SharpLink.Runtime","Method","Internal","FrameworkTaskSupervisor",3,0,15,0,0,"Constructor/activation"
"src/SharpLink.Runtime/FrameworkTaskSupervisor.cs",87,"SharpLink.Runtime","Method","Internal","Track",3,0,18,0,0,""
"src/SharpLink.Runtime/FrameworkTaskSupervisor.cs",158,"SharpLink.Runtime","Method","Internal","Seal",5,0,14,0,0,""
"src/SharpLink.Runtime/FrameworkTaskSupervisor.cs",172,"SharpLink.Runtime","Method","Internal","DrainAsync",5,0,18,0,0,""
"src/SharpLink.Runtime/FrameworkTaskSupervisor.cs",193,"SharpLink.Runtime","Method","Internal","CaptureSnapshot",3,0,22,0,0,""
"src/SharpLink.Runtime/FrameworkTaskSupervisor.cs",237,"SharpLink.Runtime","Method","Private","Complete",27,0,69,14,0,""
"src/SharpLink.Runtime/FrameworkTaskSupervisor.cs",287,"SharpLink.Runtime","Method","Private","RecordFailureLocked",2,0,0,0,0,""
"src/SharpLink.Runtime/FrameworkTaskSupervisor.cs",308,"SharpLink.Runtime","Method","Private","DrainCoreAsync",1,0,0,0,0,""
"src/SharpLink.Runtime/FrameworkTaskSupervisor.cs",337,"SharpLink.Runtime","Method","Private","ObserveRejectedTask",1,0,0,0,0,""
"src/SharpLink.Runtime/GeneratedAssembly/SharpLinkGeneratedDependencyBinding.cs",6,"SharpLink.Runtime","NamedType","Internal","global::SharpLink.Runtime.SharpLinkGeneratedDependencyBinding",7,0,1,0,0,""
"src/SharpLink.Runtime/GeneratedAssembly/SharpLinkGeneratedDependencyBinding.cs",8,"SharpLink.Runtime","Method","Internal","Resolve",5,0,5,0,0,""
"src/SharpLink.Runtime/GeneratedAssembly/SharpLinkGeneratedDependencyBinding.cs",50,"SharpLink.Runtime","Method","Private","MatchesRequestedIdentity",1,0,0,0,0,""
"src/SharpLink.Runtime/GeneratedAssembly/SharpLinkGeneratedDependencyBinding.cs",75,"SharpLink.Runtime","Method","Private","PublicKeyTokensEqual",1,0,0,0,0,""
"src/SharpLink.Runtime/GeneratedAssembly/SharpLinkGeneratedDependencyBinding.cs",82,"SharpLink.Runtime","Method","Internal","Matches",7,0,0,0,0,""
"src/SharpLink.Runtime/GeneratedAssembly/SharpLinkGeneratedDependencyBinding.cs",88,"SharpLink.Runtime","Method","Internal","ManifestDependsOn",3,0,0,0,0,""
"src/SharpLink.Runtime/GeneratedAssembly/SharpLinkGeneratedDependencyBinding.cs",122,"SharpLink.Runtime","Method","Internal","GetDependantsFirstOrder",2,0,0,0,0,""
"src/SharpLink.Runtime/GeneratedManifestSource.cs",7,"SharpLink.Runtime","NamedType","Internal","global::SharpLink.Runtime.IGeneratedManifestSource",17,0,2,0,0,""
"src/SharpLink.Runtime/GeneratedManifestSource.cs",9,"SharpLink.Runtime","Method","Public","CreateSnapshot",1,0,1,0,0,"Interface contract"
"src/SharpLink.Runtime/GeneratedManifestSource.cs",15,"SharpLink.Runtime","NamedType","Internal","global::SharpLink.Runtime.GlobalCatalogManifestSource",6,0,1,0,0,""
"src/SharpLink.Runtime/GeneratedManifestSource.cs",17,"SharpLink.Runtime","Method","Private","GlobalCatalogManifestSource",1,0,0,0,0,"Constructor/activation"
"src/SharpLink.Runtime/GeneratedManifestSource.cs",21,"SharpLink.Runtime","Property","Internal","Instance",5,0,1,0,0,""
"src/SharpLink.Runtime/GeneratedManifestSource.cs",31,"SharpLink.Runtime","NamedType","Internal","global::SharpLink.Runtime.FixedGeneratedManifestSource",5,0,138,1,0,""
"src/SharpLink.Runtime/GeneratedManifestSource.cs",33,"SharpLink.Runtime","Field","Private","_manifests",6,0,0,0,0,""
"src/SharpLink.Runtime/GeneratedManifestSource.cs",35,"SharpLink.Runtime","Method","Internal","FixedGeneratedManifestSource",4,0,14,0,0,"Constructor/activation"
"src/SharpLink.Runtime/GeneratedManifestSource.cs",48,"SharpLink.Runtime","Property","Internal","Empty",1,0,124,1,0,""
"src/SharpLink.Runtime/GeneratedManifestSource.cs",57,"SharpLink.Runtime","NamedType","Internal","global::SharpLink.Runtime.GeneratedManifestSnapshot",10,0,0,0,0,""
"src/SharpLink.Runtime/GeneratedManifestSource.cs",61,"SharpLink.Runtime","Method","Private","GeneratedManifestSnapshot",2,0,0,0,0,"Constructor/activation"
"src/SharpLink.Runtime/GeneratedManifestSource.cs",73,"SharpLink.Runtime","Property","Internal","Manifests",3,0,0,0,0,""
"src/SharpLink.Runtime/GeneratedManifestSource.cs",78,"SharpLink.Runtime","Method","Internal","Capture",14,0,2,0,0,""
"src/SharpLink.Runtime/GeneratedManifestSource.cs",94,"SharpLink.Runtime","Method","Internal","ValidateForPlanCompilation",1,0,0,0,0,""
"src/SharpLink.Runtime/IAnonymousPipeAllocator.cs",5,"SharpLink.Runtime","NamedType","Public","global::SharpLink.Runtime.IAnonymousPipeAllocator",4,0,2,0,1,""
"src/SharpLink.Runtime/IStreamConsumerDeliveryGate.cs",8,"SharpLink.Runtime","NamedType","Internal","global::SharpLink.Runtime.IStreamConsumerDeliveryGate",3,0,3,0,0,""
"src/SharpLink.Runtime/IStreamConsumerDeliveryGate.cs",10,"SharpLink.Runtime","Method","Public","TryAcceptStreamDelivery",1,0,0,0,0,"Interface contract"
"src/SharpLink.Runtime/IStreamDispatcher.cs",7,"SharpLink.Runtime","NamedType","Internal","global::SharpLink.Runtime.IStreamDispatcher",39,0,23,3,0,""
"src/SharpLink.Runtime/IStreamDispatcher.cs",9,"SharpLink.Runtime","Method","Public","DispatchAsync",9,0,32,7,0,"Interface contract"
"src/SharpLink.Runtime/IStreamDispatcher.cs",19,"SharpLink.Runtime","NamedType","Internal","global::SharpLink.Runtime.IStreamConsumptionAwareDispatcher",13,0,5,0,0,""
"src/SharpLink.Runtime/IStreamDispatcher.cs",23,"SharpLink.Runtime","Method","Public","SetBytesConsumedCallback",7,0,7,0,0,"Interface contract"
"src/SharpLink.Runtime/IStreamDispatchLease.cs",7,"SharpLink.Runtime","NamedType","Internal","global::SharpLink.Runtime.IStreamDispatchLease",18,0,27,0,0,""
"src/SharpLink.Runtime/IStreamDispatchLease.cs",9,"SharpLink.Runtime","Method","Public","BindDispatchState",2,0,5,0,0,"Interface contract"
"src/SharpLink.Runtime/IStreamDispatchLease.cs",11,"SharpLink.Runtime","Method","Public","DispatchAcquiredAsync",5,0,0,0,0,"Interface contract"
"src/SharpLink.Runtime/IStreamDispatchLease.cs",13,"SharpLink.Runtime","Method","Public","OnDispatchesDrained",3,0,5,0,0,"Interface contract"
"src/SharpLink.Runtime/IStreamDispatchLease.cs",16,"SharpLink.Runtime","NamedType","Internal","global::SharpLink.Runtime.IStreamDispatchState",24,0,30,0,0,""
"src/SharpLink.Runtime/IStreamDispatchLease.cs",18,"SharpLink.Runtime","Property","Public","HasActiveDispatches",10,0,3,0,0,"Interface contract"
"src/SharpLink.Runtime/IStreamDispatchLease.cs",20,"SharpLink.Runtime","Property","Public","IsDetached",6,0,10,0,0,"Interface contract"
"src/SharpLink.Runtime/IStreamDispatchLease.cs",22,"SharpLink.Runtime","Method","Public","WaitForDispatchesDrainedAsync",4,0,3,0,0,"Interface contract"
"src/SharpLink.Runtime/IStreamDispatchLease.cs",24,"SharpLink.Runtime","Method","Public","WaitForDetachedAsync",2,0,12,0,0,"Interface contract"
"src/SharpLink.Runtime/IStreamDispatchLease.cs",26,"SharpLink.Runtime","Method","Public","Close",9,0,1,0,0,"Interface contract"
"src/SharpLink.Runtime/IStreamLocalAbortDispatcher.cs",8,"SharpLink.Runtime","NamedType","Internal","global::SharpLink.Runtime.IStreamLocalAbortDispatcher",5,0,7,0,0,""
"src/SharpLink.Runtime/IStreamLocalAbortDispatcher.cs",10,"SharpLink.Runtime","Method","Public","CompleteLocalAbort",1,0,5,0,0,"Interface contract"
"src/SharpLink.Runtime/IStreamLocalAbortDispatcher.cs",12,"SharpLink.Runtime","Method","Public","RetireLocalAbortBuffer",2,0,5,0,0,"Interface contract"
"src/SharpLink.Runtime/NegotiatedSessionOptions.cs",4,"SharpLink.Runtime","NamedType","Internal","global::SharpLink.Runtime.NegotiatedSessionOptions",14,0,27,11,0,""
"src/SharpLink.Runtime/NegotiatedSessionOptions.cs",6,"SharpLink.Runtime","Method","Internal","NegotiatedSessionOptions",2,0,14,11,0,"Constructor/activation"
"src/SharpLink.Runtime/NegotiatedSessionOptions.cs",22,"SharpLink.Runtime","Property","Internal","ProtocolMinorVersion",7,0,5,0,0,""
"src/SharpLink.Runtime/NegotiatedSessionOptions.cs",24,"SharpLink.Runtime","Property","Internal","Capabilities",9,0,10,0,0,""
"src/SharpLink.Runtime/NegotiatedSessionOptions.cs",26,"SharpLink.Runtime","Property","Internal","MaxFramePayloadBytes",29,0,44,13,0,""
"src/SharpLink.Runtime/NegotiatedSessionOptions.cs",28,"SharpLink.Runtime","Property","Internal","StreamReceiveWindowBytes",17,0,33,9,0,""
"src/SharpLink.Runtime/NegotiatedSessionOptions.cs",30,"SharpLink.Runtime","Property","Internal","ConnectionReceiveWindowBytes",16,0,38,9,0,""
"src/SharpLink.Runtime/NegotiatedSessionOptions.cs",32,"SharpLink.Runtime","Property","Internal","CompressionBinding",9,0,12,0,0,""
"src/SharpLink.Runtime/NegotiatedSessionOptions.cs",35,"SharpLink.Runtime","NamedType","Internal","global::SharpLink.Runtime.RpcSessionProtocolPhase",38,0,24,0,0,""
"src/SharpLink.Runtime/NegotiatedSessionOptions.cs",37,"SharpLink.Runtime","Field","Public","Handshaking",5,0,3,0,0,"Enum/protocol identity"
"src/SharpLink.Runtime/NegotiatedSessionOptions.cs",38,"SharpLink.Runtime","Field","Public","Ready",7,0,5,0,0,"Enum/protocol identity"
"src/SharpLink.Runtime/NegotiatedSessionOptions.cs",39,"SharpLink.Runtime","Field","Public","Draining",10,0,5,0,0,"Enum/protocol identity"
"src/SharpLink.Runtime/NegotiatedSessionOptions.cs",40,"SharpLink.Runtime","Field","Public","Stopping",7,0,4,0,0,"Enum/protocol identity"
"src/SharpLink.Runtime/NegotiatedSessionOptions.cs",41,"SharpLink.Runtime","Field","Public","Terminal",9,0,8,0,0,"Enum/protocol identity"
"src/SharpLink.Runtime/NegotiatedSessionOptions.cs",44,"SharpLink.Runtime","NamedType","Internal","global::SharpLink.Runtime.RpcSessionProtocolRules",7,0,15,0,0,""
"src/SharpLink.Runtime/NegotiatedSessionOptions.cs",46,"SharpLink.Runtime","Field","Internal","RecognizedCapabilities",6,0,4,0,0,""
"src/SharpLink.Runtime/NegotiatedSessionOptions.cs",55,"SharpLink.Runtime","Method","Internal","IsFrameAllowed",3,0,11,0,0,""
"src/SharpLink.Runtime/NegotiatedSessionOptions.cs",97,"SharpLink.Runtime","NamedType","Internal","global::SharpLink.Runtime.RpcSessionProtocolState",17,0,2,0,0,""
"src/SharpLink.Runtime/NegotiatedSessionOptions.cs",99,"SharpLink.Runtime","Property","Internal","Handshaking",1,0,0,0,0,""
"src/SharpLink.Runtime/NegotiatedSessionOptions.cs",102,"SharpLink.Runtime","Method","Internal","RpcSessionProtocolState",3,0,0,0,0,"Constructor/activation"
"src/SharpLink.Runtime/NegotiatedSessionOptions.cs",112,"SharpLink.Runtime","Property","Internal","Phase",13,0,0,0,0,""
"src/SharpLink.Runtime/NegotiatedSessionOptions.cs",114,"SharpLink.Runtime","Property","Internal","Options",16,0,47,0,0,""
"src/SharpLink.Runtime/NegotiatedSessionOptions.cs",116,"SharpLink.Runtime","Property","Internal","FlowController",14,0,2,0,0,""
"src/SharpLink.Runtime/NegotiatedSessionOptions.cs",118,"SharpLink.Runtime","Method","Internal","WithPhase",3,0,0,0,0,""
"src/SharpLink.Runtime/OwnedFrame.cs",4,"SharpLink.Runtime","NamedType","Internal","global::SharpLink.Runtime.IRequestEmissionFailureObserver",11,0,1,0,0,""
"src/SharpLink.Runtime/OwnedFrame.cs",6,"SharpLink.Runtime","Method","Public","OnRequestEmissionFailure",1,0,0,0,0,"Interface contract"
"src/SharpLink.Runtime/OwnedFrame.cs",13,"SharpLink.Runtime","NamedType","Internal","global::SharpLink.Runtime.OwnedFrame",24,0,2,0,0,""
"src/SharpLink.Runtime/OwnedFrame.cs",15,"SharpLink.Runtime","Field","Private","_completionState",3,0,0,0,0,""
"src/SharpLink.Runtime/OwnedFrame.cs",17,"SharpLink.Runtime","Method","Internal","OwnedFrame",1,0,0,0,0,"Constructor/activation"
"src/SharpLink.Runtime/OwnedFrame.cs",35,"SharpLink.Runtime","Property","Public","Memory",15,0,2,0,0,""
"src/SharpLink.Runtime/OwnedFrame.cs",37,"SharpLink.Runtime","Property","Public","Length",10,0,0,0,0,""
"src/SharpLink.Runtime/OwnedFrame.cs",39,"SharpLink.Runtime","Property","Public","ForceFlush",2,0,0,0,0,""
"src/SharpLink.Runtime/OwnedFrame.cs",47,"SharpLink.Runtime","Property","Public","IsProtocolProgress",5,0,0,0,0,""
"src/SharpLink.Runtime/OwnedFrame.cs",49,"SharpLink.Runtime","Property","Public","FlushCompletion",2,0,0,0,0,""
"src/SharpLink.Runtime/OwnedFrame.cs",52,"SharpLink.Runtime","Property","Public","FailureObserver",1,0,0,0,0,""
"src/SharpLink.Runtime/Packet/PacketScope.cs",3,"SharpLink.Runtime","NamedType","Internal","global::SharpLink.Runtime.PacketToken",19,0,1,0,0,""
"src/SharpLink.Runtime/Packet/PacketScope.cs",5,"SharpLink.Runtime","NamedType","Internal","global::SharpLink.Runtime.PacketScope",2,0,0,0,0,""
"src/SharpLink.Runtime/PooledAsyncStreamDispatcher.cs",6,"SharpLink.Runtime","NamedType","Internal","global::SharpLink.Runtime.PooledAsyncStreamDispatcher<T>",19,0,237,31,0,""
"src/SharpLink.Runtime/PooledAsyncStreamDispatcher.cs",14,"SharpLink.Runtime","Field","Private","Pool",3,0,0,0,0,""
"src/SharpLink.Runtime/PooledAsyncStreamDispatcher.cs",15,"SharpLink.Runtime","Field","Private","s_retainedCount",5,0,0,0,0,""
"src/SharpLink.Runtime/PooledAsyncStreamDispatcher.cs",18,"SharpLink.Runtime","Field","Private","_waitGate",2,0,0,0,0,""
"src/SharpLink.Runtime/PooledAsyncStreamDispatcher.cs",22,"SharpLink.Runtime","Field","Private","_dispatchStateGate",4,0,0,0,0,""
"src/SharpLink.Runtime/PooledAsyncStreamDispatcher.cs",24,"SharpLink.Runtime","Field","Private","_waitSource",11,0,0,0,0,""
"src/SharpLink.Runtime/PooledAsyncStreamDispatcher.cs",27,"SharpLink.Runtime","Field","Private","_firstSegment",12,0,0,0,0,""
"src/SharpLink.Runtime/PooledAsyncStreamDispatcher.cs",28,"SharpLink.Runtime","Field","Private","_consumerSegment",6,0,0,0,0,""
"src/SharpLink.Runtime/PooledAsyncStreamDispatcher.cs",29,"SharpLink.Runtime","Field","Private","_producerSegment",5,0,0,0,0,""
"src/SharpLink.Runtime/PooledAsyncStreamDispatcher.cs",30,"SharpLink.Runtime","Field","Private","_freeSegments",6,0,0,0,0,""
"src/SharpLink.Runtime/PooledAsyncStreamDispatcher.cs",31,"SharpLink.Runtime","Field","Private","_consumerIndex",5,0,0,0,0,""
"src/SharpLink.Runtime/PooledAsyncStreamDispatcher.cs",32,"SharpLink.Runtime","Field","Private","_producerIndex",5,0,0,0,0,""
"src/SharpLink.Runtime/PooledAsyncStreamDispatcher.cs",33,"SharpLink.Runtime","Field","Private","_totalCapacity",5,0,0,0,0,""
"src/SharpLink.Runtime/PooledAsyncStreamDispatcher.cs",34,"SharpLink.Runtime","Field","Private","_bufferedCount",7,0,0,0,0,""
"src/SharpLink.Runtime/PooledAsyncStreamDispatcher.cs",37,"SharpLink.Runtime","Field","Private","_signalState",13,0,0,0,0,""
"src/SharpLink.Runtime/PooledAsyncStreamDispatcher.cs",42,"SharpLink.Runtime","Field","Private","_waiterState",15,0,0,0,0,""
"src/SharpLink.Runtime/PooledAsyncStreamDispatcher.cs",45,"SharpLink.Runtime","Field","Private","_completed",51,0,0,0,0,""
"src/SharpLink.Runtime/PooledAsyncStreamDispatcher.cs",50,"SharpLink.Runtime","Field","Private","_disposeFinalizedLeaseState",7,0,0,0,0,""
"src/SharpLink.Runtime/PooledAsyncStreamDispatcher.cs",51,"SharpLink.Runtime","Field","Private","_disposeCompletion",7,0,0,0,0,""
"src/SharpLink.Runtime/PooledAsyncStreamDispatcher.cs",52,"SharpLink.Runtime","Field","Private","_remoteTerminalPublication",6,0,0,0,0,""
"src/SharpLink.Runtime/PooledAsyncStreamDispatcher.cs",53,"SharpLink.Runtime","Field","Private","_beforeConcurrentDisposeCompletionInstallForTests",5,0,0,0,0,""
"src/SharpLink.Runtime/PooledAsyncStreamDispatcher.cs",54,"SharpLink.Runtime","Field","Private","_beforeRemoteTerminalPublicationPublishForTests",5,0,0,0,0,""
"src/SharpLink.Runtime/PooledAsyncStreamDispatcher.cs",55,"SharpLink.Runtime","Field","Private","_beforeRemoteTerminalPublicationCompletionInstallForTests",5,0,0,0,0,""
"src/SharpLink.Runtime/PooledAsyncStreamDispatcher.cs",56,"SharpLink.Runtime","Field","Private","_afterRemoteTerminalPublicationCompletionInstallForTests",5,0,0,0,0,""
"src/SharpLink.Runtime/PooledAsyncStreamDispatcher.cs",57,"SharpLink.Runtime","Field","Private","_beforeProducerOperationAcquireForTests",5,0,0,0,0,""
"src/SharpLink.Runtime/PooledAsyncStreamDispatcher.cs",58,"SharpLink.Runtime","Field","Private","_beforeConsumerWaitOwnerAcquireForTests",5,0,0,0,0,""
"src/SharpLink.Runtime/PooledAsyncStreamDispatcher.cs",59,"SharpLink.Runtime","Field","Private","_afterConsumerWaitResultForTests",5,0,0,0,0,""
"src/SharpLink.Runtime/PooledAsyncStreamDispatcher.cs",60,"SharpLink.Runtime","Field","Private","_beforeReturnTransitionForTests",5,0,0,0,0,""
"src/SharpLink.Runtime/PooledAsyncStreamDispatcher.cs",61,"SharpLink.Runtime","Field","Private","_afterReturnTransitionForTests",5,0,0,0,0,""
"src/SharpLink.Runtime/PooledAsyncStreamDispatcher.cs",62,"SharpLink.Runtime","Field","Private","_terminalDispatchStateClosed",2,0,0,0,0,""
"src/SharpLink.Runtime/PooledAsyncStreamDispatcher.cs",65,"SharpLink.Runtime","Field","Private","_remoteTerminalPublicationState",6,0,0,0,0,""
"src/SharpLink.Runtime/PooledAsyncStreamDispatcher.cs",68,"SharpLink.Runtime","Field","Private","_enumeratorTaken",3,0,0,0,0,""
"src/SharpLink.Runtime/PooledAsyncStreamDispatcher.cs",73,"SharpLink.Runtime","Field","Private","_leaseState",18,0,0,0,0,""
"src/SharpLink.Runtime/PooledAsyncStreamDispatcher.cs",74,"SharpLink.Runtime","Field","Private","_producerOperations",9,0,0,0,0,""
"src/SharpLink.Runtime/PooledAsyncStreamDispatcher.cs",75,"SharpLink.Runtime","Field","Private","_consumerOperations",6,0,0,0,0,""
"src/SharpLink.Runtime/PooledAsyncStreamDispatcher.cs",76,"SharpLink.Runtime","Field","Private","_dispatchState",14,0,0,0,0,""
"src/SharpLink.Runtime/PooledAsyncStreamDispatcher.cs",77,"SharpLink.Runtime","Field","Private","_error",9,0,0,0,0,""
"src/SharpLink.Runtime/PooledAsyncStreamDispatcher.cs",79,"SharpLink.Runtime","Field","Private","_enumerationToken",9,0,0,0,0,""
"src/SharpLink.Runtime/PooledAsyncStreamDispatcher.cs",80,"SharpLink.Runtime","Field","Private","_enumerationCancellationRegistration",6,0,0,0,0,""
"src/SharpLink.Runtime/PooledAsyncStreamDispatcher.cs",81,"SharpLink.Runtime","Field","Private","_additionalEnumerationToken",8,0,0,0,0,""
"src/SharpLink.Runtime/PooledAsyncStreamDispatcher.cs",82,"SharpLink.Runtime","Field","Private","_additionalEnumerationCancellationRegistration",6,0,0,0,0,""
"src/SharpLink.Runtime/PooledAsyncStreamDispatcher.cs",85,"SharpLink.Runtime","Field","Private","_codec",4,0,0,0,0,""
"src/SharpLink.Runtime/PooledAsyncStreamDispatcher.cs",86,"SharpLink.Runtime","Field","Private","_payloadNullable",3,0,0,0,0,""
"src/SharpLink.Runtime/PooledAsyncStreamDispatcher.cs",87,"SharpLink.Runtime","Field","Private","_bytesConsumed",13,0,0,0,0,""
"src/SharpLink.Runtime/PooledAsyncStreamDispatcher.cs",88,"SharpLink.Runtime","Field","Private","_consumerAbandoned",6,0,0,0,0,""
"src/SharpLink.Runtime/PooledAsyncStreamDispatcher.cs",89,"SharpLink.Runtime","Field","Private","_consumerAbandonedAsync",7,0,0,0,0,""
"src/SharpLink.Runtime/PooledAsyncStreamDispatcher.cs",90,"SharpLink.Runtime","Field","Private","_flowControlRequestId",5,0,0,0,0,""
"src/SharpLink.Runtime/PooledAsyncStreamDispatcher.cs",91,"SharpLink.Runtime","Field","Private","_flowControlStreamId",5,0,0,0,0,""
"src/SharpLink.Runtime/PooledAsyncStreamDispatcher.cs",92,"SharpLink.Runtime","Field","Private","_consumerAbandonedRequestId",7,0,0,0,0,""
"src/SharpLink.Runtime/PooledAsyncStreamDispatcher.cs",93,"SharpLink.Runtime","Field","Private","_consumerTerminal",11,0,0,0,0,""
"src/SharpLink.Runtime/PooledAsyncStreamDispatcher.cs",94,"SharpLink.Runtime","Field","Private","_localAbortBytesConsumed",7,0,0,0,0,""
"src/SharpLink.Runtime/PooledAsyncStreamDispatcher.cs",95,"SharpLink.Runtime","Field","Private","_localAbortRequestId",6,0,0,0,0,""
"src/SharpLink.Runtime/PooledAsyncStreamDispatcher.cs",96,"SharpLink.Runtime","Field","Private","_localAbortStreamId",6,0,0,0,0,""
"src/SharpLink.Runtime/PooledAsyncStreamDispatcher.cs",97,"SharpLink.Runtime","Field","Private","_localAbortRetentionLeaseState",4,0,0,0,0,""
"src/SharpLink.Runtime/PooledAsyncStreamDispatcher.cs",98,"SharpLink.Runtime","Field","Private","_localAbortDeliveryState",11,0,0,0,0,""
"src/SharpLink.Runtime/PooledAsyncStreamDispatcher.cs",99,"SharpLink.Runtime","Field","Private","_localAbortBufferRetired",3,0,0,0,0,""
"src/SharpLink.Runtime/PooledAsyncStreamDispatcher.cs",101,"SharpLink.Runtime","Field","Private","InitialCapacity",2,0,0,0,0,""
"src/SharpLink.Runtime/PooledAsyncStreamDispatcher.cs",102,"SharpLink.Runtime","Field","Private","ShrinkThreshold",3,0,0,0,0,""
"src/SharpLink.Runtime/PooledAsyncStreamDispatcher.cs",103,"SharpLink.Runtime","Field","Private","MaxBufferedElements",7,0,0,0,0,""
"src/SharpLink.Runtime/PooledAsyncStreamDispatcher.cs",104,"SharpLink.Runtime","Field","Private","MaxRetainedDispatchers",1,0,0,0,0,""
"src/SharpLink.Runtime/PooledAsyncStreamDispatcher.cs",105,"SharpLink.Runtime","Field","Private","ConsumerTerminalLocalAbort",5,0,0,0,0,""
"src/SharpLink.Runtime/PooledAsyncStreamDispatcher.cs",106,"SharpLink.Runtime","Field","Private","LocalAbortClaimed",5,0,0,0,0,""
"src/SharpLink.Runtime/PooledAsyncStreamDispatcher.cs",107,"SharpLink.Runtime","Field","Private","LocalAbortDelivery",6,0,0,0,0,""
"src/SharpLink.Runtime/PooledAsyncStreamDispatcher.cs",108,"SharpLink.Runtime","Field","Private","LeaseStatusMask",2,0,0,0,0,""
"src/SharpLink.Runtime/PooledAsyncStreamDispatcher.cs",109,"SharpLink.Runtime","Field","Private","LeaseInactive",2,0,0,0,0,""
"src/SharpLink.Runtime/PooledAsyncStreamDispatcher.cs",110,"SharpLink.Runtime","Field","Private","LeaseActive",6,0,0,0,0,""
"src/SharpLink.Runtime/PooledAsyncStreamDispatcher.cs",111,"SharpLink.Runtime","Field","Private","LeaseDisposing",6,0,0,0,0,""
"src/SharpLink.Runtime/PooledAsyncStreamDispatcher.cs",113,"SharpLink.Runtime","Method","Private","PooledAsyncStreamDispatcher",1,0,0,0,0,"Constructor/activation"
"src/SharpLink.Runtime/PooledAsyncStreamDispatcher.cs",176,"SharpLink.Runtime","Method","Private","ActivateLease",1,0,0,0,0,""
"src/SharpLink.Runtime/PooledAsyncStreamDispatcher.cs",189,"SharpLink.Runtime","Method","Private","Reset",3,0,0,0,0,""
"src/SharpLink.Runtime/PooledAsyncStreamDispatcher.cs",340,"SharpLink.Runtime","Method","Private","TryAcquireDispatch",3,0,0,0,0,""
"src/SharpLink.Runtime/PooledAsyncStreamDispatcher.cs",361,"SharpLink.Runtime","Method","Private","ReleaseDispatch",4,0,0,0,0,""
"src/SharpLink.Runtime/PooledAsyncStreamDispatcher.cs",381,"SharpLink.Runtime","Method","Private","TryReleaseTransientProducerOperation",1,0,0,0,0,""
"src/SharpLink.Runtime/PooledAsyncStreamDispatcher.cs",401,"SharpLink.Runtime","Method","Internal","RetainForRegistration",2,0,2,0,0,""
"src/SharpLink.Runtime/PooledAsyncStreamDispatcher.cs",410,"SharpLink.Runtime","Method","Internal","ReleaseRegistrationRetention",2,0,3,0,0,""
"src/SharpLink.Runtime/PooledAsyncStreamDispatcher.cs",444,"SharpLink.Runtime","Method","Private","RejectedDispatch",1,0,0,0,0,""
"src/SharpLink.Runtime/PooledAsyncStreamDispatcher.cs",509,"SharpLink.Runtime","Method","Private","DrainLocalAbortBuffer",2,0,0,0,0,""
"src/SharpLink.Runtime/PooledAsyncStreamDispatcher.cs",537,"SharpLink.Runtime","Method","Private","ReleaseLocalAbortRetention",1,0,0,0,0,""
"src/SharpLink.Runtime/PooledAsyncStreamDispatcher.cs",544,"SharpLink.Runtime","Method","Private","TryClaimLocalAbort",1,0,0,0,0,""
"src/SharpLink.Runtime/PooledAsyncStreamDispatcher.cs",583,"SharpLink.Runtime","Method","Private","ClearLocalAbortClaim",1,0,0,0,0,""
"src/SharpLink.Runtime/PooledAsyncStreamDispatcher.cs",600,"SharpLink.Runtime","Method","Private","TryAcquireLocalAbortDelivery",1,0,0,0,0,""
"src/SharpLink.Runtime/PooledAsyncStreamDispatcher.cs",651,"SharpLink.Runtime","Method","Private","ReleaseLocalAbortDelivery",2,0,0,0,0,""
"src/SharpLink.Runtime/PooledAsyncStreamDispatcher.cs",671,"SharpLink.Runtime","Method","Public","SetConsumerAbandonedCallback",1,0,12,0,0,""
"src/SharpLink.Runtime/PooledAsyncStreamDispatcher.cs",829,"SharpLink.Runtime","Method","Private","ReThrowAsync",2,0,0,0,0,""
"src/SharpLink.Runtime/PooledAsyncStreamDispatcher.cs",835,"SharpLink.Runtime","Method","Private","SlowMoveNextAsync",1,0,0,0,0,""
"src/SharpLink.Runtime/PooledAsyncStreamDispatcher.cs",907,"SharpLink.Runtime","Method","Public","DisposeAsync",10,0,161,9,0,"Entrypoint/lifecycle"
"src/SharpLink.Runtime/PooledAsyncStreamDispatcher.cs",956,"SharpLink.Runtime","Method","Private","AwaitConcurrentDisposeAsync",2,0,0,0,0,""
"src/SharpLink.Runtime/PooledAsyncStreamDispatcher.cs",1009,"SharpLink.Runtime","Method","Private","AwaitRemoteTerminalPublicationAndFinishDisposeAsync",1,0,0,0,0,""
"src/SharpLink.Runtime/PooledAsyncStreamDispatcher.cs",1018,"SharpLink.Runtime","Method","Private","WaitForRemoteTerminalPublicationAsync",1,0,0,0,0,""
"src/SharpLink.Runtime/PooledAsyncStreamDispatcher.cs",1043,"SharpLink.Runtime","Method","Private","MarkDisposedAndFinishDisposeAsync",3,0,0,0,0,""
"src/SharpLink.Runtime/PooledAsyncStreamDispatcher.cs",1093,"SharpLink.Runtime","Method","Private","CloseFirstTerminalDispatchState",4,0,0,0,0,""
"src/SharpLink.Runtime/PooledAsyncStreamDispatcher.cs",1099,"SharpLink.Runtime","Method","Private","AwaitDispatchesAndFinishDisposeAsync",1,0,0,0,0,""
"src/SharpLink.Runtime/PooledAsyncStreamDispatcher.cs",1111,"SharpLink.Runtime","Method","Private","FinishDisposeAsync",2,0,0,0,0,""
"src/SharpLink.Runtime/PooledAsyncStreamDispatcher.cs",1162,"SharpLink.Runtime","Method","Private","AwaitConsumerAbandonmentAndFinalizeAsync",1,0,0,0,0,""
"src/SharpLink.Runtime/PooledAsyncStreamDispatcher.cs",1176,"SharpLink.Runtime","Method","Private","FinalizeDispose",3,0,0,0,0,""
"src/SharpLink.Runtime/PooledAsyncStreamDispatcher.cs",1215,"SharpLink.Runtime","Method","Private","ConsumeWaitResult",2,0,0,0,0,""
"src/SharpLink.Runtime/PooledAsyncStreamDispatcher.cs",1233,"SharpLink.Runtime","Method","Private","Enqueue",2,0,0,0,0,""
"src/SharpLink.Runtime/PooledAsyncStreamDispatcher.cs",1265,"SharpLink.Runtime","Method","Private","TryDequeue",2,0,0,0,0,""
"src/SharpLink.Runtime/PooledAsyncStreamDispatcher.cs",1294,"SharpLink.Runtime","Method","Private","PublishDequeuedItem",2,0,0,0,0,""
"src/SharpLink.Runtime/PooledAsyncStreamDispatcher.cs",1308,"SharpLink.Runtime","Method","Private","TryDequeueCore",3,0,0,0,0,""
"src/SharpLink.Runtime/PooledAsyncStreamDispatcher.cs",1344,"SharpLink.Runtime","Method","Private","IsEmpty",4,0,0,0,0,""
"src/SharpLink.Runtime/PooledAsyncStreamDispatcher.cs",1352,"SharpLink.Runtime","Method","Private","WaitForDataAsync",2,0,2,0,0,""
"src/SharpLink.Runtime/PooledAsyncStreamDispatcher.cs",1378,"SharpLink.Runtime","Method","Private","Signal",15,0,17,0,0,""
"src/SharpLink.Runtime/PooledAsyncStreamDispatcher.cs",1402,"SharpLink.Runtime","Method","Private","TryReturnToPool",12,0,0,0,0,""
"src/SharpLink.Runtime/PooledAsyncStreamDispatcher.cs",1586,"SharpLink.Runtime","Method","Private","SegmentHasReferences",2,0,0,0,0,""
"src/SharpLink.Runtime/PooledAsyncStreamDispatcher.cs",1596,"SharpLink.Runtime","Method","Private","GetLeaseStatus",9,0,0,0,0,""
"src/SharpLink.Runtime/PooledAsyncStreamDispatcher.cs",1599,"SharpLink.Runtime","Method","Private","IsSameLeaseGeneration",4,0,0,0,0,""
"src/SharpLink.Runtime/PooledAsyncStreamDispatcher.cs",1609,"SharpLink.Runtime","Method","Private","NotifyBytesConsumed",12,0,0,0,0,""
"src/SharpLink.Runtime/PooledAsyncStreamDispatcher.cs",1613,"SharpLink.Runtime","Method","Private","ThrowIfEnumerationCanceled",3,0,0,0,0,""
"src/SharpLink.Runtime/PooledAsyncStreamDispatcher.cs",1621,"SharpLink.Runtime","NamedType","Private","global::SharpLink.Runtime.PooledAsyncStreamDispatcher<T>.BufferSegment",15,0,0,0,0,""
"src/SharpLink.Runtime/PooledAsyncStreamDispatcher.cs",1623,"SharpLink.Runtime","Field","Internal","Items",15,0,0,0,0,""
"src/SharpLink.Runtime/PooledAsyncStreamDispatcher.cs",1624,"SharpLink.Runtime","Field","Internal","EncodedByteCounts",5,0,0,0,0,""
"src/SharpLink.Runtime/PooledAsyncStreamDispatcher.cs",1625,"SharpLink.Runtime","Field","Internal","Published",5,0,0,0,0,""
"src/SharpLink.Runtime/PooledAsyncStreamDispatcher.cs",1626,"SharpLink.Runtime","Field","Internal","Next",17,0,0,0,0,""
"src/SharpLink.Runtime/PooledAsyncStreamDispatcher.cs",1629,"SharpLink.Runtime","NamedType","Private","global::SharpLink.Runtime.PooledAsyncStreamDispatcher<T>.DisposeCompletion",4,0,0,0,0,""
"src/SharpLink.Runtime/PooledAsyncStreamDispatcher.cs",1631,"SharpLink.Runtime","Property","Internal","LeaseState",2,0,0,0,0,""
"src/SharpLink.Runtime/PooledAsyncStreamDispatcher.cs",1633,"SharpLink.Runtime","Property","Internal","Completion",8,0,1,0,0,""
"src/SharpLink.Runtime/PooledByteBufferWriter.cs",7,"SharpLink.Runtime","NamedType","Public","global::SharpLink.Runtime.PooledByteBufferWriter",8,0,118,33,0,""
"src/SharpLink.Runtime/PooledByteBufferWriter.cs",9,"SharpLink.Runtime","Field","Private","_buffer",28,0,0,0,0,""
"src/SharpLink.Runtime/PooledByteBufferWriter.cs",10,"SharpLink.Runtime","Field","Private","_written",22,0,0,0,0,""
"src/SharpLink.Runtime/PooledByteBufferWriter.cs",12,"SharpLink.Runtime","Field","Private","_maxWrittenBytes",8,0,0,0,0,""
"src/SharpLink.Runtime/PooledByteBufferWriter.cs",17,"SharpLink.Runtime","Method","Public","PooledByteBufferWriter",1,0,107,24,0,"Constructor/activation"
"src/SharpLink.Runtime/PooledByteBufferWriter.cs",27,"SharpLink.Runtime","Method","Internal","CreateInactive",1,0,0,0,0,""
"src/SharpLink.Runtime/PooledByteBufferWriter.cs",30,"SharpLink.Runtime","Property","Public","WrittenCount",18,0,25,44,0,""
"src/SharpLink.Runtime/PooledByteBufferWriter.cs",40,"SharpLink.Runtime","Property","Public","WrittenMemory",1,0,86,6,0,""
"src/SharpLink.Runtime/PooledByteBufferWriter.cs",60,"SharpLink.Runtime","Property","Public","Capacity",16,0,8,24,0,""
"src/SharpLink.Runtime/PooledByteBufferWriter.cs",69,"SharpLink.Runtime","Method","Internal","Activate",2,0,0,0,0,""
"src/SharpLink.Runtime/PooledByteBufferWriter.cs",98,"SharpLink.Runtime","Method","Public","GetMemory",2,0,4,1,0,""
"src/SharpLink.Runtime/PooledByteBufferWriter.cs",112,"SharpLink.Runtime","Method","Public","Advance",2,0,21,7,0,""
"src/SharpLink.Runtime/PooledByteBufferWriter.cs",124,"SharpLink.Runtime","Method","Public","Clear",2,0,4,8,0,""
"src/SharpLink.Runtime/PooledByteBufferWriter.cs",133,"SharpLink.Runtime","Method","Internal","TryRelease",1,0,0,0,0,""
"src/SharpLink.Runtime/PooledByteBufferWriter.cs",161,"SharpLink.Runtime","Method","Internal","ReleaseRetainedBuffer",3,0,1,0,0,""
"src/SharpLink.Runtime/PooledByteBufferWriter.cs",170,"SharpLink.Runtime","Method","Private","EnsureCapacity",2,0,0,0,0,""
"src/SharpLink.Runtime/PooledByteBufferWriter.cs",191,"SharpLink.Runtime","Method","Private","EnsureActive",10,0,0,0,0,""
"src/SharpLink.Runtime/PooledByteBufferWriter.cs",198,"SharpLink.Runtime","Method","Private","CreateLimitException",2,0,0,0,0,""
"src/SharpLink.Runtime/PreAdmissionStreamDispatcher.cs",8,"SharpLink.Runtime","NamedType","Internal","global::SharpLink.Runtime.PreAdmissionStreamDispatcher",20,0,14,0,0,""
"src/SharpLink.Runtime/PreAdmissionStreamDispatcher.cs",19,"SharpLink.Runtime","Field","Private","s_bufferedItemObserverForTests",4,0,0,0,0,""
"src/SharpLink.Runtime/PreAdmissionStreamDispatcher.cs",22,"SharpLink.Runtime","Field","Private","_items",10,0,0,0,0,""
"src/SharpLink.Runtime/PreAdmissionStreamDispatcher.cs",23,"SharpLink.Runtime","Field","Private","_retentionPolicy",8,0,0,0,0,""
"src/SharpLink.Runtime/PreAdmissionStreamDispatcher.cs",28,"SharpLink.Runtime","Field","Private","_decodeCompressed",6,0,0,0,0,""
"src/SharpLink.Runtime/PreAdmissionStreamDispatcher.cs",29,"SharpLink.Runtime","Field","Private","_dispatcher",18,0,0,0,0,""
"src/SharpLink.Runtime/PreAdmissionStreamDispatcher.cs",30,"SharpLink.Runtime","Field","Private","_childLease",3,0,0,0,0,""
"src/SharpLink.Runtime/PreAdmissionStreamDispatcher.cs",32,"SharpLink.Runtime","Field","Private","_requestId",7,0,0,0,0,""
"src/SharpLink.Runtime/PreAdmissionStreamDispatcher.cs",33,"SharpLink.Runtime","Field","Private","_streamId",7,0,0,0,0,""
"src/SharpLink.Runtime/PreAdmissionStreamDispatcher.cs",34,"SharpLink.Runtime","Field","Private","_completion",16,0,0,0,0,""
"src/SharpLink.Runtime/PreAdmissionStreamDispatcher.cs",36,"SharpLink.Runtime","Field","Private","_completionForwarded",5,0,0,0,0,""
"src/SharpLink.Runtime/PreAdmissionStreamDispatcher.cs",37,"SharpLink.Runtime","Field","Private","_discarding",13,0,0,0,0,""
"src/SharpLink.Runtime/PreAdmissionStreamDispatcher.cs",38,"SharpLink.Runtime","Field","Private","_localAbandonRequested",8,0,0,0,0,""
"src/SharpLink.Runtime/PreAdmissionStreamDispatcher.cs",39,"SharpLink.Runtime","Field","Private","_retainUntilLocalCompletion",4,0,0,0,0,""
"src/SharpLink.Runtime/PreAdmissionStreamDispatcher.cs",40,"SharpLink.Runtime","Field","Private","_attachmentInProgress",18,0,0,0,0,""
"src/SharpLink.Runtime/PreAdmissionStreamDispatcher.cs",41,"SharpLink.Runtime","Field","Private","_configurationVersion",4,0,0,0,0,""
"src/SharpLink.Runtime/PreAdmissionStreamDispatcher.cs",42,"SharpLink.Runtime","Field","Private","_replayedDuringAttach",9,0,0,0,0,""
"src/SharpLink.Runtime/PreAdmissionStreamDispatcher.cs",43,"SharpLink.Runtime","Field","Private","_retainedBytes",8,0,0,0,0,""
"src/SharpLink.Runtime/PreAdmissionStreamDispatcher.cs",44,"SharpLink.Runtime","Field","Private","_activeChildDispatches",12,0,0,0,0,""
"src/SharpLink.Runtime/PreAdmissionStreamDispatcher.cs",45,"SharpLink.Runtime","Field","Private","_childClosed",12,0,0,0,0,""
"src/SharpLink.Runtime/PreAdmissionStreamDispatcher.cs",46,"SharpLink.Runtime","Field","Private","_childDetachRequested",7,0,0,0,0,""
"src/SharpLink.Runtime/PreAdmissionStreamDispatcher.cs",47,"SharpLink.Runtime","Field","Private","_disposeChildOnDetach",4,0,0,0,0,""
"src/SharpLink.Runtime/PreAdmissionStreamDispatcher.cs",48,"SharpLink.Runtime","Field","Private","_childDetached",10,0,0,0,0,""
"src/SharpLink.Runtime/PreAdmissionStreamDispatcher.cs",49,"SharpLink.Runtime","Field","Private","_childDetachFinalizing",7,0,0,0,0,""
"src/SharpLink.Runtime/PreAdmissionStreamDispatcher.cs",50,"SharpLink.Runtime","Field","Private","_childDispatchesDrained",4,0,0,0,0,""
"src/SharpLink.Runtime/PreAdmissionStreamDispatcher.cs",51,"SharpLink.Runtime","Field","Private","_childDetachedCompletion",4,0,0,0,0,""
"src/SharpLink.Runtime/PreAdmissionStreamDispatcher.cs",68,"SharpLink.Runtime","Method","Internal","TryCompleteAndRetain",2,0,0,0,0,""
"src/SharpLink.Runtime/PreAdmissionStreamDispatcher.cs",217,"SharpLink.Runtime","Method","Internal","DispatchCompressedAsync",1,0,1,0,0,""
"src/SharpLink.Runtime/PreAdmissionStreamDispatcher.cs",382,"SharpLink.Runtime","Method","Internal","Abandon",2,0,3,0,0,""
"src/SharpLink.Runtime/PreAdmissionStreamDispatcher.cs",410,"SharpLink.Runtime","Method","Internal","TryBeginAttach",2,0,3,0,0,""
"src/SharpLink.Runtime/PreAdmissionStreamDispatcher.cs",443,"SharpLink.Runtime","Method","Internal","FinishAttach",2,0,3,0,0,""
"src/SharpLink.Runtime/PreAdmissionStreamDispatcher.cs",622,"SharpLink.Runtime","Method","Private","ReconfigureFrom",1,0,0,0,0,""
"src/SharpLink.Runtime/PreAdmissionStreamDispatcher.cs",653,"SharpLink.Runtime","Method","Private","ReplayBufferedItemsAsync",1,0,0,0,0,""
"src/SharpLink.Runtime/PreAdmissionStreamDispatcher.cs",733,"SharpLink.Runtime","Method","Private","ObserveReplayFailureAsync",1,0,0,0,0,""
"src/SharpLink.Runtime/PreAdmissionStreamDispatcher.cs",739,"SharpLink.Runtime","Method","Private","FailAttachment",2,0,0,0,0,""
"src/SharpLink.Runtime/PreAdmissionStreamDispatcher.cs",776,"SharpLink.Runtime","Method","Private","FinalizeAttachmentEnd",1,0,0,0,0,""
"src/SharpLink.Runtime/PreAdmissionStreamDispatcher.cs",794,"SharpLink.Runtime","Method","Private","ConfigureAttachedDispatcher",1,0,0,0,0,""
"src/SharpLink.Runtime/PreAdmissionStreamDispatcher.cs",835,"SharpLink.Runtime","Method","Private","TryAcquireLiveChildDispatchLocked",6,0,0,0,0,""
"src/SharpLink.Runtime/PreAdmissionStreamDispatcher.cs",846,"SharpLink.Runtime","Method","Private","TryAcquireReplayChildDispatchLocked",1,0,0,0,0,""
"src/SharpLink.Runtime/PreAdmissionStreamDispatcher.cs",857,"SharpLink.Runtime","Method","Private","TryAcquireCompletionDispatchLocked",3,0,0,0,0,""
"src/SharpLink.Runtime/PreAdmissionStreamDispatcher.cs",872,"SharpLink.Runtime","Method","Private","TryAcquireChildDispatchLocked",2,0,0,0,0,""
"src/SharpLink.Runtime/PreAdmissionStreamDispatcher.cs",884,"SharpLink.Runtime","Method","Private","DispatchAttachedAcquired",5,0,0,0,0,""
"src/SharpLink.Runtime/PreAdmissionStreamDispatcher.cs",910,"SharpLink.Runtime","Method","Private","AwaitChildDispatchAsync",1,0,0,0,0,""
"src/SharpLink.Runtime/PreAdmissionStreamDispatcher.cs",916,"SharpLink.Runtime","Method","Private","RequireCompressedDecoderAfterChildDispatchAcquired",4,0,0,0,0,""
"src/SharpLink.Runtime/PreAdmissionStreamDispatcher.cs",928,"SharpLink.Runtime","Method","Private","DecodeAndDispatchAcquired",4,0,0,0,0,""
"src/SharpLink.Runtime/PreAdmissionStreamDispatcher.cs",962,"SharpLink.Runtime","Method","Private","AwaitDecodedDispatchAsync",1,0,0,0,0,""
"src/SharpLink.Runtime/PreAdmissionStreamDispatcher.cs",970,"SharpLink.Runtime","Method","Private","AwaitRetainedCompressedDispatchAsync",1,0,0,0,0,""
"src/SharpLink.Runtime/PreAdmissionStreamDispatcher.cs",984,"SharpLink.Runtime","Method","Private","CompleteAttachedDispatcher",4,0,0,0,0,""
"src/SharpLink.Runtime/PreAdmissionStreamDispatcher.cs",992,"SharpLink.Runtime","Method","Private","CanRetainLocked",2,0,0,0,0,""
"src/SharpLink.Runtime/PreAdmissionStreamDispatcher.cs",995,"SharpLink.Runtime","Method","Private","TakeBufferedItemsLocked",6,0,0,0,0,""
"src/SharpLink.Runtime/PreAdmissionStreamDispatcher.cs",1004,"SharpLink.Runtime","Method","Private","TakeDispatchesDrainedCompletionLocked",3,0,0,0,0,""
"src/SharpLink.Runtime/PreAdmissionStreamDispatcher.cs",1011,"SharpLink.Runtime","Method","Private","ReleaseBufferedItem",2,0,0,0,0,""
"src/SharpLink.Runtime/PreAdmissionStreamDispatcher.cs",1028,"SharpLink.Runtime","Method","Private","DiscardBufferedItems",6,0,0,0,0,""
"src/SharpLink.Runtime/PreAdmissionStreamDispatcher.cs",1034,"SharpLink.Runtime","Method","Private","CreateRetentionPolicy",1,0,0,0,0,""
"src/SharpLink.Runtime/PreAdmissionStreamDispatcher.cs",1047,"SharpLink.Runtime","Method","Private","CreateElementCapacityException",2,0,0,0,0,""
"src/SharpLink.Runtime/PreAdmissionStreamDispatcher.cs",1052,"SharpLink.Runtime","Method","Private","CreateRetentionCapacityException",2,0,0,0,0,""
"src/SharpLink.Runtime/PreAdmissionStreamDispatcher.cs",1057,"SharpLink.Runtime","Method","Private","CreateRetentionReconfigurationCapacityException",1,0,0,0,0,""
"src/SharpLink.Runtime/PreAdmissionStreamDispatcher.cs",1066,"SharpLink.Runtime","NamedType","Private","global::SharpLink.Runtime.PreAdmissionStreamDispatcher.RetentionPolicy",7,0,0,0,0,""
"src/SharpLink.Runtime/PreAdmissionStreamDispatcher.cs",1072,"SharpLink.Runtime","NamedType","Private","global::SharpLink.Runtime.PreAdmissionStreamDispatcher.BufferedItem",14,0,0,0,0,""
"src/SharpLink.Runtime/PreAdmissionStreamDispatcher.cs",1079,"SharpLink.Runtime","NamedType","Private","global::SharpLink.Runtime.PreAdmissionStreamDispatcher.ChildDetachWork",2,0,0,0,0,""
"src/SharpLink.Runtime/PreAdmissionStreamDispatcher.cs",1085,"SharpLink.Runtime","NamedType","Internal","global::SharpLink.Runtime.PreAdmissionDecodedPayload",14,0,0,0,0,""
"src/SharpLink.Runtime/PreAdmissionStreamDispatcher.Ownership.cs",5,"SharpLink.Runtime","Method","Private","ReleaseChildDispatch",7,0,0,0,0,""
"src/SharpLink.Runtime/PreAdmissionStreamDispatcher.Ownership.cs",23,"SharpLink.Runtime","Method","Private","TryFinalizeChildDetach",6,0,0,0,0,""
"src/SharpLink.Runtime/PreAdmissionStreamDispatcher.Ownership.cs",62,"SharpLink.Runtime","Method","Private","BeginAbandonedDispatcherDisposal",1,0,0,0,0,""
"src/SharpLink.Runtime/PreAdmissionStreamDispatcher.Ownership.cs",88,"SharpLink.Runtime","Method","Private","ObserveAbandonedDispatcherDisposalAsync",1,0,0,0,0,""
"src/SharpLink.Runtime/PreCreditSerializedBudget.cs",8,"SharpLink.Runtime","NamedType","Internal","global::SharpLink.Runtime.PreCreditSerializedBudget",8,0,7,0,0,""
"src/SharpLink.Runtime/PreCreditSerializedBudget.cs",11,"SharpLink.Runtime","Field","Private","_maxBytes",4,0,0,0,0,""
"src/SharpLink.Runtime/PreCreditSerializedBudget.cs",12,"SharpLink.Runtime","Field","Private","_maxWaiters",3,0,0,0,0,""
"src/SharpLink.Runtime/PreCreditSerializedBudget.cs",13,"SharpLink.Runtime","Field","Private","_reservedBytes",4,0,0,0,0,""
"src/SharpLink.Runtime/PreCreditSerializedBudget.cs",14,"SharpLink.Runtime","Field","Private","_waiterCount",5,0,0,0,0,""
"src/SharpLink.Runtime/PreCreditSerializedBudget.cs",15,"SharpLink.Runtime","Field","Private","_contendedAcquires",5,0,0,0,0,""
"src/SharpLink.Runtime/PreCreditSerializedBudget.cs",16,"SharpLink.Runtime","Field","Private","_head",6,0,0,0,0,""
"src/SharpLink.Runtime/PreCreditSerializedBudget.cs",17,"SharpLink.Runtime","Field","Private","_tail",5,0,0,0,0,""
"src/SharpLink.Runtime/PreCreditSerializedBudget.cs",18,"SharpLink.Runtime","Field","Private","_terminal",24,0,0,0,0,""
"src/SharpLink.Runtime/PreCreditSerializedBudget.cs",20,"SharpLink.Runtime","Method","Internal","PreCreditSerializedBudget",1,0,7,0,0,"Constructor/activation"
"src/SharpLink.Runtime/PreCreditSerializedBudget.cs",28,"SharpLink.Runtime","Property","Internal","MaxBytes",1,0,0,0,0,""
"src/SharpLink.Runtime/PreCreditSerializedBudget.cs",30,"SharpLink.Runtime","Property","Internal","ReservedBytes",1,0,9,0,0,""
"src/SharpLink.Runtime/PreCreditSerializedBudget.cs",32,"SharpLink.Runtime","Property","Internal","WaiterCount",1,0,8,0,0,""
"src/SharpLink.Runtime/PreCreditSerializedBudget.cs",34,"SharpLink.Runtime","Method","Internal","AcquireAsync",2,0,19,0,0,""
"src/SharpLink.Runtime/PreCreditSerializedBudget.cs",66,"SharpLink.Runtime","Method","Private","AcquireContendedAsync",1,0,0,0,0,""
"src/SharpLink.Runtime/PreCreditSerializedBudget.cs",103,"SharpLink.Runtime","Method","Internal","Release",20,0,13,0,0,""
"src/SharpLink.Runtime/PreCreditSerializedBudget.cs",110,"SharpLink.Runtime","Method","Internal","CompleteStream",10,0,21,0,0,""
"src/SharpLink.Runtime/PreCreditSerializedBudget.cs",159,"SharpLink.Runtime","Method","Private","TryReserveAtomic",3,0,0,0,0,""
"src/SharpLink.Runtime/PreCreditSerializedBudget.cs",183,"SharpLink.Runtime","Method","Private","ReleaseAtomic",3,0,0,0,0,""
"src/SharpLink.Runtime/PreCreditSerializedBudget.cs",190,"SharpLink.Runtime","Method","Private","DrainWaitersIfContended",1,0,0,0,0,""
"src/SharpLink.Runtime/PreCreditSerializedBudget.cs",198,"SharpLink.Runtime","Method","Private","WaitForGrantAsync",1,0,0,0,0,""
"src/SharpLink.Runtime/PreCreditSerializedBudget.cs",225,"SharpLink.Runtime","Method","Private","DrainWaiters",5,0,0,0,0,""
"src/SharpLink.Runtime/PreCreditSerializedBudget.cs",249,"SharpLink.Runtime","Method","Private","Remove",4,0,0,0,0,""
"src/SharpLink.Runtime/PreCreditSerializedBudget.cs",267,"SharpLink.Runtime","Method","Private","ExitContendedAcquire",4,0,0,0,0,""
"src/SharpLink.Runtime/PreCreditSerializedBudget.cs",274,"SharpLink.Runtime","Method","Private","CompleteRejectedWaiters",2,0,0,0,0,""
"src/SharpLink.Runtime/PreCreditSerializedBudget.cs",282,"SharpLink.Runtime","NamedType","Private","global::SharpLink.Runtime.PreCreditSerializedBudget.Waiter",14,0,0,0,0,""
"src/SharpLink.Runtime/PreCreditSerializedBudget.cs",284,"SharpLink.Runtime","Property","Internal","RequestId",4,0,0,0,0,""
"src/SharpLink.Runtime/PreCreditSerializedBudget.cs",285,"SharpLink.Runtime","Property","Internal","StreamId",3,0,0,0,0,""
"src/SharpLink.Runtime/PreCreditSerializedBudget.cs",286,"SharpLink.Runtime","Property","Internal","Bytes",2,0,0,0,0,""
"src/SharpLink.Runtime/PreCreditSerializedBudget.cs",289,"SharpLink.Runtime","Property","Internal","State",19,0,3,0,0,""
"src/SharpLink.Runtime/PreCreditSerializedBudget.cs",290,"SharpLink.Runtime","Property","Internal","Previous",6,0,0,0,0,""
"src/SharpLink.Runtime/PreCreditSerializedBudget.cs",291,"SharpLink.Runtime","Property","Internal","Next",14,0,0,0,0,""
"src/SharpLink.Runtime/PreCreditSerializedBudget.cs",294,"SharpLink.Runtime","NamedType","Private","global::SharpLink.Runtime.PreCreditSerializedBudget.WaiterState",9,0,0,0,0,""
"src/SharpLink.Runtime/PreCreditSerializedBudget.cs",297,"SharpLink.Runtime","Field","Public","Queued",2,0,0,0,0,"Enum/protocol identity"
"src/SharpLink.Runtime/PreCreditSerializedBudget.cs",298,"SharpLink.Runtime","Field","Public","Granted",2,0,0,0,0,"Enum/protocol identity"
"src/SharpLink.Runtime/PreCreditSerializedBudget.cs",299,"SharpLink.Runtime","Field","Public","Cancelled",2,0,0,0,0,"Enum/protocol identity"
"src/SharpLink.Runtime/ProtocolV2/ProtocolV2ContractManifest.cs",9,"SharpLink.Runtime","NamedType","Internal","global::SharpLink.Runtime.ProtocolV2ContractManifest",15,0,11,0,0,""
"src/SharpLink.Runtime/ProtocolV2/ProtocolV2ContractManifest.cs",11,"SharpLink.Runtime","Method","Internal","ProtocolV2ContractManifest",2,0,8,0,0,"Constructor/activation"
"src/SharpLink.Runtime/ProtocolV2/ProtocolV2ContractManifest.cs",39,"SharpLink.Runtime","Property","Internal","Contracts",3,0,0,0,0,""
"src/SharpLink.Runtime/ProtocolV2/ProtocolV2ContractManifest.cs",41,"SharpLink.Runtime","Property","Internal","OrderedContracts",5,0,3,0,0,""
"src/SharpLink.Runtime/ProtocolV2/ProtocolV2ContractManifestCodec.cs",3,"SharpLink.Runtime","NamedType","Internal","global::SharpLink.Runtime.ProtocolV2ContractManifestCodec",5,0,8,0,0,""
"src/SharpLink.Runtime/ProtocolV2/ProtocolV2ContractManifestCodec.cs",5,"SharpLink.Runtime","Field","Private","HeaderBytes",9,0,2,0,0,""
"src/SharpLink.Runtime/ProtocolV2/ProtocolV2ContractManifestCodec.cs",6,"SharpLink.Runtime","Field","Private","EntryBytes",3,0,0,0,0,""
"src/SharpLink.Runtime/ProtocolV2/ProtocolV2ContractManifestCodec.cs",8,"SharpLink.Runtime","Method","Internal","Write",2,0,5,0,0,""
"src/SharpLink.Runtime/ProtocolV2/ProtocolV2ContractManifestCodec.cs",35,"SharpLink.Runtime","Method","Internal","Read",2,0,3,0,0,""
"src/SharpLink.Runtime/ProtocolV2/ProtocolV2ContractManifestCodec.cs",68,"SharpLink.Runtime","Method","Internal","ValidatePayloadShape",3,0,0,0,0,""
"src/SharpLink.Runtime/ProtocolV2/ProtocolV2ContractManifestNegotiation.cs",3,"SharpLink.Runtime","NamedType","Internal","global::SharpLink.Runtime.ProtocolV2ContractManifestNegotiation",2,0,2,0,0,""
"src/SharpLink.Runtime/ProtocolV2/ProtocolV2ContractManifestNegotiation.cs",5,"SharpLink.Runtime","Method","Internal","CreateImplementedPolicy",2,0,7,0,0,""
"src/SharpLink.Runtime/ProtocolV2/ProtocolV2FrameCodec.cs",6,"SharpLink.Runtime","NamedType","Public","global::SharpLink.Runtime.ProtocolV2FrameParser",79,0,51,2,0,""
"src/SharpLink.Runtime/ProtocolV2/ProtocolV2FrameCodec.cs",8,"SharpLink.Runtime","Field","Private","KnownFlags",1,0,0,0,0,""
"src/SharpLink.Runtime/ProtocolV2/ProtocolV2FrameCodec.cs",19,"SharpLink.Runtime","Method","Public","TryReadFrame",3,0,51,2,0,""
"src/SharpLink.Runtime/ProtocolV2/ProtocolV2FrameCodec.cs",49,"SharpLink.Runtime","Method","Private","TryReadFrameCore",2,0,0,0,0,""
"src/SharpLink.Runtime/ProtocolV2/ProtocolV2FrameCodec.cs",115,"SharpLink.Runtime","Method","Private","ParseType",1,0,0,0,0,""
"src/SharpLink.Runtime/ProtocolV2/ProtocolV2FrameCodec.cs",137,"SharpLink.Runtime","Method","Private","ParseFlags",1,0,0,0,0,""
"src/SharpLink.Runtime/ProtocolV2/ProtocolV2FrameCodec.cs",145,"SharpLink.Runtime","Method","Private","ValidateHeader",1,0,0,0,0,""
"src/SharpLink.Runtime/ProtocolV2/ProtocolV2FrameCodec.cs",313,"SharpLink.Runtime","Method","Private","ValidateRequestPayload",1,0,0,0,0,""
"src/SharpLink.Runtime/ProtocolV2/ProtocolV2FrameCodec.cs",342,"SharpLink.Runtime","Method","Internal","Violation",111,0,0,0,0,""
"src/SharpLink.Runtime/ProtocolV2/ProtocolV2FrameCodec.cs",348,"SharpLink.Runtime","Method","Private","CreateInvalidMagicMessage",1,0,0,0,0,""
"src/SharpLink.Runtime/ProtocolV2/ProtocolV2FrameCodec.cs",361,"SharpLink.Runtime","Method","Private","DebugTraceInvalidMagicPrefix",1,0,0,0,0,""
"src/SharpLink.Runtime/ProtocolV2/ProtocolV2FrameCodec.cs",376,"SharpLink.Runtime","Method","Public","BeginFrame",1,0,27,9,0,""
"src/SharpLink.Runtime/ProtocolV2/ProtocolV2FrameCodec.cs",395,"SharpLink.Runtime","Method","Public","EndFrame",1,0,27,9,0,""
"src/SharpLink.Runtime/ProtocolV2/ProtocolV2FrameCodec.cs",418,"SharpLink.Runtime","NamedType","Internal","global::SharpLink.Runtime.ProtocolV2FrameToken",4,0,29,9,0,""
"src/SharpLink.Runtime/ProtocolV2/ProtocolV2Negotiator.cs",4,"SharpLink.Runtime","NamedType","Internal","global::SharpLink.Runtime.ProtocolV2NegotiationPolicy",11,0,17,0,0,""
"src/SharpLink.Runtime/ProtocolV2/ProtocolV2Negotiator.cs",6,"SharpLink.Runtime","Method","Private","ProtocolV2NegotiationPolicy",1,0,0,0,0,"Constructor/activation"
"src/SharpLink.Runtime/ProtocolV2/ProtocolV2Negotiator.cs",22,"SharpLink.Runtime","Property","Internal","MinorVersion",3,0,0,0,0,""
"src/SharpLink.Runtime/ProtocolV2/ProtocolV2Negotiator.cs",24,"SharpLink.Runtime","Property","Internal","SupportedCapabilities",6,0,3,0,0,""
"src/SharpLink.Runtime/ProtocolV2/ProtocolV2Negotiator.cs",32,"SharpLink.Runtime","Property","Internal","CompressionProviders",5,0,0,0,0,""
"src/SharpLink.Runtime/ProtocolV2/ProtocolV2Negotiator.cs",110,"SharpLink.Runtime","NamedType","Internal","global::SharpLink.Runtime.ProtocolV2ServerNegotiation",4,0,8,0,0,""
"src/SharpLink.Runtime/ProtocolV2/ProtocolV2Negotiator.cs",112,"SharpLink.Runtime","Method","Internal","ProtocolV2ServerNegotiation",1,0,0,0,0,"Constructor/activation"
"src/SharpLink.Runtime/ProtocolV2/ProtocolV2Negotiator.cs",120,"SharpLink.Runtime","Property","Internal","Response",2,0,18,0,0,""
"src/SharpLink.Runtime/ProtocolV2/ProtocolV2Negotiator.cs",126,"SharpLink.Runtime","NamedType","Internal","global::SharpLink.Runtime.ProtocolV2Negotiator",4,0,40,0,0,""
"src/SharpLink.Runtime/ProtocolV2/ProtocolV2Negotiator.cs",128,"SharpLink.Runtime","Field","Internal","AlwaysImplementedCapabilities",2,0,3,0,0,""
"src/SharpLink.Runtime/ProtocolV2/ProtocolV2Negotiator.cs",153,"SharpLink.Runtime","Method","Internal","CreateClientOffer",1,0,5,0,0,""
"src/SharpLink.Runtime/ProtocolV2/ProtocolV2Negotiator.cs",189,"SharpLink.Runtime","Method","Internal","NegotiateServer",1,0,16,0,0,""
"src/SharpLink.Runtime/ProtocolV2/ProtocolV2Negotiator.cs",250,"SharpLink.Runtime","Method","Internal","ValidateServerResponse",1,0,11,0,0,""
"src/SharpLink.Runtime/ProtocolV2/ProtocolV2Negotiator.cs",326,"SharpLink.Runtime","Method","Private","ValidatePeerOffer",2,0,0,0,0,""
"src/SharpLink.Runtime/ProtocolV2/ProtocolV2Negotiator.cs",358,"SharpLink.Runtime","Method","Private","ValidatePeerCompressionProfiles",1,0,0,0,0,""
"src/SharpLink.Runtime/ProtocolV2/ProtocolV2Negotiator.cs",388,"SharpLink.Runtime","Method","Private","SelectServerCompressionBinding",1,0,0,0,0,""
"src/SharpLink.Runtime/ProtocolV2/ProtocolV2Negotiator.cs",401,"SharpLink.Runtime","Method","Private","FindBinding",1,0,0,0,0,""
"src/SharpLink.Runtime/ProtocolV2/ProtocolV2Negotiator.cs",413,"SharpLink.Runtime","Method","Private","ContainsProfile",2,0,0,0,0,""
"src/SharpLink.Runtime/ProtocolV2/ProtocolV2Negotiator.cs",423,"SharpLink.Runtime","Method","Private","ValidatePeerLimits",4,0,0,0,0,""
"src/SharpLink.Runtime/ProtocolV2/ProtocolV2Negotiator.cs",446,"SharpLink.Runtime","Method","Private","Failure",31,0,0,0,0,""
"src/SharpLink.Runtime/ProtocolV2/ProtocolV2PayloadCodec.cs",6,"SharpLink.Runtime","NamedType","Public","global::SharpLink.Runtime.ProtocolV2PayloadCodec",50,0,104,10,0,""
"src/SharpLink.Runtime/ProtocolV2/ProtocolV2PayloadCodec.cs",10,"SharpLink.Runtime","Field","Private","SStrictUtf8",10,0,0,0,0,""
"src/SharpLink.Runtime/ProtocolV2/ProtocolV2PayloadCodec.cs",11,"SharpLink.Runtime","Field","Private","HandshakeRequestFixedBytes",1,0,0,0,0,""
"src/SharpLink.Runtime/ProtocolV2/ProtocolV2PayloadCodec.cs",14,"SharpLink.Runtime","Field","Private","HandshakeResponseBytes",2,0,0,0,0,""
"src/SharpLink.Runtime/ProtocolV2/ProtocolV2PayloadCodec.cs",18,"SharpLink.Runtime","Method","Public","WriteHandshakeRequest",1,0,15,0,0,""
"src/SharpLink.Runtime/ProtocolV2/ProtocolV2PayloadCodec.cs",55,"SharpLink.Runtime","Method","Public","ReadHandshakeRequest",1,0,5,0,0,""
"src/SharpLink.Runtime/ProtocolV2/ProtocolV2PayloadCodec.cs",109,"SharpLink.Runtime","Method","Public","WriteHandshakeResponse",1,0,11,0,0,""
"src/SharpLink.Runtime/ProtocolV2/ProtocolV2PayloadCodec.cs",136,"SharpLink.Runtime","Method","Public","ReadHandshakeResponse",1,0,4,0,0,""
"src/SharpLink.Runtime/ProtocolV2/ProtocolV2PayloadCodec.cs",172,"SharpLink.Runtime","Method","Private","ValidateRecognizedCapabilities",1,0,0,0,0,""
"src/SharpLink.Runtime/ProtocolV2/ProtocolV2PayloadCodec.cs",180,"SharpLink.Runtime","Method","Private","ValidateOutboundCompressionSelection",1,0,0,0,0,""
"src/SharpLink.Runtime/ProtocolV2/ProtocolV2PayloadCodec.cs",192,"SharpLink.Runtime","Method","Private","ValidateInboundCompressionSelection",1,0,0,0,0,""
"src/SharpLink.Runtime/ProtocolV2/ProtocolV2PayloadCodec.cs",203,"SharpLink.Runtime","Method","Private","ValidateCompressionProfiles",1,0,0,0,0,""
"src/SharpLink.Runtime/ProtocolV2/ProtocolV2PayloadCodec.cs",216,"SharpLink.Runtime","Method","Private","WriteCompressionProfiles",1,0,0,0,0,""
"src/SharpLink.Runtime/ProtocolV2/ProtocolV2PayloadCodec.cs",226,"SharpLink.Runtime","Method","Private","ReadCompressionProfiles",1,0,0,0,0,""
"src/SharpLink.Runtime/ProtocolV2/ProtocolV2PayloadCodec.cs",250,"SharpLink.Runtime","Method","Private","ReadCompressionProfile",2,0,0,0,0,""
"src/SharpLink.Runtime/ProtocolV2/ProtocolV2PayloadCodec.cs",264,"SharpLink.Runtime","Method","Private","WriteAscii",2,0,0,0,0,""
"src/SharpLink.Runtime/ProtocolV2/ProtocolV2PayloadCodec.cs",272,"SharpLink.Runtime","Method","Private","WriteByte",6,0,0,0,0,""
"src/SharpLink.Runtime/ProtocolV2/ProtocolV2PayloadCodec.cs",280,"SharpLink.Runtime","Method","Public","WriteWindowUpdate",1,0,1,2,0,""
"src/SharpLink.Runtime/ProtocolV2/ProtocolV2PayloadCodec.cs",294,"SharpLink.Runtime","Method","Public","ReadWindowUpdate",2,0,2,0,0,""
"src/SharpLink.Runtime/ProtocolV2/ProtocolV2PayloadCodec.cs",310,"SharpLink.Runtime","Method","Public","WriteCancelReason",1,0,3,1,0,""
"src/SharpLink.Runtime/ProtocolV2/ProtocolV2PayloadCodec.cs",328,"SharpLink.Runtime","Method","Public","ReadCancelReason",1,0,3,0,0,""
"src/SharpLink.Runtime/ProtocolV2/ProtocolV2PayloadCodec.cs",341,"SharpLink.Runtime","Method","Public","WriteHealthResponse",3,0,1,0,0,""
"src/SharpLink.Runtime/ProtocolV2/ProtocolV2PayloadCodec.cs",358,"SharpLink.Runtime","Method","Public","ReadHealthResponse",1,0,2,0,0,""
"src/SharpLink.Runtime/ProtocolV2/ProtocolV2PayloadCodec.cs",371,"SharpLink.Runtime","Method","Public","WriteError",8,0,12,2,0,""
"src/SharpLink.Runtime/ProtocolV2/ProtocolV2PayloadCodec.cs",419,"SharpLink.Runtime","Method","Public","ReadError",5,0,8,0,0,""
"src/SharpLink.Runtime/ProtocolV2/ProtocolV2PayloadCodec.cs",451,"SharpLink.Runtime","Method","Internal","ValidateErrorPayload",4,0,2,0,0,""
"src/SharpLink.Runtime/ProtocolV2/ProtocolV2PayloadCodec.cs",470,"SharpLink.Runtime","Method","Internal","GetMetadataPayloadLength",2,0,0,1,0,""
"src/SharpLink.Runtime/ProtocolV2/ProtocolV2PayloadCodec.cs",485,"SharpLink.Runtime","Method","Internal","WriteMetadata",2,0,5,2,0,""
"src/SharpLink.Runtime/ProtocolV2/ProtocolV2PayloadCodec.cs",498,"SharpLink.Runtime","Method","Internal","ReadMetadata",1,0,6,1,0,""
"src/SharpLink.Runtime/ProtocolV2/ProtocolV2PayloadCodec.cs",520,"SharpLink.Runtime","Method","Internal","WriteVarUInt32",5,0,5,1,0,""
"src/SharpLink.Runtime/ProtocolV2/ProtocolV2PayloadCodec.cs",533,"SharpLink.Runtime","Method","Internal","TryReadVarUInt32",9,0,0,0,0,""
"src/SharpLink.Runtime/ProtocolV2/ProtocolV2PayloadCodec.cs",549,"SharpLink.Runtime","Method","Private","DecodeStrictUtf8",1,0,0,0,0,""
"src/SharpLink.Runtime/ProtocolV2/ProtocolV2PayloadCodec.cs",561,"SharpLink.Runtime","Method","Private","ValidateStrictUtf8",1,0,0,0,0,""
"src/SharpLink.Runtime/ProtocolV2/ProtocolV2PayloadCodec.cs",602,"SharpLink.Runtime","Method","Private","GetVarUInt32Length",4,0,0,0,0,""
"src/SharpLink.Runtime/ProtocolV2/ProtocolV2PayloadCodec.cs",613,"SharpLink.Runtime","Method","Private","WriteUtf8",2,0,0,0,0,""
"src/SharpLink.Runtime/ProtocolV2/ProtocolV2PayloadCodec.cs",631,"SharpLink.Runtime","Method","Private","ReadUtf8",2,0,0,0,0,""
"src/SharpLink.Runtime/ProtocolV2/ProtocolV2PayloadCodec.cs",654,"SharpLink.Runtime","Method","Private","FindUtf8PrefixLength",1,0,0,0,0,""
"src/SharpLink.Runtime/ProtocolV2/ProtocolV2PayloadCodec.cs",688,"SharpLink.Runtime","Method","Private","ValidateLocalLimits",2,0,0,0,0,""
"src/SharpLink.Runtime/ProtocolV2/ProtocolV2PayloadCodec.cs",703,"SharpLink.Runtime","Method","Private","ValidateHealthStatus",1,0,0,0,0,""
"src/SharpLink.Runtime/ProtocolV2/ProtocolV2PayloadCodec.cs",713,"SharpLink.Runtime","Method","Private","ValidateCancelReason",1,0,0,0,0,""
"src/SharpLink.Runtime/ProtocolV2/ProtocolV2PayloadCodec.cs",730,"SharpLink.Runtime","Method","Internal","IsDefinedErrorCode",4,0,0,0,0,""
"src/SharpLink.Runtime/ProtocolV2/ProtocolV2PayloadCodec.cs",756,"SharpLink.Runtime","Method","Private","WriteUInt16",5,0,0,0,0,""
"src/SharpLink.Runtime/ProtocolV2/ProtocolV2PayloadCodec.cs",763,"SharpLink.Runtime","Method","Private","WriteUInt64",6,0,0,0,0,""
"src/SharpLink.Runtime/ProtocolV2/ProtocolV2PayloadCodec.ResponseCompressionPreference.cs",6,"SharpLink.Runtime","Method","Public","WriteResponseCompressionPreferenceUpdate",1,0,1,0,0,""
"src/SharpLink.Runtime/ProtocolV2/ProtocolV2PayloadCodec.ResponseCompressionPreference.cs",16,"SharpLink.Runtime","Method","Public","ReadResponseCompressionPreferenceUpdate",2,0,3,0,0,""
"src/SharpLink.Runtime/ProtocolV2/ProtocolV2PayloadCodec.ResponseCompressionPreference.cs",30,"SharpLink.Runtime","Method","Public","WriteResponseCompressionPreferenceAck",1,0,0,0,0,""
"src/SharpLink.Runtime/ProtocolV2/ProtocolV2PayloadCodec.ResponseCompressionPreference.cs",39,"SharpLink.Runtime","Method","Public","ReadResponseCompressionPreferenceAck",2,0,0,0,0,""
"src/SharpLink.Runtime/ProtocolV2/ProtocolV2PayloadCodec.SessionRefresh.cs",5,"SharpLink.Runtime","Field","Private","SessionRefreshRequestedBytes",4,0,0,0,0,""
"src/SharpLink.Runtime/ProtocolV2/ProtocolV2PayloadCodec.SessionRefresh.cs",8,"SharpLink.Runtime","Method","Public","WriteSessionRefreshRequested",1,0,12,0,0,""
"src/SharpLink.Runtime/ProtocolV2/ProtocolV2PayloadCodec.SessionRefresh.cs",26,"SharpLink.Runtime","Method","Public","ReadSessionRefreshRequested",2,0,3,0,0,""
"src/SharpLink.Runtime/ProtocolViolationReason.cs",7,"SharpLink.Runtime","NamedType","Internal","global::SharpLink.Runtime.ProtocolViolationReason",42,0,8,0,0,""
"src/SharpLink.Runtime/ProtocolViolationReason.cs",10,"SharpLink.Runtime","Field","Public","InvalidMagic",2,0,2,0,0,"Enum/protocol identity"
"src/SharpLink.Runtime/ProtocolViolationReason.cs",13,"SharpLink.Runtime","Field","Public","MalformedFrame",13,0,3,0,0,"Enum/protocol identity"
"src/SharpLink.Runtime/ProtocolViolationReason.cs",16,"SharpLink.Runtime","Field","Public","ProtocolState",12,0,1,0,0,"Enum/protocol identity"
"src/SharpLink.Runtime/ProtocolViolationReason.cs",19,"SharpLink.Runtime","Field","Public","InternalState",4,0,1,0,0,"Enum/protocol identity"
"src/SharpLink.Runtime/ProtocolViolationReason.cs",22,"SharpLink.Runtime","Field","Public","Other",2,0,1,0,0,"Enum/protocol identity"
"src/SharpLink.Runtime/ProtocolViolationReason.cs",30,"SharpLink.Runtime","NamedType","Internal","global::SharpLink.Runtime.SharpLinkProtocolViolationException",28,0,3,0,0,""
"src/SharpLink.Runtime/ProtocolViolationReason.cs",32,"SharpLink.Runtime","Method","Internal","SharpLinkProtocolViolationException",23,0,0,0,0,"Constructor/activation"
"src/SharpLink.Runtime/ProtocolViolationReason.cs",47,"SharpLink.Runtime","Property","Internal","Reason",3,0,0,0,0,""
"src/SharpLink.Runtime/ProtocolViolationReason.cs",49,"SharpLink.Runtime","Method","Internal","Classify",4,0,3,0,0,""
"src/SharpLink.Runtime/ProtocolViolationReason.cs",58,"SharpLink.Runtime","Method","Internal","ToLogToken",1,0,5,0,0,""
"src/SharpLink.Runtime/RpcSession.ClientStreamPublication.cs",3,"SharpLink.Runtime","NamedType","Internal","global::SharpLink.Runtime.RpcSession",124,0,280,45,0,""
"src/SharpLink.Runtime/RpcSession.ClientStreamPublication.cs",5,"SharpLink.Runtime","Method","Internal","SendClientStreamChunkAsync<T>",2,0,1,0,0,""
"src/SharpLink.Runtime/RpcSession.ClientStreamPublication.cs",99,"SharpLink.Runtime","Method","Internal","SendClientStreamComplete",1,0,1,0,0,""
"src/SharpLink.Runtime/RpcSession.ClientStreamPublication.cs",141,"SharpLink.Runtime","Method","Internal","SendClientStreamError",1,0,1,0,0,""
"src/SharpLink.Runtime/RpcSession.ClientStreamPublication.cs",192,"SharpLink.Runtime","Method","Private","SendClientStreamChunkKnownSizeAsync<T>",2,0,0,0,0,""
"src/SharpLink.Runtime/RpcSession.ClientStreamPublication.cs",262,"SharpLink.Runtime","Method","Private","SendClientUnsizedStreamChunkAsync<T>",2,0,0,0,0,""
"src/SharpLink.Runtime/RpcSession.ClientStreamPublication.cs",341,"SharpLink.Runtime","Method","Private","AwaitClientPreCreditBudgetAndFlowCreditAsync",1,0,0,0,0,""
"src/SharpLink.Runtime/RpcSession.ClientStreamPublication.cs",389,"SharpLink.Runtime","Method","Private","ThrowIfClientStreamPublicationRejected",9,0,0,0,0,""
"src/SharpLink.Runtime/RpcSession.Compression.cs",8,"SharpLink.Runtime","Method","Private","PrepareOutboundPacket",4,0,0,0,0,""
"src/SharpLink.Runtime/RpcSession.Compression.cs",113,"SharpLink.Runtime","Method","Internal","DecodeInboundPayload",9,0,7,0,0,""
"src/SharpLink.Runtime/RpcSession.Compression.cs",196,"SharpLink.Runtime","Method","Internal","ValidateInboundPayloadEnvelope",4,0,0,0,0,""
"src/SharpLink.Runtime/RpcSession.Compression.cs",238,"SharpLink.Runtime","Method","Internal","ReturnDecodedPayload",20,0,4,0,0,""
"src/SharpLink.Runtime/RpcSession.Compression.cs",244,"SharpLink.Runtime","Method","Internal","ReadCompressedStreamId",3,0,0,0,0,""
"src/SharpLink.Runtime/RpcSession.Compression.cs",252,"SharpLink.Runtime","Method","Internal","ReadCompressedOriginalLength",2,0,0,0,0,""
"src/SharpLink.Runtime/RpcSession.Compression.cs",264,"SharpLink.Runtime","Method","Internal","ReadCompressedDecodedPayloadLength",2,0,0,0,0,""
"src/SharpLink.Runtime/RpcSession.Compression.cs",274,"SharpLink.Runtime","Method","Private","GetBusinessPrefixLength",5,0,0,0,0,""
"src/SharpLink.Runtime/RpcSession.Compression.cs",313,"SharpLink.Runtime","NamedType","Internal","global::SharpLink.Runtime.SharpLinkCompressionProviderException",4,0,0,0,0,""
"src/SharpLink.Runtime/RpcSession.Compression.cs",315,"SharpLink.Runtime","Method","Internal","SharpLinkCompressionProviderException",1,0,0,0,0,"Constructor/activation"
"src/SharpLink.Runtime/RpcSession.cs",6,"SharpLink.Runtime","Property","Internal","Id",23,0,24,0,0,""
"src/SharpLink.Runtime/RpcSession.cs",8,"SharpLink.Runtime","Property","Internal","RuntimeContext",90,0,31,9,0,""
"src/SharpLink.Runtime/RpcSession.cs",9,"SharpLink.Runtime","Property","Internal","Role",10,0,1,0,0,""
"src/SharpLink.Runtime/RpcSession.cs",10,"SharpLink.Runtime","Field","Private","_protocolState",34,0,0,0,0,""
"src/SharpLink.Runtime/RpcSession.cs",11,"SharpLink.Runtime","Field","Private","_handshakeCompletionStarted",1,0,0,0,0,""
"src/SharpLink.Runtime/RpcSession.cs",12,"SharpLink.Runtime","Property","Internal","NegotiatedOptions",2,0,14,1,0,""
"src/SharpLink.Runtime/RpcSession.cs",14,"SharpLink.Runtime","Property","Internal","NegotiatedCapabilities",15,0,0,0,0,""
"src/SharpLink.Runtime/RpcSession.cs",16,"SharpLink.Runtime","Property","Internal","NegotiatedMaxFramePayloadBytes",6,0,2,0,0,""
"src/SharpLink.Runtime/RpcSession.cs",19,"SharpLink.Runtime","Property","Internal","ProtocolPhase",7,0,21,0,0,""
"src/SharpLink.Runtime/RpcSession.cs",21,"SharpLink.Runtime","Property","Internal","HasStreamFlowControl",5,0,1,0,0,""
"src/SharpLink.Runtime/RpcSession.cs",23,"SharpLink.Runtime","Field","Private","_lastActiveTimestamp",3,0,0,0,0,""
"src/SharpLink.Runtime/RpcSession.cs",24,"SharpLink.Runtime","Field","Private","_lastActiveUtcTicks",4,0,0,0,0,""
"src/SharpLink.Runtime/RpcSession.cs",37,"SharpLink.Runtime","Property","Internal","TimeSinceLastActivity",2,0,15,0,0,""
"src/SharpLink.Runtime/RpcSession.cs",39,"SharpLink.Runtime","Property","Internal","Input",11,0,5,0,0,""
"src/SharpLink.Runtime/RpcSession.cs",40,"SharpLink.Runtime","Property","Private","Output",7,0,1,0,0,""
"src/SharpLink.Runtime/RpcSession.cs",42,"SharpLink.Runtime","Field","Private","_cts",3,0,0,0,0,""
"src/SharpLink.Runtime/RpcSession.cs",43,"SharpLink.Runtime","Field","Private","_lifetimeToken",4,0,0,0,0,""
"src/SharpLink.Runtime/RpcSession.cs",44,"SharpLink.Runtime","Field","Private","_transport",8,0,0,0,0,""
"src/SharpLink.Runtime/RpcSession.cs",45,"SharpLink.Runtime","Property","Internal","LocalEndPoint",9,0,6,0,0,""
"src/SharpLink.Runtime/RpcSession.cs",46,"SharpLink.Runtime","Property","Internal","RemoteEndPoint",3,0,0,0,0,""
"src/SharpLink.Runtime/RpcSession.cs",48,"SharpLink.Runtime","Field","Private","_cleanupStarted",1,0,0,0,0,""
"src/SharpLink.Runtime/RpcSession.cs",49,"SharpLink.Runtime","Field","Private","_stopped",10,0,0,0,0,""
"src/SharpLink.Runtime/RpcSession.cs",50,"SharpLink.Runtime","Field","Private","_stoppedTcs",4,0,0,0,0,""
"src/SharpLink.Runtime/RpcSession.cs",51,"SharpLink.Runtime","Field","Private","_ctsGate",2,0,0,0,0,""
"src/SharpLink.Runtime/RpcSession.cs",52,"SharpLink.Runtime","Field","Private","_ctsCancellationSignaled",2,0,0,0,0,""
"src/SharpLink.Runtime/RpcSession.cs",53,"SharpLink.Runtime","Field","Private","_transportDisposeGate",1,0,0,0,0,""
"src/SharpLink.Runtime/RpcSession.cs",54,"SharpLink.Runtime","Field","Private","_transportDisposeTask",5,0,0,0,0,""
"src/SharpLink.Runtime/RpcSession.cs",56,"SharpLink.Runtime","Property","Internal","StreamManager",32,0,25,0,0,""
"src/SharpLink.Runtime/RpcSession.cs",57,"SharpLink.Runtime","Property","Internal","IsConnected",27,0,45,1,0,""
"src/SharpLink.Runtime/RpcSession.cs",58,"SharpLink.Runtime","Property","Internal","LifetimeToken",5,0,2,0,0,""
"src/SharpLink.Runtime/RpcSession.cs",60,"SharpLink.Runtime","Field","Private","_pumpGate",2,0,0,0,0,""
"src/SharpLink.Runtime/RpcSession.cs",61,"SharpLink.Runtime","Field","Private","_flushOptions",2,0,0,0,0,""
"src/SharpLink.Runtime/RpcSession.cs",62,"SharpLink.Runtime","Field","Private","_pump",7,0,0,0,0,""
"src/SharpLink.Runtime/RpcSession.cs",63,"SharpLink.Runtime","Field","Private","_telemetrySide",3,0,0,0,0,""
"src/SharpLink.Runtime/RpcSession.cs",64,"SharpLink.Runtime","Field","Private","_telemetryConnectionState",2,0,0,0,0,""
"src/SharpLink.Runtime/RpcSession.cs",65,"SharpLink.Runtime","Field","Private","TelemetryNotOpened",1,0,0,0,0,""
"src/SharpLink.Runtime/RpcSession.cs",66,"SharpLink.Runtime","Field","Private","TelemetryOpened",2,0,0,0,0,""
"src/SharpLink.Runtime/RpcSession.cs",67,"SharpLink.Runtime","Field","Private","TelemetryClosed",1,0,0,0,0,""
"src/SharpLink.Runtime/RpcSession.cs",69,"SharpLink.Runtime","Method","Internal","MarkActive",3,0,5,2,0,""
"src/SharpLink.Runtime/RpcSession.cs",79,"SharpLink.Runtime","Method","Internal","RpcSession",7,0,37,11,0,"Constructor/activation"
"src/SharpLink.Runtime/RpcSession.cs",106,"SharpLink.Runtime","Method","Internal","RentFrameWriter",32,0,3,1,0,""
"src/SharpLink.Runtime/RpcSession.cs",109,"SharpLink.Runtime","Method","Internal","AcquireStreamSendCreditAsync",5,0,10,3,0,""
"src/SharpLink.Runtime/RpcSession.cs",121,"SharpLink.Runtime","Method","Internal","ReturnUnsentStreamCredit",7,0,4,1,0,""
"src/SharpLink.Runtime/RpcSession.cs",124,"SharpLink.Runtime","Method","Internal","ApplyWindowUpdate",3,0,20,13,0,""
"src/SharpLink.Runtime/RpcSession.cs",133,"SharpLink.Runtime","Method","Internal","CompleteSendStream",9,0,11,2,0,""
"src/SharpLink.Runtime/RpcSession.cs",136,"SharpLink.Runtime","Method","Internal","AbortSendStreams",2,0,1,0,0,""
"src/SharpLink.Runtime/RpcSession.cs",139,"SharpLink.Runtime","Method","Private","AcceptReceivedStreamBytes",1,0,0,0,0,""
"src/SharpLink.Runtime/RpcSession.cs",142,"SharpLink.Runtime","Method","Private","OnStreamBytesConsumed",1,0,0,0,0,""
"src/SharpLink.Runtime/RpcSession.cs",151,"SharpLink.Runtime","Method","Private","OnReceiveStreamCompleted",1,0,0,0,0,""
"src/SharpLink.Runtime/RpcSession.cs",160,"SharpLink.Runtime","Method","Private","DrainConsumedCreditUpdates",2,0,0,0,0,""
"src/SharpLink.Runtime/RpcSession.cs",168,"SharpLink.Runtime","Method","Private","TrySendWindowUpdate",3,0,0,0,0,""
"src/SharpLink.Runtime/RpcSession.cs",181,"SharpLink.Runtime","Method","Internal","SendPacket",23,0,82,4,0,""
"src/SharpLink.Runtime/RpcSession.cs",215,"SharpLink.Runtime","Method","Internal","SendPacketAndFlushAsync",9,0,8,4,0,""
"src/SharpLink.Runtime/RpcSession.cs",220,"SharpLink.Runtime","Method","Internal","FlushSendQueueAsync",2,0,43,9,0,""
"src/SharpLink.Runtime/RpcSession.cs",227,"SharpLink.Runtime","Method","Internal","SendPacketAsync",4,0,5,1,0,""
"src/SharpLink.Runtime/RpcSession.cs",291,"SharpLink.Runtime","Method","Internal","SendPacketWithBackpressureAsync",16,0,3,2,0,""
"src/SharpLink.Runtime/RpcSession.cs",330,"SharpLink.Runtime","Method","Private","AwaitBackpressureEnqueueAsync",1,0,0,0,0,""
"src/SharpLink.Runtime/RpcSession.cs",340,"SharpLink.Runtime","Method","Private","CreateFrame",4,0,0,0,0,""
"src/SharpLink.Runtime/RpcSession.cs",352,"SharpLink.Runtime","Method","Private","ObserveAbandonedFlushCompletion",2,0,0,0,0,""
"src/SharpLink.Runtime/RpcSession.cs",355,"SharpLink.Runtime","Method","Private","ObserveAbandonedFlushCompletionAsync",1,0,0,0,0,""
"src/SharpLink.Runtime/RpcSession.cs",376,"SharpLink.Runtime","Method","Private","IsProtocolProgressFrame",1,0,0,0,0,""
"src/SharpLink.Runtime/RpcSession.cs",387,"SharpLink.Runtime","Method","Private","ValidateOutboundPacketOrReturn",4,0,0,0,0,""
"src/SharpLink.Runtime/RpcSession.cs",435,"SharpLink.Runtime","Property","Internal","QueuedSendBytes",1,0,55,5,0,""
"src/SharpLink.Runtime/RpcSession.cs",440,"SharpLink.Runtime","Property","Internal","CanAcceptCalls",6,0,2,0,0,""
"src/SharpLink.Runtime/RpcSession.cs",484,"SharpLink.Runtime","Method","Internal","MarkDraining",2,0,2,0,0,""
"src/SharpLink.Runtime/RpcSession.cs",489,"SharpLink.Runtime","Event","Internal","OnConnected",2,0,0,0,0,""
"src/SharpLink.Runtime/RpcSession.cs",490,"SharpLink.Runtime","Method","Internal","NotifyConnected",7,0,7,0,0,""
"src/SharpLink.Runtime/RpcSession.cs",509,"SharpLink.Runtime","Event","Internal","OnDisconnected",9,0,11,0,0,""
"src/SharpLink.Runtime/RpcSession.cs",510,"SharpLink.Runtime","Method","Internal","NotifyDisconnected",2,0,26,2,0,""
"src/SharpLink.Runtime/RpcSession.cs",513,"SharpLink.Runtime","Method","Private","Fault",5,0,0,0,0,""
"src/SharpLink.Runtime/RpcSession.cs",600,"SharpLink.Runtime","Method","Internal","BeginShutdown",2,0,10,0,0,""
"src/SharpLink.Runtime/RpcSession.cs",629,"SharpLink.Runtime","Method","Private","CancelSession",2,0,0,0,0,""
"src/SharpLink.Runtime/RpcSession.cs",642,"SharpLink.Runtime","Method","Private","DisposeSessionCancellation",1,0,0,0,0,""
"src/SharpLink.Runtime/RpcSession.cs",651,"SharpLink.Runtime","Method","Private","CombineCleanupExceptions",18,0,0,0,0,""
"src/SharpLink.Runtime/RpcSession.cs",654,"SharpLink.Runtime","Method","Private","CompleteReceiveStreams",2,0,0,0,0,""
"src/SharpLink.Runtime/RpcSession.cs",666,"SharpLink.Runtime","Method","Private","RecordTelemetryConnectionClosed",3,0,0,0,0,""
"src/SharpLink.Runtime/RpcSession.cs",672,"SharpLink.Runtime","Method","Private","GetTerminalException",7,0,0,0,0,""
"src/SharpLink.Runtime/RpcSession.cs",676,"SharpLink.Runtime","Method","Private","ReturnBuffer",1,0,0,0,0,""
"src/SharpLink.Runtime/RpcSession.cs",679,"SharpLink.Runtime","Method","Private","StartTransportDispose",2,0,0,0,0,""
"src/SharpLink.Runtime/RpcSession.cs",699,"SharpLink.Runtime","Method","Private","ObserveTransportDispose",1,0,0,0,0,""
"src/SharpLink.Runtime/RpcSession.cs",705,"SharpLink.Runtime","Method","Private","ObserveTransportDisposeAsync",1,0,0,0,0,""
"src/SharpLink.Runtime/RpcSession.cs",717,"SharpLink.Runtime","NamedType","Private","global::SharpLink.Runtime.RpcSession.SessionTerminal",5,0,0,0,0,""
"src/SharpLink.Runtime/RpcSession.cs",719,"SharpLink.Runtime","NamedType","Private","global::SharpLink.Runtime.RpcSession.SessionTerminalState",3,0,0,0,0,""
"src/SharpLink.Runtime/RpcSession.cs",721,"SharpLink.Runtime","Field","Public","Faulted",1,0,0,0,0,"Enum/protocol identity"
"src/SharpLink.Runtime/RpcSession.cs",725,"SharpLink.Runtime","NamedType","Internal","global::SharpLink.Runtime.RpcSession.SendEnqueueResult",26,0,0,0,0,""
"src/SharpLink.Runtime/RpcSession.cs",727,"SharpLink.Runtime","Field","Public","Accepted",4,0,0,0,0,"Enum/protocol identity"
"src/SharpLink.Runtime/RpcSession.cs",728,"SharpLink.Runtime","Field","Public","Full",4,0,0,0,0,"Enum/protocol identity"
"src/SharpLink.Runtime/RpcSession.cs",729,"SharpLink.Runtime","Field","Public","Closed",8,0,0,0,0,"Enum/protocol identity"
"src/SharpLink.Runtime/RpcSession.GeneratedServerBridge.cs",5,"SharpLink.Runtime","Method","Internal","CreateGeneratedInboundStream<T>",1,0,0,0,0,""
"src/SharpLink.Runtime/RpcSession.GeneratedServerBridge.cs",30,"SharpLink.Runtime","Method","Internal","PumpGeneratedOutboundStreamAsync<T>",1,0,0,0,0,""
"src/SharpLink.Runtime/RpcSession.GeneratedServerBridge.cs",142,"SharpLink.Runtime","Method","Private","TryCancelGeneratedLifetime",3,0,0,0,0,""
"src/SharpLink.Runtime/RpcSession.GeneratedServerBridge.cs",155,"SharpLink.Runtime","Method","Private","SendGeneratedStreamComplete",1,0,0,0,0,""
"src/SharpLink.Runtime/RpcSession.GeneratedServerBridge.cs",196,"SharpLink.Runtime","Method","Private","ThrowIfGeneratedStreamDeadlineExpired",5,0,0,0,0,""
"src/SharpLink.Runtime/RpcSession.GeneratedServerBridge.cs",204,"SharpLink.Runtime","Method","Private","CreateGeneratedStreamDeadlineExceededException",3,0,0,0,0,""
"src/SharpLink.Runtime/RpcSession.GeneratedServerBridge.cs",209,"SharpLink.Runtime","Method","Private","ObserveAbandonedGeneratedMoveNextAsync",1,0,0,0,0,""
"src/SharpLink.Runtime/RpcSession.GeneratedServerBridge.cs",215,"SharpLink.Runtime","Method","Private","ObserveAbandonedGeneratedSendAsync",1,0,0,0,0,""
"src/SharpLink.Runtime/RpcSession.GeneratedServerBridge.cs",221,"SharpLink.Runtime","Method","Private","ObserveAbandonedGeneratedDisposeAsync",1,0,0,0,0,""
"src/SharpLink.Runtime/RpcSession.GeneratedServerBridge.cs",230,"SharpLink.Runtime","Method","Private","SendGeneratedStreamChunkAsync<T>",1,0,0,0,0,""
"src/SharpLink.Runtime/RpcSession.GeneratedServerBridge.cs",265,"SharpLink.Runtime","Method","Internal","SendStreamChunkKnownSizeAsync<T>",3,0,7,0,0,""
"src/SharpLink.Runtime/RpcSession.GeneratedServerBridge.cs",340,"SharpLink.Runtime","NamedType","Internal","global::SharpLink.Runtime.RpcSessionGeneratedServerBridge",1,0,34,0,0,""
"src/SharpLink.Runtime/RpcSession.GeneratedServerBridge.cs",354,"SharpLink.Runtime","Method","Public","CreateInboundStream<T>",1,0,1,0,0,""
"src/SharpLink.Runtime/RpcSession.GeneratedServerBridge.cs",367,"SharpLink.Runtime","Method","Public","PumpOutboundStreamAsync<T>",1,0,10,0,0,""
"src/SharpLink.Runtime/RpcSession.InboundFrameParsing.cs",5,"SharpLink.Runtime","Method","Internal","TryReadInboundFrame",3,0,5,0,0,""
"src/SharpLink.Runtime/RpcSession.Negotiation.cs",5,"SharpLink.Runtime","Method","Internal","TryCompleteHandshake",2,0,9,11,0,""
"src/SharpLink.Runtime/RpcSession.Negotiation.cs",43,"SharpLink.Runtime","Method","Internal","EnsureInboundFrameAllowed",4,0,5,0,0,""
"src/SharpLink.Runtime/RpcSession.Negotiation.cs",64,"SharpLink.Runtime","Method","Private","ValidateAndCreateNegotiatedFlowController",1,0,0,0,0,""
"src/SharpLink.Runtime/RpcSession.Negotiation.cs",116,"SharpLink.Runtime","Method","Private","ValidateCompressionBinding",1,0,0,0,0,""
"src/SharpLink.Runtime/RpcSession.Negotiation.cs",149,"SharpLink.Runtime","Method","Private","NegotiationViolation",12,0,0,0,0,""
"src/SharpLink.Runtime/RpcSession.Negotiation.cs",157,"SharpLink.Runtime","Method","Private","EnsureOutboundFrameAllowed",1,0,0,0,0,""
"src/SharpLink.Runtime/RpcSession.Negotiation.cs",174,"SharpLink.Runtime","Method","Private","TransitionProtocolPhase",1,0,0,0,0,""
"src/SharpLink.Runtime/RpcSession.Negotiation.cs",193,"SharpLink.Runtime","Method","Private","TransitionProtocolPhaseToStopping",1,0,0,0,0,""
"src/SharpLink.Runtime/RpcSession.Negotiation.cs",210,"SharpLink.Runtime","Method","Private","TransitionProtocolPhaseToTerminal",2,0,0,0,0,""
"src/SharpLink.Runtime/RpcSession.OutboundPublication.cs",17,"SharpLink.Runtime","Method","Internal","PrepareOutboundFrame",2,0,0,0,0,""
"src/SharpLink.Runtime/RpcSession.OutboundPublication.cs",64,"SharpLink.Runtime","Method","Internal","TryEnqueuePreparedFrame",2,0,0,0,0,""
"src/SharpLink.Runtime/RpcSession.OutboundPublication.cs",106,"SharpLink.Runtime","Method","Internal","CreateSendEnqueueFailure",1,0,0,0,0,""
"src/SharpLink.Runtime/RpcSession.OutboundPublication.cs",117,"SharpLink.Runtime","Method","Private","AwaitEmissionAsync",1,0,0,0,0,""
"src/SharpLink.Runtime/RpcSession.PreCreditStreaming.cs",5,"SharpLink.Runtime","Field","Private","_preCreditSerializedBudgetGate",1,0,0,0,0,""
"src/SharpLink.Runtime/RpcSession.PreCreditStreaming.cs",6,"SharpLink.Runtime","Field","Private","_preCreditSerializedBudget",8,0,0,0,0,""
"src/SharpLink.Runtime/RpcSession.PreCreditStreaming.cs",42,"SharpLink.Runtime","Method","Internal","SendUnsizedStreamChunkAsync<T>",2,0,0,0,0,""
"src/SharpLink.Runtime/RpcSession.PreCreditStreaming.cs",77,"SharpLink.Runtime","Method","Internal","CompletePreCreditSendStream",2,0,0,0,0,""
"src/SharpLink.Runtime/RpcSession.PreCreditStreaming.cs",84,"SharpLink.Runtime","Method","Private","SerializeUnsizedStreamChunk<T>",1,0,0,0,0,""
"src/SharpLink.Runtime/RpcSession.PreCreditStreaming.cs",166,"SharpLink.Runtime","Method","Private","AwaitPreCreditBudgetAndFlowCreditAsync",1,0,0,0,0,""
"src/SharpLink.Runtime/RpcSession.PreCreditStreaming.cs",214,"SharpLink.Runtime","Method","Private","TryAcquireStreamSendCredit",2,0,0,0,0,""
"src/SharpLink.Runtime/RpcSession.PreCreditStreaming.cs",220,"SharpLink.Runtime","Method","Private","GetOrCreatePreCreditSerializedBudget",2,0,0,0,0,""
"src/SharpLink.Runtime/RpcSession.PreCreditTerminal.cs",42,"SharpLink.Runtime","Method","Internal","SendStreamErrorAsync",1,0,4,0,0,""
"src/SharpLink.Runtime/RpcSession.PumpOwnership.cs",7,"SharpLink.Runtime","Method","Private","CapturePumpForStop",3,0,0,0,0,""
"src/SharpLink.Runtime/RpcSession.PumpOwnership.cs",13,"SharpLink.Runtime","Method","Private","GetOrCreatePump",1,0,0,0,0,""
"src/SharpLink.Runtime/RpcSession.PumpOwnership.cs",48,"SharpLink.Runtime","Method","Private","GetOrCreatePumpOrReturn",4,0,0,0,0,""
"src/SharpLink.Runtime/RpcSession.ResponseCompressionPreference.cs",5,"SharpLink.Runtime","Field","Private","_compressionSendPolicyState",3,0,0,0,0,""
"src/SharpLink.Runtime/RpcSession.ResponseCompressionPreference.cs",6,"SharpLink.Runtime","Field","Private","_appliedResponseCompressionPreference",5,0,0,0,0,""
"src/SharpLink.Runtime/RpcSession.ResponseCompressionPreference.cs",9,"SharpLink.Runtime","Field","Private","_responseCompressionPreferenceControlGate",6,0,0,0,0,""
"src/SharpLink.Runtime/RpcSession.ResponseCompressionPreference.cs",10,"SharpLink.Runtime","Field","Private","_latestResponseCompressionPreference",11,0,0,0,0,""
"src/SharpLink.Runtime/RpcSession.ResponseCompressionPreference.cs",11,"SharpLink.Runtime","Field","Private","_remoteResponseCompressionAppliedGeneration",8,0,0,0,0,""
"src/SharpLink.Runtime/RpcSession.ResponseCompressionPreference.cs",12,"SharpLink.Runtime","Field","Private","_responseCompressionPreferenceInFlightGeneration",9,0,0,0,0,""
"src/SharpLink.Runtime/RpcSession.ResponseCompressionPreference.cs",13,"SharpLink.Runtime","Field","Private","_responseCompressionPreferenceMaximumSentGeneration",6,0,0,0,0,""
"src/SharpLink.Runtime/RpcSession.ResponseCompressionPreference.cs",14,"SharpLink.Runtime","Field","Private","_responseCompressionPreferenceControlFailure",5,0,0,0,0,""
"src/SharpLink.Runtime/RpcSession.ResponseCompressionPreference.cs",15,"SharpLink.Runtime","Field","Private","_responseCompressionPreferenceProgress",5,0,0,0,0,""
"src/SharpLink.Runtime/RpcSession.ResponseCompressionPreference.cs",29,"SharpLink.Runtime","Property","Internal","HasNegotiatedCompression",5,0,0,0,0,""
"src/SharpLink.Runtime/RpcSession.ResponseCompressionPreference.cs",33,"SharpLink.Runtime","Method","Internal","InitializeServerResponseCompressionPreference",1,0,1,0,0,""
"src/SharpLink.Runtime/RpcSession.ResponseCompressionPreference.cs",44,"SharpLink.Runtime","Method","Internal","ApplyServerResponseCompressionPreferenceUpdate",1,0,3,0,0,""
"src/SharpLink.Runtime/RpcSession.ResponseCompressionPreference.cs",76,"SharpLink.Runtime","Method","Internal","InitializeClientResponseCompressionPreference",1,0,3,0,0,""
"src/SharpLink.Runtime/RpcSession.ResponseCompressionPreference.cs",91,"SharpLink.Runtime","Method","Internal","ReconcileResponseCompressionPreference",2,0,4,0,0,""
"src/SharpLink.Runtime/RpcSession.ResponseCompressionPreference.cs",133,"SharpLink.Runtime","Method","Internal","ApplyResponseCompressionPreferenceAck",1,0,3,0,0,""
"src/SharpLink.Runtime/RpcSession.ResponseCompressionPreference.cs",205,"SharpLink.Runtime","Method","Internal","WaitForResponseCompressionPreferenceAsync",1,0,2,0,0,""
"src/SharpLink.Runtime/RpcSession.ResponseCompressionPreference.cs",242,"SharpLink.Runtime","Method","Private","SendResponseCompressionPreferenceUpdateCore",2,0,0,0,0,""
"src/SharpLink.Runtime/RpcSession.ResponseCompressionPreference.cs",267,"SharpLink.Runtime","Method","Private","CreateResponseCompressionPreferenceProgress",3,0,0,0,0,""
"src/SharpLink.Runtime/RpcSession.SendPump.cs",5,"SharpLink.Runtime","NamedType","Private","global::SharpLink.Runtime.RpcSession.SendPump",11,0,0,0,0,""
"src/SharpLink.Runtime/RpcSession.SendPump.cs",7,"SharpLink.Runtime","Field","Private","MaximumTimerDelay",2,0,0,0,0,""
"src/SharpLink.Runtime/RpcSession.SendPump.cs",17,"SharpLink.Runtime","Field","Private","NormalFramesPerInterleave",1,0,0,0,0,""
"src/SharpLink.Runtime/RpcSession.SendPump.cs",18,"SharpLink.Runtime","Field","Private","ProgressFramesPerDrain",1,0,0,0,0,""
"src/SharpLink.Runtime/RpcSession.SendPump.cs",19,"SharpLink.Runtime","Field","Private","ProgressReserveMinimumBytes",1,0,0,0,0,""
"src/SharpLink.Runtime/RpcSession.SendPump.cs",20,"SharpLink.Runtime","Field","Private","ProgressReserveMaximumBytes",1,0,0,0,0,""
"src/SharpLink.Runtime/RpcSession.SendPump.cs",21,"SharpLink.Runtime","Field","Private","ProgressReserveDivisor",1,0,0,0,0,""
"src/SharpLink.Runtime/RpcSession.SendPump.cs",23,"SharpLink.Runtime","Field","Private","_output",4,0,0,0,0,""
"src/SharpLink.Runtime/RpcSession.SendPump.cs",24,"SharpLink.Runtime","Field","Private","_flushPolicyState",9,0,0,0,0,""
"src/SharpLink.Runtime/RpcSession.SendPump.cs",25,"SharpLink.Runtime","Field","Private","_flushPolicyChanged",3,0,0,0,0,""
"src/SharpLink.Runtime/RpcSession.SendPump.cs",26,"SharpLink.Runtime","Field","Private","_maxQueuedBytes",4,0,0,0,0,""
"src/SharpLink.Runtime/RpcSession.SendPump.cs",27,"SharpLink.Runtime","Field","Private","_normalQueueLimit",3,0,0,0,0,""
"src/SharpLink.Runtime/RpcSession.SendPump.cs",28,"SharpLink.Runtime","Field","Private","_timeProvider",10,0,0,0,0,""
"src/SharpLink.Runtime/RpcSession.SendPump.cs",29,"SharpLink.Runtime","Field","Private","_sessionCancellation",3,0,0,0,0,""
"src/SharpLink.Runtime/RpcSession.SendPump.cs",30,"SharpLink.Runtime","Field","Private","_returnBuffer",3,0,0,0,0,""
"src/SharpLink.Runtime/RpcSession.SendPump.cs",31,"SharpLink.Runtime","Field","Private","_onTransportFaulted",2,0,0,0,0,""
"src/SharpLink.Runtime/RpcSession.SendPump.cs",32,"SharpLink.Runtime","Field","Private","_progressQueue",8,0,0,0,0,""
"src/SharpLink.Runtime/RpcSession.SendPump.cs",33,"SharpLink.Runtime","Field","Private","_normalQueue",8,0,0,0,0,""
"src/SharpLink.Runtime/RpcSession.SendPump.cs",34,"SharpLink.Runtime","Field","Private","_admissionGate",2,0,0,0,0,""
"src/SharpLink.Runtime/RpcSession.SendPump.cs",35,"SharpLink.Runtime","Field","Private","_wakeup",9,0,0,0,0,""
"src/SharpLink.Runtime/RpcSession.SendPump.cs",36,"SharpLink.Runtime","Field","Private","_pumpTask",2,0,0,0,0,""
"src/SharpLink.Runtime/RpcSession.SendPump.cs",37,"SharpLink.Runtime","Field","Private","_capacityChanged",5,0,0,0,0,""
"src/SharpLink.Runtime/RpcSession.SendPump.cs",38,"SharpLink.Runtime","Field","Private","_queuedBytes",4,0,0,0,0,""
"src/SharpLink.Runtime/RpcSession.SendPump.cs",40,"SharpLink.Runtime","Field","Private","_faulted",1,0,0,0,0,""
"src/SharpLink.Runtime/RpcSession.SendPump.cs",42,"SharpLink.Runtime","Property","Internal","IsStopRequested",1,0,0,0,0,""
"src/SharpLink.Runtime/RpcSession.SendPump.cs",43,"SharpLink.Runtime","Property","Internal","HasPendingIdleWait",2,0,8,0,0,""
"src/SharpLink.Runtime/RpcSession.SendPump.cs",45,"SharpLink.Runtime","Method","Public","SendPump",1,0,0,0,0,"Constructor/activation"
"src/SharpLink.Runtime/RpcSession.SendPump.cs",73,"SharpLink.Runtime","Method","Private","ComputeProgressReserveBytes",1,0,0,0,0,""
"src/SharpLink.Runtime/RpcSession.SendPump.cs",90,"SharpLink.Runtime","Method","Private","HasProgressFrames",4,0,0,0,0,""
"src/SharpLink.Runtime/RpcSession.SendPump.cs",92,"SharpLink.Runtime","Method","Private","HasNormalFrames",4,0,0,0,0,""
"src/SharpLink.Runtime/RpcSession.SendPump.cs",94,"SharpLink.Runtime","Method","Private","CreateFrameQueue",2,0,0,0,0,""
"src/SharpLink.Runtime/RpcSession.SendPump.cs",102,"SharpLink.Runtime","Method","Public","TryEnqueue",6,0,0,0,0,""
"src/SharpLink.Runtime/RpcSession.SendPump.cs",105,"SharpLink.Runtime","Method","Public","TryEnqueueForBackpressure",1,0,0,0,0,""
"src/SharpLink.Runtime/RpcSession.SendPump.cs",136,"SharpLink.Runtime","Method","Public","EnqueueAsync",2,0,0,0,0,""
"src/SharpLink.Runtime/RpcSession.SendPump.cs",161,"SharpLink.Runtime","Method","Private","RunAsync",1,0,0,0,0,""
"src/SharpLink.Runtime/RpcSession.SendPump.cs",285,"SharpLink.Runtime","Method","Private","DrainProgressQueueAsync",2,0,0,0,0,""
"src/SharpLink.Runtime/RpcSession.SendPump.cs",309,"SharpLink.Runtime","Method","Private","WritePendingBatch",1,0,0,0,0,""
"src/SharpLink.Runtime/RpcSession.SendPump.cs",331,"SharpLink.Runtime","Method","Private","FlushAndReleaseAsync",5,0,0,0,0,""
"src/SharpLink.Runtime/RpcSession.SendPump.cs",344,"SharpLink.Runtime","Method","Private","WaitForMoreUntilFlushBoundaryAsync",1,0,0,0,0,""
"src/SharpLink.Runtime/RpcSession.SendPump.cs",401,"SharpLink.Runtime","Method","Private","TryReserve",3,0,0,0,0,""
"src/SharpLink.Runtime/RpcSession.SendPump.cs",434,"SharpLink.Runtime","Method","Private","ReserveAsync",1,0,0,0,0,""
"src/SharpLink.Runtime/RpcSession.SendPump.cs",462,"SharpLink.Runtime","Method","Private","ReleaseBatch",2,0,0,0,0,""
"src/SharpLink.Runtime/RpcSession.SendPump.cs",469,"SharpLink.Runtime","Method","Private","DrainQueuedFrames",1,0,0,0,0,""
"src/SharpLink.Runtime/RpcSession.SendPump.cs",477,"SharpLink.Runtime","Method","Private","CompleteReserved",5,0,0,0,0,""
"src/SharpLink.Runtime/RpcSession.SendPump.cs",512,"SharpLink.Runtime","Method","Private","ReturnUnreserved",3,0,0,0,0,""
"src/SharpLink.Runtime/RpcSession.SendPump.cs",517,"SharpLink.Runtime","Property","Public","QueuedBytes",1,0,0,0,0,""
"src/SharpLink.Runtime/RpcSession.SendPump.cs",519,"SharpLink.Runtime","Method","Private","PulseCapacityWaiters",4,0,0,0,0,""
"src/SharpLink.Runtime/RpcSession.SendPump.cs",533,"SharpLink.Runtime","Method","Public","Stop",4,0,0,0,0,""
"src/SharpLink.Runtime/RpcSession.SendPump.cs",543,"SharpLink.Runtime","Method","Private","ReportFaultOnce",1,0,0,0,0,""
"src/SharpLink.Runtime/RpcSession.SendPump.cs",555,"SharpLink.Runtime","Method","Private","NormalizeTransportException",1,0,0,0,0,""
"src/SharpLink.Runtime/RpcSession.SendPump.cs",559,"SharpLink.Runtime","Method","Private","CreateTransportClosedException",6,0,0,0,0,""
"src/SharpLink.Runtime/RpcSession.SendPump.cs",562,"SharpLink.Runtime","Method","Public","WaitForStopAsync",1,0,0,0,0,""
"src/SharpLink.Runtime/RpcSession.SessionRefresh.cs",5,"SharpLink.Runtime","Event","Internal","SessionRefreshRequested",2,0,3,0,0,""
"src/SharpLink.Runtime/RpcSession.SessionRefresh.cs",7,"SharpLink.Runtime","Property","Internal","SupportsSessionRefreshReplacement",2,0,0,0,0,""
"src/SharpLink.Runtime/RpcSession.SessionRefresh.cs",10,"SharpLink.Runtime","Method","Private","HandleSessionRefreshRequested",1,0,0,0,0,""
"src/SharpLink.Runtime/RpcSession.SupportSnapshot.cs",5,"SharpLink.Runtime","Method","Internal","CaptureSupportSnapshot",1,0,0,0,0,""
"src/SharpLink.Runtime/RpcSession.SupportSnapshot.cs",27,"SharpLink.Runtime","NamedType","Internal","global::SharpLink.Runtime.RpcSessionSupportSnapshot",3,0,0,0,0,""
"src/SharpLink.Runtime/RpcSessionContractManifestExtensions.cs",35,"SharpLink.Runtime","Method","Internal","SendContractManifest",2,0,0,0,0,""
"src/SharpLink.Runtime/RpcSessionCreationOptions.cs",3,"SharpLink.Runtime","NamedType","Internal","global::SharpLink.Runtime.RpcSessionRole",18,0,12,11,0,""
"src/SharpLink.Runtime/RpcSessionCreationOptions.cs",5,"SharpLink.Runtime","Field","Public","Client",11,0,8,11,0,"Enum/protocol identity"
"src/SharpLink.Runtime/RpcSessionCreationOptions.cs",6,"SharpLink.Runtime","Field","Public","Server",4,0,4,0,0,"Enum/protocol identity"
"src/SharpLink.Runtime/RpcSessionCreationOptions.cs",10,"SharpLink.Runtime","NamedType","Internal","global::SharpLink.Runtime.RpcSessionCreationOptions",8,0,12,11,0,""
"src/SharpLink.Runtime/RpcSessionCreationOptions.cs",12,"SharpLink.Runtime","Method","Internal","RpcSessionCreationOptions",7,0,11,11,0,"Constructor/activation"
"src/SharpLink.Runtime/RpcSessionCreationOptions.cs",42,"SharpLink.Runtime","Property","Internal","FlushOptions",2,0,0,0,0,""
"src/SharpLink.Runtime/RpcSessionCreationOptions.cs",44,"SharpLink.Runtime","Property","Internal","CompressionSendPolicyState",3,0,0,0,0,""
"src/SharpLink.Runtime/RpcSessionCreationOptions.cs",46,"SharpLink.Runtime","Property","Internal","FlushPolicyState",1,0,0,0,0,""
"src/SharpLink.Runtime/RpcSessionCreationOptions.cs",48,"SharpLink.Runtime","Property","Internal","TelemetrySide",1,0,0,0,0,""
"src/SharpLink.Runtime/RpcSessionExtensions.cs",9,"SharpLink.Runtime","Method","Internal","SendHandshakeRequestAndFlushAsync",1,0,0,0,0,""
"src/SharpLink.Runtime/RpcSessionExtensions.cs",35,"SharpLink.Runtime","Method","Internal","SendHandshakeResponseAndFlushAsync",1,0,0,0,0,""
"src/SharpLink.Runtime/RpcSessionExtensions.cs",60,"SharpLink.Runtime","Method","Internal","SendHandshakeErrorAndFlushAsync",1,0,0,0,0,""
"src/SharpLink.Runtime/RpcSessionExtensions.cs",129,"SharpLink.Runtime","Method","Internal","SendRpcErrorWithBackpressureAsync",33,0,0,0,0,""
"src/SharpLink.Runtime/RpcSessionExtensions.cs",149,"SharpLink.Runtime","Method","Internal","SendCancelAsync",1,0,0,0,0,""
"src/SharpLink.Runtime/RpcSessionExtensions.cs",179,"SharpLink.Runtime","Method","Internal","ReadNegotiatedCancelReason",2,0,4,0,0,""
"src/SharpLink.Runtime/RpcSessionExtensions.cs",209,"SharpLink.Runtime","Method","Internal","SendPingWithBackpressureAsync",1,0,2,0,0,""
"src/SharpLink.Runtime/RpcSessionExtensions.cs",221,"SharpLink.Runtime","Method","Internal","SendPongWithBackpressureAsync",2,0,1,0,0,""
"src/SharpLink.Runtime/RpcSessionExtensions.cs",232,"SharpLink.Runtime","Method","Internal","SendHealthCheck",1,0,4,0,0,""
"src/SharpLink.Runtime/RpcSessionExtensions.cs",265,"SharpLink.Runtime","Method","Internal","SendHealthResponseWithBackpressureAsync",1,0,1,0,0,""
"src/SharpLink.Runtime/RpcSessionExtensions.cs",440,"SharpLink.Runtime","Method","Internal","SendGoAwayAsync",1,0,0,0,0,""
"src/SharpLink.Runtime/RpcSessionExtensions.cs",474,"SharpLink.Runtime","Method","Internal","SendWindowUpdate",1,0,0,0,0,""
"src/SharpLink.Runtime/RpcSessionExtensions.cs",499,"SharpLink.Runtime","Method","Private","SendTimestampFrame",2,0,0,0,0,""
"src/SharpLink.Runtime/RpcSessionExtensions.cs",521,"SharpLink.Runtime","Method","Private","SendTimestampFrameWithBackpressureAsync",2,0,0,0,0,""
"src/SharpLink.Runtime/RpcSessionExtensions.cs",549,"SharpLink.Runtime","Method","Private","SendErrorFrame",1,0,0,0,0,""
"src/SharpLink.Runtime/RpcSessionExtensions.cs",584,"SharpLink.Runtime","Method","Private","SendErrorFrameAndFlushAsync",1,0,0,0,0,""
"src/SharpLink.Runtime/RpcSessionExtensions.cs",615,"SharpLink.Runtime","Method","Private","SendErrorFrameWithBackpressureAsync",1,0,0,0,0,""
"src/SharpLink.Runtime/RpcSessionExtensions.cs",653,"SharpLink.Runtime","Method","Private","SetTruncatedFlag",5,0,0,0,0,""
"src/SharpLink.Runtime/RpcSessionExtensions.cs",659,"SharpLink.Runtime","Method","Private","GetMaxErrorMessageBytes",4,0,0,0,0,""
"src/SharpLink.Runtime/RpcSessionExtensions.ResponseCompressionPreference.cs",7,"SharpLink.Runtime","Method","Internal","SendResponseCompressionPreferenceUpdate",1,0,0,0,0,""
"src/SharpLink.Runtime/RpcSessionExtensions.ResponseCompressionPreference.cs",31,"SharpLink.Runtime","Method","Internal","SendResponseCompressionPreferenceAckWithBackpressureAsync",1,0,0,0,0,""
"src/SharpLink.Runtime/RpcSessionExtensions.SessionRefresh.cs",7,"SharpLink.Runtime","Method","Internal","SendSessionRefreshRequestedWithBackpressureAsync",1,0,0,0,0,""
"src/SharpLink.Runtime/RpcSessionFlushOptions.cs",4,"SharpLink.Runtime","NamedType","Public","global::SharpLink.Runtime.RpcSessionFlushOptions",33,0,23,3,0,""
"src/SharpLink.Runtime/RpcSessionFlushPolicyState.cs",3,"SharpLink.Runtime","NamedType","Internal","global::SharpLink.Runtime.RpcSessionFlushPolicyGeneration",13,0,1,0,0,""
"src/SharpLink.Runtime/RpcSessionFlushPolicyState.cs",5,"SharpLink.Runtime","Method","Internal","RpcSessionFlushPolicyGeneration",5,0,0,0,0,"Constructor/activation"
"src/SharpLink.Runtime/RpcSessionFlushPolicyState.cs",20,"SharpLink.Runtime","Property","Internal","FlushSizeThreshold",9,0,5,0,0,""
"src/SharpLink.Runtime/RpcSessionFlushPolicyState.cs",21,"SharpLink.Runtime","Property","Internal","MaxLatency",8,0,4,0,0,""
"src/SharpLink.Runtime/RpcSessionFlushPolicyState.cs",22,"SharpLink.Runtime","Property","Internal","ExplicitBatchWindowEnabled",4,0,0,0,0,""
"src/SharpLink.Runtime/RpcSessionFlushPolicyState.cs",23,"SharpLink.Runtime","Property","Internal","FlushEveryFrame",5,0,0,0,0,""
"src/SharpLink.Runtime/RpcSessionFlushPolicyState.cs",26,"SharpLink.Runtime","NamedType","Internal","global::SharpLink.Runtime.RpcSessionFlushPolicyState",15,0,5,0,0,""
"src/SharpLink.Runtime/RpcSessionFlushPolicyState.cs",30,"SharpLink.Runtime","Field","Private","_changed",3,0,0,0,0,""
"src/SharpLink.Runtime/RpcSessionFlushPolicyState.cs",32,"SharpLink.Runtime","Method","Private","RpcSessionFlushPolicyState",4,0,0,0,0,"Constructor/activation"
"src/SharpLink.Runtime/RpcSessionFlushPolicyState.cs",78,"SharpLink.Runtime","Method","Internal","Publish",4,0,6,0,0,""
"src/SharpLink.Runtime/RpcSessionFlushPolicyState.cs",110,"SharpLink.Runtime","Method","Internal","RegisterChanged",1,0,0,0,0,""
"src/SharpLink.Runtime/RpcSessionFlushPolicyState.cs",117,"SharpLink.Runtime","Method","Internal","UnregisterChanged",1,0,0,0,0,""
"src/SharpLink.Runtime/RuntimeConcurrencyOptions.cs",4,"SharpLink.Runtime","NamedType","Public","global::SharpLink.Runtime.RuntimeConcurrencyOptions",19,0,36,1,0,""
"src/SharpLink.Runtime/RuntimeConcurrencyOptions.cs",7,"SharpLink.Runtime","Field","Public","MaximumStripeCount",2,0,0,0,0,""
"src/SharpLink.Runtime/RuntimeConcurrencyOptions.cs",10,"SharpLink.Runtime","Field","Public","MaximumInitialMapEntries",2,0,0,0,0,""
"src/SharpLink.Runtime/RuntimeConcurrencyOptions.cs",13,"SharpLink.Runtime","Property","Public","StripeCount",4,0,13,0,0,""
"src/SharpLink.Runtime/RuntimeConcurrencyOptions.cs",16,"SharpLink.Runtime","Property","Public","InitialMapCapacityPerStripe",5,0,5,0,0,""
"src/SharpLink.Runtime/SharpLinkDynamicModule.cs",6,"SharpLink.Runtime","NamedType","Internal","global::SharpLink.Runtime.SharpLinkDynamicModuleState",18,0,4,0,0,""
"src/SharpLink.Runtime/SharpLinkDynamicModule.cs",8,"SharpLink.Runtime","Field","Public","Running",10,0,0,0,0,"Enum/protocol identity"
"src/SharpLink.Runtime/SharpLinkDynamicModule.cs",10,"SharpLink.Runtime","Field","Public","Released",1,0,2,0,0,"Enum/protocol identity"
"src/SharpLink.Runtime/SharpLinkDynamicModule.cs",11,"SharpLink.Runtime","Field","Public","DrainTimedOut",2,0,0,0,0,"Enum/protocol identity"
"src/SharpLink.Runtime/SharpLinkDynamicModule.cs",14,"SharpLink.Runtime","NamedType","Internal","global::SharpLink.Runtime.SharpLinkAssemblyManifestLoader",33,0,13,0,0,""
"src/SharpLink.Runtime/SharpLinkDynamicModule.cs",16,"SharpLink.Runtime","Method","Internal","TryLoad",7,0,8,0,0,""
"src/SharpLink.Runtime/SharpLinkDynamicModule.cs",157,"SharpLink.Runtime","Method","Internal","GetAssemblyIdentity",11,0,0,0,0,""
"src/SharpLink.Runtime/SharpLinkDynamicModule.cs",160,"SharpLink.Runtime","Method","Internal","GetLoadContextIdentity",19,0,5,0,0,""
"src/SharpLink.Runtime/SharpLinkDynamicModule.cs",354,"SharpLink.Runtime","Method","Private","IsFingerprint",6,0,0,0,0,""
"src/SharpLink.Runtime/SharpLinkDynamicModule.cs",368,"SharpLink.Runtime","Method","Private","Error",31,0,0,0,0,""
"src/SharpLink.Runtime/SharpLinkDynamicModule.cs",403,"SharpLink.Runtime","NamedType","Internal","global::SharpLink.Runtime.SharpLinkDynamicModule",85,0,32,0,0,""
"src/SharpLink.Runtime/SharpLinkDynamicModule.cs",405,"SharpLink.Runtime","Field","Private","_callCounters",4,0,0,0,0,""
"src/SharpLink.Runtime/SharpLinkDynamicModule.cs",406,"SharpLink.Runtime","Field","Private","_streamCounters",4,0,0,0,0,""
"src/SharpLink.Runtime/SharpLinkDynamicModule.cs",407,"SharpLink.Runtime","Field","Private","_stripeMask",4,0,0,0,0,""
"src/SharpLink.Runtime/SharpLinkDynamicModule.cs",408,"SharpLink.Runtime","Field","Private","_drained",3,0,0,0,0,""
"src/SharpLink.Runtime/SharpLinkDynamicModule.cs",409,"SharpLink.Runtime","Field","Private","_forcedCancellation",2,0,0,0,0,""
"src/SharpLink.Runtime/SharpLinkDynamicModule.cs",410,"SharpLink.Runtime","Field","Private","_forcedCancellationToken",2,0,0,0,0,""
"src/SharpLink.Runtime/SharpLinkDynamicModule.cs",411,"SharpLink.Runtime","Field","Private","_assembly",3,0,0,0,0,""
"src/SharpLink.Runtime/SharpLinkDynamicModule.cs",412,"SharpLink.Runtime","Field","Private","_manifest",3,0,0,0,0,""
"src/SharpLink.Runtime/SharpLinkDynamicModule.cs",413,"SharpLink.Runtime","Field","Private","_codecRegistration",3,0,0,0,0,""
"src/SharpLink.Runtime/SharpLinkDynamicModule.cs",414,"SharpLink.Runtime","Field","Private","_state",29,0,0,0,0,""
"src/SharpLink.Runtime/SharpLinkDynamicModule.cs",416,"SharpLink.Runtime","Method","Internal","SharpLinkDynamicModule",4,0,11,0,0,"Constructor/activation"
"src/SharpLink.Runtime/SharpLinkDynamicModule.cs",434,"SharpLink.Runtime","Property","Internal","Assembly",2,0,1,0,0,""
"src/SharpLink.Runtime/SharpLinkDynamicModule.cs",440,"SharpLink.Runtime","Property","Internal","CodecRegistration",10,0,0,0,0,""
"src/SharpLink.Runtime/SharpLinkDynamicModule.cs",447,"SharpLink.Runtime","Property","Internal","ForcedCancellation",6,0,4,0,0,""
"src/SharpLink.Runtime/SharpLinkDynamicModule.cs",449,"SharpLink.Runtime","Property","Internal","RemainingCalls",5,0,19,0,0,""
"src/SharpLink.Runtime/SharpLinkDynamicModule.cs",451,"SharpLink.Runtime","Property","Internal","RemainingStreams",3,0,14,0,0,""
"src/SharpLink.Runtime/SharpLinkDynamicModule.cs",468,"SharpLink.Runtime","Method","Internal","TryAcquire",19,0,8,0,0,""
"src/SharpLink.Runtime/SharpLinkDynamicModule.cs",487,"SharpLink.Runtime","Method","Internal","TryBeginDraining",6,0,7,0,0,""
"src/SharpLink.Runtime/SharpLinkDynamicModule.cs",498,"SharpLink.Runtime","Method","Internal","WaitForDrainAsync",6,0,11,0,0,""
"src/SharpLink.Runtime/SharpLinkDynamicModule.cs",520,"SharpLink.Runtime","Method","Internal","CancelRemainingCalls",2,0,0,0,0,""
"src/SharpLink.Runtime/SharpLinkDynamicModule.cs",531,"SharpLink.Runtime","Method","Internal","MarkDrainTimedOut",2,0,0,0,0,""
"src/SharpLink.Runtime/SharpLinkDynamicModule.cs",537,"SharpLink.Runtime","Method","Internal","MarkReleased",2,0,1,0,0,""
"src/SharpLink.Runtime/SharpLinkDynamicModule.cs",561,"SharpLink.Runtime","Method","Private","Sum",2,0,0,0,0,""
"src/SharpLink.Runtime/SharpLinkDynamicModule.cs",569,"SharpLink.Runtime","NamedType","Private","global::SharpLink.Runtime.SharpLinkDynamicModule.PaddedCounter",5,0,0,0,0,""
"src/SharpLink.Runtime/SharpLinkDynamicModule.cs",573,"SharpLink.Runtime","Field","Internal","Value",5,0,0,0,0,""
"src/SharpLink.Runtime/SharpLinkDynamicModule.cs",577,"SharpLink.Runtime","NamedType","Internal","global::SharpLink.Runtime.SharpLinkDynamicModuleLease",28,0,9,0,0,""
"src/SharpLink.Runtime/SharpLinkDynamicModule.cs",579,"SharpLink.Runtime","Field","Private","_module",3,0,0,0,0,""
"src/SharpLink.Runtime/SharpLinkDynamicModule.cs",580,"SharpLink.Runtime","Field","Private","_stripe",2,0,0,0,0,""
"src/SharpLink.Runtime/SharpLinkDynamicModule.cs",581,"SharpLink.Runtime","Field","Private","_stream",14,0,0,0,0,""
"src/SharpLink.Runtime/SharpLinkDynamicModule.cs",583,"SharpLink.Runtime","Method","Internal","SharpLinkDynamicModuleLease",1,0,0,0,0,"Constructor/activation"
"src/SharpLink.Runtime/SharpLinkDynamicModule.cs",590,"SharpLink.Runtime","Property","Internal","IsAcquired",1,0,4,0,0,""
"src/SharpLink.Runtime/SharpLinkGeneratedManifestCompatibility.cs",5,"SharpLink.Runtime","NamedType","Internal","global::SharpLink.Runtime.SharpLinkGeneratedManifestCompatibility",8,0,5,0,0,""
"src/SharpLink.Runtime/SharpLinkGeneratedManifestCompatibility.cs",38,"SharpLink.Runtime","Method","Private","ValidateVersion",1,0,0,0,0,""
"src/SharpLink.Runtime/SharpLinkGeneratedManifestCompatibility.cs",114,"SharpLink.Runtime","Method","Internal","ThrowIfIncompatible",4,0,0,0,0,""
"src/SharpLink.Runtime/SharpLinkGeneratedManifestCompatibility.cs",126,"SharpLink.Runtime","Method","Internal","FormatVersionMismatch",6,0,0,0,0,""
"src/SharpLink.Runtime/SharpLinkGeneratedManifestCompatibility.cs",139,"SharpLink.Runtime","Method","Private","ValidateShape",1,0,0,0,0,""
"src/SharpLink.Runtime/SharpLinkGeneratedManifestCompatibility.cs",309,"SharpLink.Runtime","Method","Private","ValidateOwnership",1,0,0,0,0,""
"src/SharpLink.Runtime/SharpLinkGeneratedManifestCompatibility.cs",367,"SharpLink.Runtime","Method","Private","TryGetGeneratorVersion",3,0,0,0,0,""
"src/SharpLink.Runtime/SharpLinkGeneratedManifestStructureValidator.cs",5,"SharpLink.Runtime","NamedType","Internal","global::SharpLink.Runtime.SharpLinkGeneratedManifestStructureValidator",2,0,0,0,0,""
"src/SharpLink.Runtime/SharpLinkGeneratedManifestStructureValidator.cs",54,"SharpLink.Runtime","Method","Private","ValidateFactories",2,0,0,0,0,""
"src/SharpLink.Runtime/SharpLinkGeneratedManifestStructureValidator.cs",90,"SharpLink.Runtime","Method","Private","ValidateDependencies",2,0,0,0,0,""
"src/SharpLink.Runtime/SharpLinkGenerationRetirement.cs",7,"SharpLink.Runtime","NamedType","Internal","global::SharpLink.Runtime.SharpLinkRetirementHandle",4,0,1,0,0,""
"src/SharpLink.Runtime/SharpLinkGenerationRetirement.cs",11,"SharpLink.Runtime","Method","Internal","SharpLinkRetirementHandle",5,0,2,0,0,"Constructor/activation"
"src/SharpLink.Runtime/SharpLinkGenerationRetirement.cs",16,"SharpLink.Runtime","Method","Internal","WaitAsync",16,0,34,0,0,""
"src/SharpLink.Runtime/SharpLinkGenerationRetirement.cs",31,"SharpLink.Runtime","NamedType","Internal","global::SharpLink.Runtime.SharpLinkRetirementHandle<T>",4,0,1,0,0,""
"src/SharpLink.Runtime/SharpLinkProtocolOptions.cs",12,"SharpLink.Runtime","NamedType","Public","global::SharpLink.Runtime.SharpLinkProtocolOptions",49,0,86,4,0,""
"src/SharpLink.Runtime/SharpLinkProtocolOptions.cs",15,"SharpLink.Runtime","Field","Public","DefaultMaxFramePayloadBytes",1,0,10,1,0,""
"src/SharpLink.Runtime/SharpLinkProtocolOptions.cs",18,"SharpLink.Runtime","Field","Public","MinMaxFramePayloadBytes",12,0,20,0,0,""
"src/SharpLink.Runtime/SharpLinkProtocolOptions.cs",21,"SharpLink.Runtime","Field","Public","MaxMaxFramePayloadBytes",14,0,4,0,0,""
"src/SharpLink.Runtime/SharpLinkProtocolOptions.cs",24,"SharpLink.Runtime","Field","Public","DefaultMaxMetadataBytes",1,0,0,0,0,""
"src/SharpLink.Runtime/SharpLinkProtocolOptions.cs",27,"SharpLink.Runtime","Field","Public","DefaultMaxErrorMessageBytes",1,0,2,0,0,""
"src/SharpLink.Runtime/SharpLinkProtocolOptions.cs",30,"SharpLink.Runtime","Field","Public","MaximumPendingRequestsPerConnection",4,0,1,1,0,""
"src/SharpLink.Runtime/SharpLinkProtocolOptions.cs",36,"SharpLink.Runtime","Property","Public","MaxMetadataBytes",18,0,7,0,0,""
"src/SharpLink.Runtime/SharpLinkProtocolOptions.cs",39,"SharpLink.Runtime","Property","Public","MaxErrorMessageBytes",16,0,10,1,0,""
"src/SharpLink.Runtime/SharpLinkProtocolOptions.cs",42,"SharpLink.Runtime","Property","Public","HandshakeTimeout",16,0,24,6,0,""
"src/SharpLink.Runtime/SharpLinkProtocolOptions.cs",45,"SharpLink.Runtime","Property","Public","MaxPendingRequestsPerConnection",14,0,7,1,2,""
"src/SharpLink.Runtime/SharpLinkProtocolOptions.cs",48,"SharpLink.Runtime","Property","Public","MaxConcurrentStreamsPerConnection",8,0,3,1,1,""
"src/SharpLink.Runtime/SharpLinkRpcSessionFlushPolicySnapshot.cs",4,"SharpLink.Runtime","NamedType","Public","global::SharpLink.Runtime.SharpLinkRpcSessionFlushPolicySnapshot",8,0,7,0,0,""
"src/SharpLink.Runtime/SharpLinkRuntimeContext.cs",6,"SharpLink.Runtime","NamedType","Public","global::SharpLink.Runtime.SharpLinkRuntimeContext",30,0,230,40,0,""
"src/SharpLink.Runtime/SharpLinkRuntimeContext.cs",8,"SharpLink.Runtime","Field","Private","_options",19,0,0,0,0,""
"src/SharpLink.Runtime/SharpLinkRuntimeContext.cs",9,"SharpLink.Runtime","Field","Private","_registrationGate",7,0,0,0,0,""
"src/SharpLink.Runtime/SharpLinkRuntimeContext.cs",10,"SharpLink.Runtime","Field","Private","_manifestRegistrations",6,0,0,0,0,""
"src/SharpLink.Runtime/SharpLinkRuntimeContext.cs",11,"SharpLink.Runtime","Field","Private","_manifestCodecProviders",7,0,0,0,0,""
"src/SharpLink.Runtime/SharpLinkRuntimeContext.cs",14,"SharpLink.Runtime","Method","Internal","SharpLinkRuntimeContext",1,0,0,0,0,"Constructor/activation"
"src/SharpLink.Runtime/SharpLinkRuntimeContext.cs",60,"SharpLink.Runtime","Method","Private","HasSameGeneratedCodecIdentity",1,0,0,0,0,""
"src/SharpLink.Runtime/SharpLinkRuntimeContext.cs",65,"SharpLink.Runtime","Method","Private","DescribeGeneratedCodecIdentity",2,0,0,0,0,""
"src/SharpLink.Runtime/SharpLinkRuntimeContext.cs",68,"SharpLink.Runtime","Method","Private","ThrowAfterConstructionRollback",1,0,0,0,0,""
"src/SharpLink.Runtime/SharpLinkRuntimeContext.cs",96,"SharpLink.Runtime","Property","Public","Buffers",80,0,28,10,0,""
"src/SharpLink.Runtime/SharpLinkRuntimeContext.cs",99,"SharpLink.Runtime","Property","Internal","Concurrency",3,0,16,0,0,""
"src/SharpLink.Runtime/SharpLinkRuntimeContext.cs",105,"SharpLink.Runtime","Property","Public","TimeProvider",86,0,24,1,0,""
"src/SharpLink.Runtime/SharpLinkRuntimeContext.cs",107,"SharpLink.Runtime","Property","Internal","Protocol",25,0,69,14,0,""
"src/SharpLink.Runtime/SharpLinkRuntimeContext.cs",108,"SharpLink.Runtime","Property","Internal","FlowControl",20,0,196,25,0,""
"src/SharpLink.Runtime/SharpLinkRuntimeContext.cs",109,"SharpLink.Runtime","Property","Internal","Compression",6,0,96,4,1,""
"src/SharpLink.Runtime/SharpLinkRuntimeContext.cs",110,"SharpLink.Runtime","Property","Internal","PerformanceProfile",16,0,25,5,0,""
"src/SharpLink.Runtime/SharpLinkRuntimeContext.cs",112,"SharpLink.Runtime","Method","Internal","PrepareGeneratedManifest",6,0,40,0,0,""
"src/SharpLink.Runtime/SharpLinkRuntimeContext.cs",139,"SharpLink.Runtime","Method","Internal","CreateGeneratedCodecSnapshot",7,0,1,0,0,""
"src/SharpLink.Runtime/SharpLinkRuntimeContext.cs",142,"SharpLink.Runtime","Method","Internal","PublishGeneratedCodecs",7,0,19,0,0,""
"src/SharpLink.Runtime/SharpLinkRuntimeContext.cs",159,"SharpLink.Runtime","Method","Private","ValidateReferencedCodecDependencies",4,0,0,0,0,""
"src/SharpLink.Runtime/SharpLinkRuntimeContext.cs",203,"SharpLink.Runtime","Method","Internal","AdoptGeneratedManifest",5,0,26,0,0,""
"src/SharpLink.Runtime/SharpLinkRuntimeContext.cs",224,"SharpLink.Runtime","Method","Internal","GetManifestCodecProvider",1,0,0,0,0,""
"src/SharpLink.Runtime/SharpLinkRuntimeContext.cs",251,"SharpLink.Runtime","Method","Internal","FindGeneratedCodec",2,0,0,0,0,""
"src/SharpLink.Runtime/SharpLinkRuntimeContext.cs",265,"SharpLink.Runtime","Method","Internal","ReleaseGeneratedManifest",2,0,5,0,0,""
"src/SharpLink.Runtime/SharpLinkRuntimeContext.cs",311,"SharpLink.Runtime","NamedType","Private","global::SharpLink.Runtime.SharpLinkRuntimeContext.ManifestCodecProviderEntry",2,0,0,0,0,""
"src/SharpLink.Runtime/SharpLinkRuntimeContext.cs",317,"SharpLink.Runtime","NamedType","Public","global::SharpLink.Runtime.SharpLinkRuntimeContextBuilder",9,0,133,28,0,""
"src/SharpLink.Runtime/SharpLinkRuntimeContext.cs",320,"SharpLink.Runtime","Field","Private","_concurrency",4,0,0,0,0,""
"src/SharpLink.Runtime/SharpLinkRuntimeContext.cs",321,"SharpLink.Runtime","Field","Private","_bufferPool",4,0,0,0,0,""
"src/SharpLink.Runtime/SharpLinkRuntimeContext.cs",322,"SharpLink.Runtime","Field","Private","_codecs",4,0,0,0,0,""
"src/SharpLink.Runtime/SharpLinkRuntimeContext.cs",323,"SharpLink.Runtime","Field","Private","_generatedManifestSource",2,0,0,0,0,""
"src/SharpLink.Runtime/SharpLinkRuntimeContext.cs",328,"SharpLink.Runtime","Method","Public","Configure",4,0,99,10,0,""
"src/SharpLink.Runtime/SharpLinkRuntimeContext.cs",336,"SharpLink.Runtime","Method","Public","ConfigureBufferPool",2,0,8,0,0,""
"src/SharpLink.Runtime/SharpLinkRuntimeContext.cs",344,"SharpLink.Runtime","Method","Public","ConfigureStateStores",2,0,10,0,0,""
"src/SharpLink.Runtime/SharpLinkRuntimeContext.cs",352,"SharpLink.Runtime","Method","Public","UseCodecResolver",2,0,12,2,0,""
"src/SharpLink.Runtime/SharpLinkRuntimeContext.cs",362,"SharpLink.Runtime","Method","Public","UseTimeProvider",2,0,62,3,0,""
"src/SharpLink.Runtime/SharpLinkRuntimeContext.cs",372,"SharpLink.Runtime","Method","Internal","UseGeneratedManifestSource",2,0,14,0,0,""
"src/SharpLink.Runtime/SharpLinkRuntimeContext.cs",404,"SharpLink.Runtime","Method","Internal","Compile",7,0,2,0,0,""
"src/SharpLink.Runtime/SharpLinkRuntimeContext.cs",428,"SharpLink.Runtime","Method","Private","MaterializeStandalone",3,0,0,0,0,""
"src/SharpLink.Runtime/SharpLinkRuntimeContextBuildPlan.cs",9,"SharpLink.Runtime","NamedType","Internal","global::SharpLink.Runtime.SharpLinkRuntimeContextBuildPlan",14,0,1,0,0,""
"src/SharpLink.Runtime/SharpLinkRuntimeContextBuildPlan.cs",15,"SharpLink.Runtime","Field","Private","_generatedManifests",3,0,0,0,0,""
"src/SharpLink.Runtime/SharpLinkRuntimeContextBuildPlan.cs",17,"SharpLink.Runtime","Method","Internal","SharpLinkRuntimeContextBuildPlan",1,0,0,0,0,"Constructor/activation"
"src/SharpLink.Runtime/SharpLinkRuntimeContextBuildPlan.cs",45,"SharpLink.Runtime","Property","Internal","Resolver",2,0,0,0,0,""
"src/SharpLink.Runtime/SharpLinkRuntimeContextBuildPlan.cs",50,"SharpLink.Runtime","Property","Internal","GeneratedManifests",6,0,3,0,0,""
"src/SharpLink.Runtime/SharpLinkRuntimeContextBuildPlan.cs",54,"SharpLink.Runtime","Method","Internal","Materialize",3,0,1,0,0,""
"src/SharpLink.Runtime/SharpLinkRuntimeOptions.cs",4,"SharpLink.Runtime","NamedType","Public","global::SharpLink.Runtime.SharpLinkPerformanceProfile",22,48,41,23,0,""
"src/SharpLink.Runtime/SharpLinkRuntimeOptions.cs",7,"SharpLink.Runtime","Field","Public","Balanced",3,0,10,4,0,"Enum/protocol identity"
"src/SharpLink.Runtime/SharpLinkRuntimeOptions.cs",10,"SharpLink.Runtime","Field","Public","LowLatency",4,0,7,3,0,"Enum/protocol identity"
"src/SharpLink.Runtime/SharpLinkRuntimeOptions.cs",16,"SharpLink.Runtime","Field","Public","Throughput",5,0,13,6,0,"Enum/protocol identity"
"src/SharpLink.Runtime/SharpLinkRuntimeOptions.cs",20,"SharpLink.Runtime","NamedType","Public","global::SharpLink.Runtime.SharpLinkFlowControlOptions",17,0,21,0,0,""
"src/SharpLink.Runtime/SharpLinkRuntimeOptions.cs",22,"SharpLink.Runtime","Field","Private","DefaultMaxSendQueueBytes",1,0,0,0,0,""
"src/SharpLink.Runtime/SharpLinkRuntimeOptions.cs",23,"SharpLink.Runtime","Field","Private","DefaultMaxPreCreditSerializedBytes",1,0,0,0,0,""
"src/SharpLink.Runtime/SharpLinkRuntimeOptions.cs",24,"SharpLink.Runtime","Field","Private","_maxSendQueueBytes",4,0,0,0,0,""
"src/SharpLink.Runtime/SharpLinkRuntimeOptions.cs",25,"SharpLink.Runtime","Field","Private","_maxSendQueueBytesConfigured",4,0,0,0,0,""
"src/SharpLink.Runtime/SharpLinkRuntimeOptions.cs",28,"SharpLink.Runtime","Field","Public","MaximumConcurrentCallsPerConnection",6,0,0,0,0,""
"src/SharpLink.Runtime/SharpLinkRuntimeOptions.cs",31,"SharpLink.Runtime","Field","Public","DefaultMaxConcurrentCallsPerServer",1,0,3,0,0,""
"src/SharpLink.Runtime/SharpLinkRuntimeOptions.cs",34,"SharpLink.Runtime","Field","Public","MaximumConcurrentCallsPerServer",6,0,4,0,0,""
"src/SharpLink.Runtime/SharpLinkRuntimeOptions.cs",37,"SharpLink.Runtime","Field","Public","DefaultMaxConcurrentDecodesPerServer",1,0,0,0,0,""
"src/SharpLink.Runtime/SharpLinkRuntimeOptions.cs",40,"SharpLink.Runtime","Field","Public","DefaultMaxRetainedCompressedBytesPerServer",1,0,0,0,0,""
"src/SharpLink.Runtime/SharpLinkRuntimeOptions.cs",43,"SharpLink.Runtime","Field","Public","DefaultMaxDecodedBytesInFlightPerServer",1,0,0,0,0,""
"src/SharpLink.Runtime/SharpLinkRuntimeOptions.cs",46,"SharpLink.Runtime","Field","Public","DefaultMaxPreAdmissionStreamBytesPerServer",2,0,0,0,0,""
"src/SharpLink.Runtime/SharpLinkRuntimeOptions.cs",49,"SharpLink.Runtime","Property","Public","MaxSendQueueBytes",8,0,18,5,0,""
"src/SharpLink.Runtime/SharpLinkRuntimeOptions.cs",77,"SharpLink.Runtime","Property","Public","MaxPreCreditSerializedBytes",4,0,23,0,0,""
"src/SharpLink.Runtime/SharpLinkRuntimeOptions.cs",86,"SharpLink.Runtime","Property","Public","MaxConcurrentCallsPerConnection",5,0,30,1,0,""
"src/SharpLink.Runtime/SharpLinkRuntimeOptions.cs",93,"SharpLink.Runtime","Property","Public","MaxConcurrentCallsPerServer",5,0,38,1,0,""
"src/SharpLink.Runtime/SharpLinkRuntimeOptions.cs",99,"SharpLink.Runtime","Property","Public","MaxConcurrentDecodesPerServer",6,0,13,0,0,""
"src/SharpLink.Runtime/SharpLinkRuntimeOptions.cs",105,"SharpLink.Runtime","Property","Public","MaxRetainedCompressedBytesPerServer",4,0,14,0,0,""
"src/SharpLink.Runtime/SharpLinkRuntimeOptions.cs",111,"SharpLink.Runtime","Property","Public","MaxDecodedBytesInFlightPerServer",4,0,13,0,0,""
"src/SharpLink.Runtime/SharpLinkRuntimeOptions.cs",118,"SharpLink.Runtime","Property","Public","MaxPreAdmissionStreamBytesPerServer",4,0,6,0,0,""
"src/SharpLink.Runtime/SharpLinkRuntimeOptions.cs",172,"SharpLink.Runtime","Property","Internal","HasConfiguredMaxSendQueueBytes",1,0,0,0,0,""
"src/SharpLink.Runtime/SharpLinkRuntimeOptions.cs",174,"SharpLink.Runtime","Method","Internal","CopySnapshotTo",1,0,0,0,0,""
"src/SharpLink.Runtime/SharpLinkRuntimeOptions.cs",200,"SharpLink.Runtime","NamedType","Public","global::SharpLink.Runtime.SharpLinkRuntimeOptions",12,0,30,8,1,""
"src/SharpLink.Runtime/SharpLinkRuntimeOptions.cs",226,"SharpLink.Runtime","Method","Private","ApplyProfileDefaults",1,0,0,0,0,""
"src/SharpLink.Runtime/SharpLinkRuntimeOptions.cs",242,"SharpLink.Runtime","Method","Private","CopyProtocol",1,0,0,0,0,""
"src/SharpLink.Runtime/SharpLinkRuntimeOptions.cs",252,"SharpLink.Runtime","Method","Private","CopyFlowControl",1,0,0,0,0,""
"src/SharpLink.Runtime/SharpLinkRuntimeOptions.cs",255,"SharpLink.Runtime","Method","Private","CopyCompression",1,0,0,0,0,""
"src/SharpLink.Runtime/StreamFlowController.cs",7,"SharpLink.Runtime","NamedType","Internal","global::SharpLink.Runtime.StreamFlowController",13,0,51,12,0,""
"src/SharpLink.Runtime/StreamFlowController.cs",9,"SharpLink.Runtime","Field","Private","MaxPendingSendStateWaiters",1,0,0,0,0,""
"src/SharpLink.Runtime/StreamFlowController.cs",10,"SharpLink.Runtime","Field","Private","MaxPooledReceiveStates",1,0,0,0,0,""
"src/SharpLink.Runtime/StreamFlowController.cs",11,"SharpLink.Runtime","Field","Private","MaxPooledSendStates",1,0,0,0,0,""
"src/SharpLink.Runtime/StreamFlowController.cs",13,"SharpLink.Runtime","Field","Private","_streamWindow",21,0,0,0,0,""
"src/SharpLink.Runtime/StreamFlowController.cs",14,"SharpLink.Runtime","Field","Private","_connectionWindow",7,0,0,0,0,""
"src/SharpLink.Runtime/StreamFlowController.cs",15,"SharpLink.Runtime","Field","Private","_maxFramePayloadBytes",3,0,0,0,0,""
"src/SharpLink.Runtime/StreamFlowController.cs",16,"SharpLink.Runtime","Field","Private","_maxConcurrentStreams",9,0,0,0,0,""
"src/SharpLink.Runtime/StreamFlowController.cs",17,"SharpLink.Runtime","Field","Private","_maxPooledReceiveStates",2,0,0,0,0,""
"src/SharpLink.Runtime/StreamFlowController.cs",18,"SharpLink.Runtime","Field","Private","_maxPooledSendStates",2,0,0,0,0,""
"src/SharpLink.Runtime/StreamFlowController.cs",19,"SharpLink.Runtime","Field","Private","_streamUpdateThreshold",2,0,0,0,0,""
"src/SharpLink.Runtime/StreamFlowController.cs",20,"SharpLink.Runtime","Field","Private","_connectionUpdateThreshold",2,0,0,0,0,""
"src/SharpLink.Runtime/StreamFlowController.cs",21,"SharpLink.Runtime","Field","Private","_sendStates",17,0,0,0,0,""
"src/SharpLink.Runtime/StreamFlowController.cs",22,"SharpLink.Runtime","Field","Private","_receiveStates",10,0,0,0,0,""
"src/SharpLink.Runtime/StreamFlowController.cs",23,"SharpLink.Runtime","Field","Private","_waiters",12,0,0,0,0,""
"src/SharpLink.Runtime/StreamFlowController.cs",24,"SharpLink.Runtime","Field","Private","_consumedCreditUpdates",7,0,0,0,0,""
"src/SharpLink.Runtime/StreamFlowController.cs",27,"SharpLink.Runtime","Field","Private","_pooledReceiveStates",7,0,0,0,0,""
"src/SharpLink.Runtime/StreamFlowController.cs",29,"SharpLink.Runtime","Field","Private","_pooledReceiveStateOverflowCount",7,0,0,0,0,""
"src/SharpLink.Runtime/StreamFlowController.cs",33,"SharpLink.Runtime","Field","Private","_pooledSendStates",7,0,0,0,0,""
"src/SharpLink.Runtime/StreamFlowController.cs",34,"SharpLink.Runtime","Field","Private","_pooledSendStateOverflowCount",7,0,0,0,0,""
"src/SharpLink.Runtime/StreamFlowController.cs",35,"SharpLink.Runtime","Field","Private","_sendStateLeaseCounter",1,0,0,0,0,""
"src/SharpLink.Runtime/StreamFlowController.cs",39,"SharpLink.Runtime","Field","Private","_activeSendStreamCount",6,0,0,0,0,""
"src/SharpLink.Runtime/StreamFlowController.cs",40,"SharpLink.Runtime","Field","Private","_pendingSendStateWaiterCount",4,0,0,0,0,""
"src/SharpLink.Runtime/StreamFlowController.cs",41,"SharpLink.Runtime","Field","Private","_sendConnectionCredit",14,0,0,0,0,""
"src/SharpLink.Runtime/StreamFlowController.cs",42,"SharpLink.Runtime","Field","Private","_receiveConnectionCredit",6,0,0,0,0,""
"src/SharpLink.Runtime/StreamFlowController.cs",43,"SharpLink.Runtime","Field","Private","_pendingConnectionConsumed",3,0,0,0,0,""
"src/SharpLink.Runtime/StreamFlowController.cs",44,"SharpLink.Runtime","Field","Private","_terminalException",9,0,0,0,0,""
"src/SharpLink.Runtime/StreamFlowController.cs",46,"SharpLink.Runtime","Method","Public","StreamFlowController",1,0,32,6,0,"Constructor/activation"
"src/SharpLink.Runtime/StreamFlowController.cs",75,"SharpLink.Runtime","Method","Public","TryAcquireSendCredit",1,0,1,1,0,""
"src/SharpLink.Runtime/StreamFlowController.cs",117,"SharpLink.Runtime","Method","Public","AcquireSendCreditAsync",1,0,35,6,0,""
"src/SharpLink.Runtime/StreamFlowController.cs",164,"SharpLink.Runtime","Method","Private","AcquireContendedSendCreditAsync",1,0,0,0,0,""
"src/SharpLink.Runtime/StreamFlowController.cs",264,"SharpLink.Runtime","Method","Public","ReturnUnsentCredit",1,0,1,0,0,""
"src/SharpLink.Runtime/StreamFlowController.cs",389,"SharpLink.Runtime","Method","Public","AcceptReceived",1,0,48,4,0,""
"src/SharpLink.Runtime/StreamFlowController.cs",412,"SharpLink.Runtime","Method","Public","RecordConsumed",1,0,31,4,0,""
"src/SharpLink.Runtime/StreamFlowController.cs",454,"SharpLink.Runtime","Method","Public","TryTakeConsumedCreditUpdate",1,0,10,0,0,""
"src/SharpLink.Runtime/StreamFlowController.cs",487,"SharpLink.Runtime","Method","Public","FlushConsumed",1,0,16,2,0,""
"src/SharpLink.Runtime/StreamFlowController.cs",564,"SharpLink.Runtime","Method","Private","AddSendState",4,0,0,0,0,""
"src/SharpLink.Runtime/StreamFlowController.cs",572,"SharpLink.Runtime","Method","Private","RentSendState",1,0,0,0,0,""
"src/SharpLink.Runtime/StreamFlowController.cs",603,"SharpLink.Runtime","Method","Private","RemoveSendState",3,0,0,0,0,""
"src/SharpLink.Runtime/StreamFlowController.cs",609,"SharpLink.Runtime","Method","Private","ReturnSendState",1,0,0,0,0,""
"src/SharpLink.Runtime/StreamFlowController.cs",630,"SharpLink.Runtime","Method","Private","ClearPooledSendStates",1,0,0,0,0,""
"src/SharpLink.Runtime/StreamFlowController.cs",643,"SharpLink.Runtime","Method","Private","RentReceiveState",1,0,0,0,0,""
"src/SharpLink.Runtime/StreamFlowController.cs",669,"SharpLink.Runtime","Method","Private","RemoveReceiveState",3,0,0,0,0,""
"src/SharpLink.Runtime/StreamFlowController.cs",675,"SharpLink.Runtime","Method","Private","ReturnReceiveState",1,0,0,0,0,""
"src/SharpLink.Runtime/StreamFlowController.cs",697,"SharpLink.Runtime","Method","Private","ClearPooledReceiveStates",1,0,0,0,0,""
"src/SharpLink.Runtime/StreamFlowController.cs",710,"SharpLink.Runtime","Method","Private","CanReserve",4,0,0,0,0,""
"src/SharpLink.Runtime/StreamFlowController.cs",719,"SharpLink.Runtime","Method","Private","Reserve",4,0,0,0,0,""
"src/SharpLink.Runtime/StreamFlowController.cs",725,"SharpLink.Runtime","Method","Private","AdmitWaiters",6,0,0,0,0,""
"src/SharpLink.Runtime/StreamFlowController.cs",776,"SharpLink.Runtime","Method","Private","HasStreamCredit",1,0,0,0,0,""
"src/SharpLink.Runtime/StreamFlowController.cs",779,"SharpLink.Runtime","Method","Private","HasConnectionCredit",2,0,0,0,0,""
"src/SharpLink.Runtime/StreamFlowController.cs",782,"SharpLink.Runtime","Method","Private","CompleteReadyWaiters",7,0,0,0,0,""
"src/SharpLink.Runtime/StreamFlowController.cs",796,"SharpLink.Runtime","Method","Private","TakePendingCredit",4,0,0,0,0,""
"src/SharpLink.Runtime/StreamFlowController.cs",806,"SharpLink.Runtime","Method","Private","FlushPendingConnectionCredit",1,0,0,0,0,""
"src/SharpLink.Runtime/StreamFlowController.cs",839,"SharpLink.Runtime","Method","Private","CancelWaiter",1,0,0,0,0,""
"src/SharpLink.Runtime/StreamFlowController.cs",853,"SharpLink.Runtime","Method","Private","ValidateEncodedBytes",3,0,0,0,0,""
"src/SharpLink.Runtime/StreamFlowController.cs",864,"SharpLink.Runtime","Method","Private","ThrowIfTerminated",5,0,0,0,0,""
"src/SharpLink.Runtime/StreamFlowController.cs",873,"SharpLink.Runtime","Method","Private","CreateStreamClosedException",8,0,0,0,0,""
"src/SharpLink.Runtime/StreamFlowController.cs",876,"SharpLink.Runtime","Method","Private","CreatePendingStreamCapacityLimitException",1,0,0,0,0,""
"src/SharpLink.Runtime/StreamFlowController.cs",881,"SharpLink.Runtime","Method","Private","CreateConcurrentStreamLimitException",2,0,0,0,0,""
"src/SharpLink.Runtime/StreamFlowController.cs",886,"SharpLink.Runtime","Method","Private","RemoveWaiter",6,0,0,0,0,""
"src/SharpLink.Runtime/StreamFlowController.cs",893,"SharpLink.Runtime","Method","Private","ReleasePendingSendStateWaiter",2,0,0,0,0,""
"src/SharpLink.Runtime/StreamFlowController.cs",901,"SharpLink.Runtime","NamedType","Private","global::SharpLink.Runtime.StreamFlowController.StreamKey",21,0,0,0,0,""
"src/SharpLink.Runtime/StreamFlowController.cs",903,"SharpLink.Runtime","NamedType","Private","global::SharpLink.Runtime.StreamFlowController.ConsumedCreditUpdate",4,0,0,0,0,""
"src/SharpLink.Runtime/StreamFlowController.cs",905,"SharpLink.Runtime","NamedType","Private","global::SharpLink.Runtime.StreamFlowController.SendState",25,0,0,0,0,""
"src/SharpLink.Runtime/StreamFlowController.cs",907,"SharpLink.Runtime","Field","Public","Credit",27,0,0,0,0,""
"src/SharpLink.Runtime/StreamFlowController.cs",908,"SharpLink.Runtime","Field","Public","Completed",20,0,0,0,0,""
"src/SharpLink.Runtime/StreamFlowController.cs",909,"SharpLink.Runtime","Field","Public","AbortException",10,0,0,0,0,""
"src/SharpLink.Runtime/StreamFlowController.cs",910,"SharpLink.Runtime","Field","Public","Lease",3,0,0,0,0,""
"src/SharpLink.Runtime/StreamFlowController.cs",914,"SharpLink.Runtime","NamedType","Private","global::SharpLink.Runtime.StreamFlowController.ReceiveState",19,0,0,0,0,""
"src/SharpLink.Runtime/StreamFlowController.cs",917,"SharpLink.Runtime","Field","Public","PendingConsumed",7,0,0,0,0,""
"src/SharpLink.Runtime/StreamFlowController.cs",930,"SharpLink.Runtime","NamedType","Private","global::SharpLink.Runtime.StreamFlowController.CreditWaiter",23,0,0,0,0,""
"src/SharpLink.Runtime/StreamFlowController.cs",936,"SharpLink.Runtime","Field","Public","Completion",6,0,0,0,0,""
"src/SharpLink.Runtime/StreamFlowController.cs",938,"SharpLink.Runtime","Field","Public","Owner",1,0,0,0,0,""
"src/SharpLink.Runtime/StreamFlowController.cs",939,"SharpLink.Runtime","Field","Public","Key",4,0,0,0,0,""
"src/SharpLink.Runtime/StreamFlowController.cs",940,"SharpLink.Runtime","Field","Public","EncodedBytes",3,0,0,0,0,""
"src/SharpLink.Runtime/StreamFlowController.cs",941,"SharpLink.Runtime","Field","Public","CanCreateState",3,0,0,0,0,""
"src/SharpLink.Runtime/StreamFlowController.cs",942,"SharpLink.Runtime","Field","Public","Node",5,0,0,0,0,""
"src/SharpLink.Runtime/StreamFlowController.cs",943,"SharpLink.Runtime","Field","Public","Rejection",4,0,0,0,0,""
"src/SharpLink.Runtime/StreamManager.cs",4,"SharpLink.Runtime","NamedType","Internal","global::SharpLink.Runtime.StreamManager",6,0,70,12,0,""
"src/SharpLink.Runtime/StreamManager.cs",6,"SharpLink.Runtime","Field","Private","_dispatchersByRequestId",15,0,0,0,0,""
"src/SharpLink.Runtime/StreamManager.cs",7,"SharpLink.Runtime","Field","Private","_concurrencyOptions",2,0,0,0,0,""
"src/SharpLink.Runtime/StreamManager.cs",8,"SharpLink.Runtime","Field","Private","_dispatchersInitializationGate",1,0,0,0,0,""
"src/SharpLink.Runtime/StreamManager.cs",9,"SharpLink.Runtime","Field","Private","_acceptBytes",5,0,0,0,0,""
"src/SharpLink.Runtime/StreamManager.cs",11,"SharpLink.Runtime","Field","Private","_streamCompleted",3,0,0,0,0,""
"src/SharpLink.Runtime/StreamManager.cs",12,"SharpLink.Runtime","Field","Private","_maxActiveStreams",3,0,0,0,0,""
"src/SharpLink.Runtime/StreamManager.cs",13,"SharpLink.Runtime","Field","Private","_activeStreamCapacityExceeded",2,0,0,0,0,""
"src/SharpLink.Runtime/StreamManager.cs",14,"SharpLink.Runtime","Field","Private","_droppedStreamFrames",2,0,0,0,0,""
"src/SharpLink.Runtime/StreamManager.cs",15,"SharpLink.Runtime","Field","Private","_activeStreamCount",12,0,0,0,0,""
"src/SharpLink.Runtime/StreamManager.cs",16,"SharpLink.Runtime","Field","Private","_termination",4,0,0,0,0,""
"src/SharpLink.Runtime/StreamManager.cs",19,"SharpLink.Runtime","Method","Internal","StreamManager",1,0,57,7,0,"Constructor/activation"
"src/SharpLink.Runtime/StreamManager.cs",64,"SharpLink.Runtime","Method","Internal","Register",7,0,76,5,0,""
"src/SharpLink.Runtime/StreamManager.cs",143,"SharpLink.Runtime","Method","Internal","Unregister",5,0,17,0,0,""
"src/SharpLink.Runtime/StreamManager.cs",181,"SharpLink.Runtime","Method","Internal","DispatchChunkAsync",3,0,61,2,0,""
"src/SharpLink.Runtime/StreamManager.cs",224,"SharpLink.Runtime","Method","Private","ThrowIfPeerTerminal",2,0,0,0,0,""
"src/SharpLink.Runtime/StreamManager.cs",234,"SharpLink.Runtime","Method","Private","CompleteDispatch",4,0,0,0,0,""
"src/SharpLink.Runtime/StreamManager.cs",244,"SharpLink.Runtime","Method","Private","AwaitDispatchAsync",1,0,0,0,0,""
"src/SharpLink.Runtime/StreamManager.cs",269,"SharpLink.Runtime","Method","Internal","CompleteAll",5,0,9,3,0,""
"src/SharpLink.Runtime/StreamManager.cs",316,"SharpLink.Runtime","Method","Internal","CompletePeerStream",2,0,11,0,0,""
"src/SharpLink.Runtime/StreamManager.cs",355,"SharpLink.Runtime","Method","Internal","CompleteStreamAfterDispatchesAsync",1,0,2,0,0,""
"src/SharpLink.Runtime/StreamManager.cs",393,"SharpLink.Runtime","Method","Private","AwaitDispatchesAndFinalizeAsync",1,0,0,0,0,""
"src/SharpLink.Runtime/StreamManager.cs",403,"SharpLink.Runtime","Method","Private","FinalizeLocallyTerminatedStream",2,0,0,0,0,""
"src/SharpLink.Runtime/StreamManager.cs",442,"SharpLink.Runtime","Method","Internal","CompleteRequestStreams",2,0,6,2,0,""
"src/SharpLink.Runtime/StreamManager.cs",463,"SharpLink.Runtime","Method","Internal","CompleteRequestStreamsAfterDispatchesAsync",1,0,1,0,0,""
"src/SharpLink.Runtime/StreamManager.cs",499,"SharpLink.Runtime","Method","Private","AwaitRequestDispatchesAndFinalizeAsync",1,0,0,0,0,""
"src/SharpLink.Runtime/StreamManager.cs",511,"SharpLink.Runtime","Method","Private","FinalizeRequestDrain",2,0,0,0,0,""
"src/SharpLink.Runtime/StreamManager.cs",540,"SharpLink.Runtime","Method","Private","ThrowCompletionFailures",4,0,0,0,0,""
"src/SharpLink.Runtime/StreamManager.cs",548,"SharpLink.Runtime","Method","Internal","ReservePreAdmissionStreams",2,0,27,1,0,""
"src/SharpLink.Runtime/StreamManager.cs",578,"SharpLink.Runtime","Method","Internal","AbandonExistingRequestStreams",1,0,11,0,0,""
"src/SharpLink.Runtime/StreamManager.cs",585,"SharpLink.Runtime","Method","Internal","DrainRejectedRequestStreams",2,0,4,0,0,""
"src/SharpLink.Runtime/StreamManager.cs",601,"SharpLink.Runtime","Method","Private","TryAbandonExistingStream",2,0,0,0,0,""
"src/SharpLink.Runtime/StreamManager.cs",616,"SharpLink.Runtime","Method","Internal","TryDispatchPreAdmissionCompressed",1,0,5,0,0,""
"src/SharpLink.Runtime/StreamManager.cs",663,"SharpLink.Runtime","Method","Private","CompleteTerminatedRegistration",1,0,0,0,0,""
"src/SharpLink.Runtime/StreamManager.cs",686,"SharpLink.Runtime","Method","Private","PublishReceiveTerminal",6,0,0,0,0,""
"src/SharpLink.Runtime/StreamManager.cs",692,"SharpLink.Runtime","Method","Private","GetOrCreateDispatchersByRequestId",1,0,0,0,0,""
"src/SharpLink.Runtime/StreamManager.cs",712,"SharpLink.Runtime","Property","Internal","ActiveStreamCount",6,0,67,5,0,""
"src/SharpLink.Runtime/StreamManager.cs",713,"SharpLink.Runtime","Property","Internal","IsTerminated",1,0,3,0,0,""
"src/SharpLink.Runtime/StreamManager.cs",727,"SharpLink.Runtime","Method","Private","RemoveEmptyRequest",8,0,0,0,0,""
"src/SharpLink.Runtime/StreamManager.cs",734,"SharpLink.Runtime","Method","Private","CreateCompletionException",3,0,0,0,0,""
"src/SharpLink.Runtime/StreamManager.cs",743,"SharpLink.Runtime","NamedType","Private","global::SharpLink.Runtime.StreamManager.Termination",3,0,0,0,0,""
"src/SharpLink.Runtime/StreamManager.cs",745,"SharpLink.Runtime","Property","Internal","Exception",17,0,0,0,0,""
"src/SharpLink.Runtime/StreamManager.cs",748,"SharpLink.Runtime","NamedType","Private","global::SharpLink.Runtime.StreamManager.RequestDrainEntry",7,0,0,0,0,""
"src/SharpLink.Runtime/StreamManager.cs",750,"SharpLink.Runtime","NamedType","Private","global::SharpLink.Runtime.StreamManager.RequestDispatchers",19,0,0,0,0,""
"src/SharpLink.Runtime/StreamManager.cs",752,"SharpLink.Runtime","Field","Private","_defaultDispatcher",13,0,0,0,0,""
"src/SharpLink.Runtime/StreamManager.cs",754,"SharpLink.Runtime","Field","Private","_byStreamId",16,0,0,0,0,""
"src/SharpLink.Runtime/StreamManager.cs",756,"SharpLink.Runtime","Method","Public","TryRegister",1,0,0,0,0,""
"src/SharpLink.Runtime/StreamManager.cs",773,"SharpLink.Runtime","Method","Public","TryAttachPreAdmission",1,0,0,0,0,""
"src/SharpLink.Runtime/StreamManager.cs",829,"SharpLink.Runtime","Method","Public","TryAbandonInboundRoute",1,0,0,0,0,""
"src/SharpLink.Runtime/StreamManager.cs",877,"SharpLink.Runtime","Method","Public","TryMarkPeerTerminal",1,0,0,0,0,""
"src/SharpLink.Runtime/StreamManager.cs",913,"SharpLink.Runtime","Method","Public","TryCompleteRetainedRoute",2,0,0,0,0,""
"src/SharpLink.Runtime/StreamManager.cs",1011,"SharpLink.Runtime","Method","Public","TryRemove",11,0,23,1,0,""
"src/SharpLink.Runtime/StreamManager.cs",1040,"SharpLink.Runtime","Method","Public","TakeAllForDrain",1,0,0,0,0,""
"src/SharpLink.Runtime/StreamManager.cs",1087,"SharpLink.Runtime","Method","Private","CompleteEntry",2,0,0,0,0,""
"src/SharpLink.Runtime/StreamManager.cs",1110,"SharpLink.Runtime","Property","Public","IsEmpty",1,0,0,0,0,""
"src/SharpLink.Runtime/StreamManager.cs",1122,"SharpLink.Runtime","NamedType","Private","global::SharpLink.Runtime.StreamManager.DispatcherEntry",42,0,0,0,0,""
"src/SharpLink.Runtime/StreamManager.cs",1124,"SharpLink.Runtime","Field","Private","ClosedMask",4,0,0,0,0,""
"src/SharpLink.Runtime/StreamManager.cs",1125,"SharpLink.Runtime","Field","Private","CountMask",4,0,0,0,0,""
"src/SharpLink.Runtime/StreamManager.cs",1127,"SharpLink.Runtime","Field","Private","_detached",2,0,0,0,0,""
"src/SharpLink.Runtime/StreamManager.cs",1128,"SharpLink.Runtime","Field","Private","_receiveTerminalPublished",1,0,0,0,0,""
"src/SharpLink.Runtime/StreamManager.cs",1129,"SharpLink.Runtime","Field","Private","_peerTerminalReceived",2,0,0,0,0,""
"src/SharpLink.Runtime/StreamManager.cs",1131,"SharpLink.Runtime","Field","Private","_completions",4,0,0,0,0,""
"src/SharpLink.Runtime/StreamManager.cs",1133,"SharpLink.Runtime","Method","Internal","DispatcherEntry",2,0,0,0,0,"Constructor/activation"
"src/SharpLink.Runtime/StreamManager.cs",1140,"SharpLink.Runtime","Property","Internal","Dispatcher",26,0,0,0,0,""
"src/SharpLink.Runtime/StreamManager.cs",1146,"SharpLink.Runtime","Property","Internal","PeerTerminalReceived",3,0,0,0,0,""
"src/SharpLink.Runtime/StreamManager.cs",1148,"SharpLink.Runtime","Method","Internal","MarkPeerTerminalReceived",2,0,0,0,0,""
"src/SharpLink.Runtime/StreamManager.cs",1151,"SharpLink.Runtime","Method","Internal","TryPublishReceiveTerminal",1,0,0,0,0,""
"src/SharpLink.Runtime/StreamManager.cs",1223,"SharpLink.Runtime","Method","Internal","Detach",8,0,0,0,0,""
"src/SharpLink.Runtime/StreamManager.cs",1233,"SharpLink.Runtime","Method","Private","GetOrCreateCompletions",2,0,0,0,0,""
"src/SharpLink.Runtime/StreamManager.cs",1243,"SharpLink.Runtime","NamedType","Private","global::SharpLink.Runtime.StreamManager.DispatcherEntry.DispatcherEntryCompletions",6,0,0,0,0,""
"src/SharpLink.Runtime/StreamManager.cs",1245,"SharpLink.Runtime","Field","Private","_dispatchesDrainedSignaled",3,0,0,0,0,""
"src/SharpLink.Runtime/StreamManager.cs",1246,"SharpLink.Runtime","Field","Private","_detachedSignaled",3,0,0,0,0,""
"src/SharpLink.Runtime/StreamManager.cs",1247,"SharpLink.Runtime","Field","Private","_dispatchesDrainedCompletion",2,0,0,0,0,""
"src/SharpLink.Runtime/StreamManager.cs",1248,"SharpLink.Runtime","Field","Private","_detachedCompletion",2,0,0,0,0,""
"src/SharpLink.Runtime/StreamManager.cs",1250,"SharpLink.Runtime","Method","Internal","SignalDispatchesDrained",2,0,0,0,0,""
"src/SharpLink.Runtime/StreamManager.cs",1256,"SharpLink.Runtime","Method","Internal","SignalDetached",2,0,0,0,0,""
"src/SharpLink.Runtime/StreamManager.cs",1286,"SharpLink.Runtime","Method","Private","GetOrCreateCompletion",2,0,0,0,0,""
"src/SharpLink.Runtime/StreamManager.cs",1301,"SharpLink.Runtime","NamedType","Internal","global::SharpLink.Runtime.DiscardingStreamDispatcher",8,0,0,0,0,""
"src/SharpLink.Runtime/StreamManager.cs",1336,"SharpLink.Runtime","NamedType","Internal","global::SharpLink.Runtime.StreamManagerTestHooks",1,0,6,0,0,""
"src/SharpLink.Runtime/StreamManager.cs",1339,"SharpLink.Runtime","Field","Private","s_beforeRoutingMapInitialize",2,0,0,0,0,""
"src/SharpLink.Runtime/StreamManager.cs",1341,"SharpLink.Runtime","Property","Internal","BeforeRoutingMapInitialize",1,0,6,0,0,""
"src/SharpLink.Runtime/StripedLongMap.cs",3,"SharpLink.Runtime","NamedType","Internal","global::SharpLink.Runtime.StripedLongMap<TValue>",49,0,39,2,0,""
"src/SharpLink.Runtime/StripedLongMap.cs",5,"SharpLink.Runtime","Field","Private","_locks",11,0,0,0,0,""
"src/SharpLink.Runtime/StripedLongMap.cs",6,"SharpLink.Runtime","Field","Private","_maps",19,0,0,0,0,""
"src/SharpLink.Runtime/StripedLongMap.cs",8,"SharpLink.Runtime","Field","Private","_count",7,0,0,0,0,""
"src/SharpLink.Runtime/StripedLongMap.cs",9,"SharpLink.Runtime","Field","Private","_countTrackingEnabled",7,0,0,0,0,""
"src/SharpLink.Runtime/StripedLongMap.cs",11,"SharpLink.Runtime","Method","Public","StripedLongMap",2,0,34,1,0,"Constructor/activation"
"src/SharpLink.Runtime/StripedLongMap.cs",41,"SharpLink.Runtime","Method","Internal","EnableCountTracking",1,0,1,0,0,""
"src/SharpLink.Runtime/StripedLongMap.cs",57,"SharpLink.Runtime","Property","Internal","Count",3,0,4,0,0,""
"src/SharpLink.Runtime/StripedLongMap.cs",59,"SharpLink.Runtime","Method","Public","Set",4,0,27,1,0,""
"src/SharpLink.Runtime/StripedLongMap.cs",74,"SharpLink.Runtime","Method","Public","GetOrAdd",1,0,0,0,0,""
"src/SharpLink.Runtime/StripedLongMap.cs",92,"SharpLink.Runtime","Method","Public","TryGetValue",7,0,1,0,0,""
"src/SharpLink.Runtime/StripedLongMap.cs",103,"SharpLink.Runtime","Method","Internal","TryCapture<TSnapshot>",5,0,3,0,0,""
"src/SharpLink.Runtime/StripedLongMap.cs",155,"SharpLink.Runtime","Method","Public","DrainValues",1,0,0,0,0,""
"src/SharpLink.Runtime/StripedLongMap.cs",191,"SharpLink.Runtime","Method","Internal","CopyEntries<TSnapshot>",2,0,2,0,0,""
"src/SharpLink.Runtime/StripedLongMap.cs",208,"SharpLink.Runtime","Method","Internal","TryCopyEntries<TSnapshot>",2,0,0,0,0,""
"src/SharpLink.Runtime/StripedLongMap.cs",229,"SharpLink.Runtime","Method","Private","GetStripe",6,0,0,0,0,""
"src/SharpLink.Runtime/SynchronousBuildTransaction.cs",4,"SharpLink.Runtime","NamedType","Internal","global::SharpLink.Runtime.SynchronousBuildResourceOwnership",6,0,0,0,0,""
"src/SharpLink.Runtime/SynchronousBuildTransaction.cs",7,"SharpLink.Runtime","Field","Public","CallerOwned",2,0,0,0,0,"Enum/protocol identity"
"src/SharpLink.Runtime/SynchronousBuildTransaction.cs",11,"SharpLink.Runtime","NamedType","Internal","global::SharpLink.Runtime.SynchronousBuildResourceMetadata",23,0,15,0,0,""
"src/SharpLink.Runtime/SynchronousBuildTransaction.cs",13,"SharpLink.Runtime","Method","Internal","SynchronousBuildResourceMetadata",2,0,0,0,0,"Constructor/activation"
"src/SharpLink.Runtime/SynchronousBuildTransaction.cs",25,"SharpLink.Runtime","Property","Internal","Name",5,0,0,0,0,""
"src/SharpLink.Runtime/SynchronousBuildTransaction.cs",27,"SharpLink.Runtime","Property","Internal","Ownership",4,0,0,0,0,""
"src/SharpLink.Runtime/SynchronousBuildTransaction.cs",29,"SharpLink.Runtime","Method","Internal","FrameworkOwned",16,0,13,0,0,""
"src/SharpLink.Runtime/SynchronousBuildTransaction.cs",32,"SharpLink.Runtime","Method","Internal","CallerOwned",1,0,2,0,0,""
"src/SharpLink.Runtime/SynchronousBuildTransaction.cs",42,"SharpLink.Runtime","NamedType","Internal","global::SharpLink.Runtime.SynchronousBuildTransaction",13,0,8,0,0,""
"src/SharpLink.Runtime/SynchronousBuildTransaction.cs",44,"SharpLink.Runtime","Field","Private","_entries",5,0,0,0,0,""
"src/SharpLink.Runtime/SynchronousBuildTransaction.cs",45,"SharpLink.Runtime","Field","Private","_resources",3,0,0,0,0,""
"src/SharpLink.Runtime/SynchronousBuildTransaction.cs",49,"SharpLink.Runtime","Method","Internal","Own<T>",18,0,14,0,0,""
"src/SharpLink.Runtime/SynchronousBuildTransaction.cs",81,"SharpLink.Runtime","Method","Internal","Commit",7,0,2,0,0,""
"src/SharpLink.Runtime/SynchronousBuildTransaction.cs",93,"SharpLink.Runtime","Method","Internal","Rollback",9,0,9,0,0,""
"src/SharpLink.Runtime/SynchronousBuildTransaction.cs",129,"SharpLink.Runtime","Method","Private","ValidateMetadata<T>",1,0,0,0,0,""
"src/SharpLink.Runtime/SynchronousBuildTransaction.cs",152,"SharpLink.Runtime","Method","Private","Cleanup",2,0,0,0,0,""
"src/SharpLink.Runtime/SynchronousBuildTransaction.cs",185,"SharpLink.Runtime","Method","Private","ThrowAfterRollback",1,0,0,0,0,""
"src/SharpLink.Runtime/SynchronousBuildTransaction.cs",197,"SharpLink.Runtime","Method","Private","ThrowCleanupFailures",1,0,0,0,0,""
"src/SharpLink.Runtime/SynchronousBuildTransaction.cs",214,"SharpLink.Runtime","NamedType","Private","global::SharpLink.Runtime.SynchronousBuildTransaction.Entry",2,0,0,0,0,""
"src/SharpLink.Runtime/SynchronousBuildTransaction.cs",219,"SharpLink.Runtime","NamedType","Private","global::SharpLink.Runtime.SynchronousBuildTransaction.State",9,0,0,0,0,""
"src/SharpLink.Runtime/SynchronousBuildTransaction.cs",221,"SharpLink.Runtime","Field","Public","Active",2,0,0,0,0,"Enum/protocol identity"
"src/SharpLink.Runtime/SynchronousBuildTransaction.cs",222,"SharpLink.Runtime","Field","Public","RollingBack",2,0,0,0,0,"Enum/protocol identity"
"src/SharpLink.Runtime/SynchronousBuildTransaction.cs",223,"SharpLink.Runtime","Field","Public","Committed",2,0,0,0,0,"Enum/protocol identity"
"src/SharpLink.Runtime/SynchronousBuildTransaction.cs",224,"SharpLink.Runtime","Field","Public","RolledBack",2,0,0,0,0,"Enum/protocol identity"
"src/SharpLink.Runtime/Transport/AnonymousPipeOffer.cs",9,"SharpLink.Runtime","NamedType","Public","global::SharpLink.Runtime.AnonymousPipeOffer",4,0,12,0,1,""
"src/SharpLink.Runtime/Transport/AnonymousPipeOffer.cs",11,"SharpLink.Runtime","Field","Private","_transfer",3,0,0,0,0,""
"src/SharpLink.Runtime/Transport/AnonymousPipeOffer.cs",13,"SharpLink.Runtime","Method","Internal","AnonymousPipeOffer",1,0,2,0,0,"Constructor/activation"
"src/SharpLink.Runtime/Transport/AnonymousPipeOffer.cs",23,"SharpLink.Runtime","Method","Public","CompleteHandleTransfer",1,0,2,0,0,""
"src/SharpLink.Runtime/Transport/AnonymousPipeOffer.cs",32,"SharpLink.Runtime","Method","Public","CreateLocalClientTransportFactory",1,0,6,0,1,""
"src/SharpLink.Runtime/Transport/AnonymousPipeOffer.cs",51,"SharpLink.Runtime","NamedType","Internal","global::SharpLink.Runtime.AnonymousPipeHandleTransfer",3,0,0,0,0,""
"src/SharpLink.Runtime/Transport/AnonymousPipeOffer.cs",55,"SharpLink.Runtime","Field","Private","_consumed",2,0,0,0,0,""
"src/SharpLink.Runtime/Transport/AnonymousPipeTransportV2.cs",6,"SharpLink.Runtime","NamedType","Public","global::SharpLink.Runtime.AnonymousPipeClientTransportFactory",7,0,4,0,0,""
"src/SharpLink.Runtime/Transport/AnonymousPipeTransportV2.cs",8,"SharpLink.Runtime","Field","Private","_inHandle",2,0,0,0,0,""
"src/SharpLink.Runtime/Transport/AnonymousPipeTransportV2.cs",9,"SharpLink.Runtime","Field","Private","_outHandle",2,0,0,0,0,""
"src/SharpLink.Runtime/Transport/AnonymousPipeTransportV2.cs",10,"SharpLink.Runtime","Field","Private","_localInHandle",2,0,0,0,0,""
"src/SharpLink.Runtime/Transport/AnonymousPipeTransportV2.cs",11,"SharpLink.Runtime","Field","Private","_localOutHandle",2,0,0,0,0,""
"src/SharpLink.Runtime/Transport/AnonymousPipeTransportV2.cs",12,"SharpLink.Runtime","Field","Private","_connectStarted",1,0,0,0,0,""
"src/SharpLink.Runtime/Transport/AnonymousPipeTransportV2.cs",20,"SharpLink.Runtime","Method","Public","AnonymousPipeClientTransportFactory",2,0,4,0,0,"Constructor/activation"
"src/SharpLink.Runtime/Transport/AnonymousPipeTransportV2.cs",77,"SharpLink.Runtime","NamedType","Public","global::SharpLink.Runtime.AnonymousPipeServerTransportListener",3,0,11,0,0,""
"src/SharpLink.Runtime/Transport/AnonymousPipeTransportV2.cs",79,"SharpLink.Runtime","Field","Private","DefaultOfferQueueCapacity",1,0,0,0,0,""
"src/SharpLink.Runtime/Transport/AnonymousPipeTransportV2.cs",80,"SharpLink.Runtime","Field","Private","_offers",6,0,0,0,0,""
"src/SharpLink.Runtime/Transport/AnonymousPipeTransportV2.cs",81,"SharpLink.Runtime","Field","Private","_offerQueueCapacity",2,0,0,0,0,""
"src/SharpLink.Runtime/Transport/AnonymousPipeTransportV2.cs",82,"SharpLink.Runtime","Field","Private","_disposeCts",24,0,0,0,0,""
"src/SharpLink.Runtime/Transport/AnonymousPipeTransportV2.cs",83,"SharpLink.Runtime","Field","Private","_disposeTask",16,0,0,0,0,""
"src/SharpLink.Runtime/Transport/AnonymousPipeTransportV2.cs",88,"SharpLink.Runtime","Method","Public","AnonymousPipeServerTransportListener",1,0,9,0,0,"Constructor/activation"
"src/SharpLink.Runtime/Transport/AnonymousPipeTransportV2.cs",181,"SharpLink.Runtime","Method","Private","DisposeCoreAsync",7,0,0,0,0,""
"src/SharpLink.Runtime/Transport/NamedPipeTransportOptions.cs",4,"SharpLink.Runtime","NamedType","Public","global::SharpLink.Runtime.NamedPipeTransportOptions",6,0,2,0,0,""
"src/SharpLink.Runtime/Transport/NamedPipeTransportOptions.cs",11,"SharpLink.Runtime","Property","Public","AllowCrossUserAccess",1,0,4,0,0,""
"src/SharpLink.Runtime/Transport/NamedPipeTransportOptions.cs",13,"SharpLink.Runtime","Method","Internal","ToPipeOptions",3,0,3,0,0,""
"src/SharpLink.Runtime/Transport/NamedPipeTransportV2.cs",6,"SharpLink.Runtime","NamedType","Public","global::SharpLink.Runtime.NamedPipeClientTransportFactory",2,0,10,0,0,""
"src/SharpLink.Runtime/Transport/NamedPipeTransportV2.cs",8,"SharpLink.Runtime","Field","Private","_pipeName",8,0,0,0,0,""
"src/SharpLink.Runtime/Transport/NamedPipeTransportV2.cs",9,"SharpLink.Runtime","Field","Private","_serverName",2,0,0,0,0,""
"src/SharpLink.Runtime/Transport/NamedPipeTransportV2.cs",10,"SharpLink.Runtime","Field","Private","_pipeOptions",6,0,0,0,0,""
"src/SharpLink.Runtime/Transport/NamedPipeTransportV2.cs",18,"SharpLink.Runtime","Method","Public","NamedPipeClientTransportFactory",2,0,6,0,0,"Constructor/activation"
"src/SharpLink.Runtime/Transport/NamedPipeTransportV2.cs",69,"SharpLink.Runtime","NamedType","Public","global::SharpLink.Runtime.NamedPipeServerTransportListener",2,0,11,0,0,""
"src/SharpLink.Runtime/Transport/NamedPipeTransportV2.cs",71,"SharpLink.Runtime","Field","Private","MaximumServerInstances",1,0,0,0,0,""
"src/SharpLink.Runtime/Transport/NamedPipeTransportV2.cs",73,"SharpLink.Runtime","Field","Private","_maxServerInstances",2,0,0,0,0,""
"src/SharpLink.Runtime/Transport/NamedPipeTransportV2.cs",74,"SharpLink.Runtime","Field","Private","_transmissionMode",2,0,0,0,0,""
"src/SharpLink.Runtime/Transport/NamedPipeTransportV2.cs",78,"SharpLink.Runtime","Field","Private","_pendingAccepts",10,0,0,0,0,""
"src/SharpLink.Runtime/Transport/NamedPipeTransportV2.cs",87,"SharpLink.Runtime","Method","Public","NamedPipeServerTransportListener",1,0,9,0,0,"Constructor/activation"
"src/SharpLink.Runtime/Transport/NamedPipeTransportV2.cs",212,"SharpLink.Runtime","Method","Private","TryRegisterPending",2,0,0,0,0,""
"src/SharpLink.Runtime/Transport/NamedPipeTransportV2.cs",224,"SharpLink.Runtime","Method","Private","RemovePending",4,0,0,0,0,""
"src/SharpLink.Runtime/Transport/NamedPipeTransportV2.cs",231,"SharpLink.Runtime","NamedType","Internal","global::SharpLink.Runtime.NamedPipeTransportValidation",3,0,4,0,0,""
"src/SharpLink.Runtime/Transport/NamedPipeTransportV2.cs",233,"SharpLink.Runtime","Field","Private","ClientOptions",2,0,0,0,0,""
"src/SharpLink.Runtime/Transport/NamedPipeTransportV2.cs",237,"SharpLink.Runtime","Field","Private","ServerOptions",1,0,0,0,0,""
"src/SharpLink.Runtime/Transport/NamedPipeTransportV2.cs",241,"SharpLink.Runtime","Method","Internal","ValidateClientOptions",1,0,1,0,0,""
"src/SharpLink.Runtime/Transport/NamedPipeTransportV2.cs",247,"SharpLink.Runtime","Method","Internal","ValidateServerOptions",1,0,2,0,0,""
"src/SharpLink.Runtime/Transport/NamedPipeTransportV2.cs",253,"SharpLink.Runtime","Method","Internal","ValidateTransmissionMode",1,0,1,0,0,""
"src/SharpLink.Runtime/Transport/NamedPipeTransportV2.cs",260,"SharpLink.Runtime","NamedType","Internal","global::SharpLink.Runtime.NamedPipeName",4,0,3,0,0,""
"src/SharpLink.Runtime/Transport/NamedPipeTransportV2.cs",262,"SharpLink.Runtime","Field","Private","UnixDomainSocketPathLengthLimit",1,0,0,0,0,""
"src/SharpLink.Runtime/Transport/NamedPipeTransportV2.cs",263,"SharpLink.Runtime","Field","Private","UnixNamedPipePrefix",1,0,0,0,0,""
"src/SharpLink.Runtime/Transport/NamedPipeTransportV2.cs",265,"SharpLink.Runtime","Method","Public","Normalize",4,0,3,0,0,""
"src/SharpLink.Runtime/Transport/NamedPipeTransportV2.cs",295,"SharpLink.Runtime","Method","Private","GetUtf8PrefixLength",1,0,0,0,0,""
"src/SharpLink.Runtime/Transport/SharedMemoryAsyncPulse.cs",3,"SharpLink.Runtime","NamedType","Internal","global::SharpLink.Runtime.SharedMemoryAsyncPulse",6,0,4,0,0,""
"src/SharpLink.Runtime/Transport/SharedMemoryAsyncPulse.cs",6,"SharpLink.Runtime","Field","Private","_source",8,0,0,0,0,""
"src/SharpLink.Runtime/Transport/SharedMemoryAsyncPulse.cs",14,"SharpLink.Runtime","Property","Internal","HasPendingWait",1,0,0,0,0,""
"src/SharpLink.Runtime/Transport/SharedMemoryAsyncPulse.cs",50,"SharpLink.Runtime","Method","Public","Pulse",7,0,5,0,0,""
"src/SharpLink.Runtime/Transport/SharedMemoryControlChannel.cs",3,"SharpLink.Runtime","NamedType","Internal","global::SharpLink.Runtime.SharedMemoryControlChannel",9,0,16,0,0,""
"src/SharpLink.Runtime/Transport/SharedMemoryControlChannel.cs",5,"SharpLink.Runtime","Field","Private","DataAvailableSignal",3,0,0,0,0,""
"src/SharpLink.Runtime/Transport/SharedMemoryControlChannel.cs",6,"SharpLink.Runtime","Field","Private","SpaceAvailableSignal",3,0,0,0,0,""
"src/SharpLink.Runtime/Transport/SharedMemoryControlChannel.cs",7,"SharpLink.Runtime","Field","Private","CloseSignal",2,0,0,0,0,""
"src/SharpLink.Runtime/Transport/SharedMemoryControlChannel.cs",8,"SharpLink.Runtime","Field","Private","DataWaiterArmedSignal",3,0,0,0,0,""
"src/SharpLink.Runtime/Transport/SharedMemoryControlChannel.cs",9,"SharpLink.Runtime","Field","Private","SpaceWaiterArmedSignal",3,0,0,0,0,""
"src/SharpLink.Runtime/Transport/SharedMemoryControlChannel.cs",10,"SharpLink.Runtime","Field","Private","KnownSignals",1,0,0,0,0,""
"src/SharpLink.Runtime/Transport/SharedMemoryControlChannel.cs",12,"SharpLink.Runtime","Field","Private","DataAvailableBit",1,0,0,0,0,""
"src/SharpLink.Runtime/Transport/SharedMemoryControlChannel.cs",13,"SharpLink.Runtime","Field","Private","SpaceAvailableBit",1,0,0,0,0,""
"src/SharpLink.Runtime/Transport/SharedMemoryControlChannel.cs",14,"SharpLink.Runtime","Field","Private","CloseBit",3,0,0,0,0,""
"src/SharpLink.Runtime/Transport/SharedMemoryControlChannel.cs",15,"SharpLink.Runtime","Field","Private","DataWaiterArmedBit",1,0,0,0,0,""
"src/SharpLink.Runtime/Transport/SharedMemoryControlChannel.cs",16,"SharpLink.Runtime","Field","Private","SpaceWaiterArmedBit",1,0,0,0,0,""
"src/SharpLink.Runtime/Transport/SharedMemoryControlChannel.cs",19,"SharpLink.Runtime","Field","Private","_outboundStateGate",4,0,0,0,0,""
"src/SharpLink.Runtime/Transport/SharedMemoryControlChannel.cs",20,"SharpLink.Runtime","Field","Private","_outboundWake",6,0,0,0,0,""
"src/SharpLink.Runtime/Transport/SharedMemoryControlChannel.cs",21,"SharpLink.Runtime","Field","Private","_dataAvailable",6,0,0,0,0,""
"src/SharpLink.Runtime/Transport/SharedMemoryControlChannel.cs",22,"SharpLink.Runtime","Field","Private","_spaceAvailable",5,0,0,0,0,""
"src/SharpLink.Runtime/Transport/SharedMemoryControlChannel.cs",23,"SharpLink.Runtime","Field","Private","_closeWriteStarted",2,0,0,0,0,""
"src/SharpLink.Runtime/Transport/SharedMemoryControlChannel.cs",25,"SharpLink.Runtime","Field","Private","_readerTask",2,0,0,0,0,""
"src/SharpLink.Runtime/Transport/SharedMemoryControlChannel.cs",26,"SharpLink.Runtime","Field","Private","_writerTask",4,0,0,0,0,""
"src/SharpLink.Runtime/Transport/SharedMemoryControlChannel.cs",27,"SharpLink.Runtime","Field","Private","_peerDataWaiterArmedHandler",2,0,0,0,0,""
"src/SharpLink.Runtime/Transport/SharedMemoryControlChannel.cs",28,"SharpLink.Runtime","Field","Private","_peerSpaceWaiterArmedHandler",2,0,0,0,0,""
"src/SharpLink.Runtime/Transport/SharedMemoryControlChannel.cs",30,"SharpLink.Runtime","Field","Private","_pendingOutboundSignals",5,0,0,0,0,""
"src/SharpLink.Runtime/Transport/SharedMemoryControlChannel.cs",31,"SharpLink.Runtime","Field","Private","_pendingPeerDataWaiterArmed",2,0,0,0,0,""
"src/SharpLink.Runtime/Transport/SharedMemoryControlChannel.cs",32,"SharpLink.Runtime","Field","Private","_pendingPeerSpaceWaiterArmed",2,0,0,0,0,""
"src/SharpLink.Runtime/Transport/SharedMemoryControlChannel.cs",33,"SharpLink.Runtime","Field","Private","_waiterHandlersRegistered",1,0,0,0,0,""
"src/SharpLink.Runtime/Transport/SharedMemoryControlChannel.cs",34,"SharpLink.Runtime","Field","Private","_writerActive",3,0,0,0,0,""
"src/SharpLink.Runtime/Transport/SharedMemoryControlChannel.cs",35,"SharpLink.Runtime","Field","Private","_closed",2,0,0,0,0,""
"src/SharpLink.Runtime/Transport/SharedMemoryControlChannel.cs",38,"SharpLink.Runtime","Method","Public","SharedMemoryControlChannel",2,0,12,0,0,"Constructor/activation"
"src/SharpLink.Runtime/Transport/SharedMemoryControlChannel.cs",45,"SharpLink.Runtime","Property","Public","IsClosed",15,0,1,0,0,""
"src/SharpLink.Runtime/Transport/SharedMemoryControlChannel.cs",47,"SharpLink.Runtime","Method","Public","ThrowIfFaulted",6,0,0,0,0,""
"src/SharpLink.Runtime/Transport/SharedMemoryControlChannel.cs",56,"SharpLink.Runtime","Method","Public","SignalDataAvailable",4,0,3,0,0,""
"src/SharpLink.Runtime/Transport/SharedMemoryControlChannel.cs",61,"SharpLink.Runtime","Method","Public","SignalSpaceAvailable",5,0,1,0,0,""
"src/SharpLink.Runtime/Transport/SharedMemoryControlChannel.cs",66,"SharpLink.Runtime","Method","Public","SignalDataWaiterArmed",1,0,0,0,0,""
"src/SharpLink.Runtime/Transport/SharedMemoryControlChannel.cs",71,"SharpLink.Runtime","Method","Public","SignalSpaceWaiterArmed",1,0,0,0,0,""
"src/SharpLink.Runtime/Transport/SharedMemoryControlChannel.cs",76,"SharpLink.Runtime","Method","Public","PulseDataWaiter",2,0,1,0,0,""
"src/SharpLink.Runtime/Transport/SharedMemoryControlChannel.cs",77,"SharpLink.Runtime","Method","Public","PulseSpaceWaiter",2,0,1,0,0,""
"src/SharpLink.Runtime/Transport/SharedMemoryControlChannel.cs",79,"SharpLink.Runtime","Method","Public","RegisterPeerWaiterHandlers",1,0,1,0,0,""
"src/SharpLink.Runtime/Transport/SharedMemoryControlChannel.cs",101,"SharpLink.Runtime","Property","Internal","HasPendingDataWait",1,0,0,1,0,""
"src/SharpLink.Runtime/Transport/SharedMemoryControlChannel.cs",103,"SharpLink.Runtime","Method","Public","WaitForSpaceAsync",1,0,0,0,0,""
"src/SharpLink.Runtime/Transport/SharedMemoryControlChannel.cs",108,"SharpLink.Runtime","Method","Private","WaitWithoutCancellationAsync",2,0,0,0,0,""
"src/SharpLink.Runtime/Transport/SharedMemoryControlChannel.cs",117,"SharpLink.Runtime","Method","Private","WaitWithCancellationAsync",2,0,0,0,0,""
"src/SharpLink.Runtime/Transport/SharedMemoryControlChannel.cs",133,"SharpLink.Runtime","Method","Private","RunReaderAsync",1,0,0,0,0,""
"src/SharpLink.Runtime/Transport/SharedMemoryControlChannel.cs",179,"SharpLink.Runtime","Method","Private","RunWriterAsync",1,0,0,0,0,""
"src/SharpLink.Runtime/Transport/SharedMemoryControlChannel.cs",314,"SharpLink.Runtime","Method","Private","MarkClosed",3,0,0,0,0,""
"src/SharpLink.Runtime/Transport/SharedMemoryControlChannel.cs",323,"SharpLink.Runtime","Method","Private","QueueSignal",4,0,0,0,0,""
"src/SharpLink.Runtime/Transport/SharedMemoryControlChannel.cs",339,"SharpLink.Runtime","Method","Private","QueueSignalLocked",2,0,0,0,0,""
"src/SharpLink.Runtime/Transport/SharedMemoryControlChannel.cs",348,"SharpLink.Runtime","Method","Private","DispatchPeerWaiterArmed",2,0,0,0,0,""
"src/SharpLink.Runtime/Transport/SharedMemoryControlChannel.cs",365,"SharpLink.Runtime","Method","Private","IsExpectedControlClose",6,0,0,0,0,""
"src/SharpLink.Runtime/Transport/SharedMemoryControlChannel.cs",369,"SharpLink.Runtime","Method","Private","ThrowClosed",4,0,0,0,0,""
"src/SharpLink.Runtime/Transport/SharedMemoryControlChannel.cs",375,"SharpLink.Runtime","Method","Private","CreateConnectionClosedException",2,0,0,0,0,""
"src/SharpLink.Runtime/Transport/SharedMemoryMapping.cs",7,"SharpLink.Runtime","NamedType","Internal","global::SharpLink.Runtime.SharedMemoryMapping",20,0,33,0,0,""
"src/SharpLink.Runtime/Transport/SharedMemoryMapping.cs",9,"SharpLink.Runtime","Field","Private","s_creationGate",1,0,0,0,0,""
"src/SharpLink.Runtime/Transport/SharedMemoryMapping.cs",10,"SharpLink.Runtime","Field","Private","StaleMappingMinimumAge",1,0,0,0,0,""
"src/SharpLink.Runtime/Transport/SharedMemoryMapping.cs",11,"SharpLink.Runtime","Field","Private","s_activeMappingCount",3,0,0,0,0,""
"src/SharpLink.Runtime/Transport/SharedMemoryMapping.cs",12,"SharpLink.Runtime","Field","Private","_file",2,0,0,0,0,""
"src/SharpLink.Runtime/Transport/SharedMemoryMapping.cs",13,"SharpLink.Runtime","Field","Private","_mappedFile",2,0,0,0,0,""
"src/SharpLink.Runtime/Transport/SharedMemoryMapping.cs",14,"SharpLink.Runtime","Field","Private","_view",4,0,0,0,0,""
"src/SharpLink.Runtime/Transport/SharedMemoryMapping.cs",15,"SharpLink.Runtime","Field","Private","_pathToDelete",5,0,0,0,0,""
"src/SharpLink.Runtime/Transport/SharedMemoryMapping.cs",16,"SharpLink.Runtime","Field","Private","_memoryManager",3,0,0,0,0,""
"src/SharpLink.Runtime/Transport/SharedMemoryMapping.cs",17,"SharpLink.Runtime","Field","Private","_pointer",10,0,0,0,0,""
"src/SharpLink.Runtime/Transport/SharedMemoryMapping.cs",20,"SharpLink.Runtime","Method","Private","SharedMemoryMapping",1,0,0,0,0,"Constructor/activation"
"src/SharpLink.Runtime/Transport/SharedMemoryMapping.cs",40,"SharpLink.Runtime","Property","Internal","Pointer",6,0,0,0,0,""
"src/SharpLink.Runtime/Transport/SharedMemoryMapping.cs",43,"SharpLink.Runtime","Method","Public","CreateServer",1,0,11,0,0,""
"src/SharpLink.Runtime/Transport/SharedMemoryMapping.cs",49,"SharpLink.Runtime","Method","Private","CreateServerCore",1,0,0,0,0,""
"src/SharpLink.Runtime/Transport/SharedMemoryMapping.cs",97,"SharpLink.Runtime","Method","Public","OpenClient",1,0,4,0,0,""
"src/SharpLink.Runtime/Transport/SharedMemoryMapping.cs",137,"SharpLink.Runtime","Method","Internal","ValidateMappingPath",2,0,1,0,0,""
"src/SharpLink.Runtime/Transport/SharedMemoryMapping.cs",158,"SharpLink.Runtime","Method","Internal","GetMappingDirectory",2,0,3,0,0,""
"src/SharpLink.Runtime/Transport/SharedMemoryMapping.cs",165,"SharpLink.Runtime","Method","Private","EnsureMappingDirectory",1,0,0,0,0,""
"src/SharpLink.Runtime/Transport/SharedMemoryMapping.cs",184,"SharpLink.Runtime","Method","Private","CleanupUnownedMappings",1,0,0,0,0,""
"src/SharpLink.Runtime/Transport/SharedMemoryMapping.cs",209,"SharpLink.Runtime","Method","Public","UnlinkAfterClientOpened",1,0,2,0,0,""
"src/SharpLink.Runtime/Transport/SharedMemoryMapping.cs",273,"SharpLink.Runtime","Method","Private","TryDelete",3,0,0,0,0,""
"src/SharpLink.Runtime/Transport/SharedMemoryMapping.cs",284,"SharpLink.Runtime","NamedType","Private","global::SharpLink.Runtime.SharedMemoryMapping.UnmanagedMemoryManager",2,0,0,0,0,""
"src/SharpLink.Runtime/Transport/SharedMemoryMapping.cs",306,"SharpLink.Runtime","Method","Internal","Invalidate",1,0,0,0,0,""
"src/SharpLink.Runtime/Transport/SharedMemoryMapping.cs",312,"SharpLink.Runtime","NamedType","Internal","global::SharpLink.Runtime.SharedMemoryLayout",13,0,20,0,0,""
"src/SharpLink.Runtime/Transport/SharedMemoryMapping.cs",315,"SharpLink.Runtime","Field","Private","Magic",6,0,0,0,0,""
"src/SharpLink.Runtime/Transport/SharedMemoryMapping.cs",316,"SharpLink.Runtime","Field","Private","Version",6,0,0,0,0,""
"src/SharpLink.Runtime/Transport/SharedMemoryMapping.cs",317,"SharpLink.Runtime","Field","Private","MagicOffset",2,0,0,0,0,""
"src/SharpLink.Runtime/Transport/SharedMemoryMapping.cs",318,"SharpLink.Runtime","Field","Private","VersionOffset",2,0,0,0,0,""
"src/SharpLink.Runtime/Transport/SharedMemoryMapping.cs",319,"SharpLink.Runtime","Field","Private","CapacityOffset",3,0,0,0,0,""
"src/SharpLink.Runtime/Transport/SharedMemoryMapping.cs",320,"SharpLink.Runtime","Field","Private","NonceOffset",2,0,0,0,0,""
"src/SharpLink.Runtime/Transport/SharedMemoryMapping.cs",321,"SharpLink.Runtime","Field","Public","NonceBytes",11,0,14,0,0,""
"src/SharpLink.Runtime/Transport/SharedMemoryMapping.cs",322,"SharpLink.Runtime","Field","Private","ClientToServerDescriptorOffset",1,0,0,0,0,""
"src/SharpLink.Runtime/Transport/SharedMemoryMapping.cs",323,"SharpLink.Runtime","Field","Private","ServerToClientDescriptorOffset",1,0,0,0,0,""
"src/SharpLink.Runtime/Transport/SharedMemoryMapping.cs",325,"SharpLink.Runtime","Method","Public","GetMappingLength",2,0,0,0,0,""
"src/SharpLink.Runtime/Transport/SharedMemoryMapping.cs",352,"SharpLink.Runtime","Method","Public","GetDirection",2,0,3,0,0,""
"src/SharpLink.Runtime/Transport/SharedMemoryMapping.cs",365,"SharpLink.Runtime","NamedType","Internal","global::SharpLink.Runtime.SharedMemoryRingDirection",8,0,5,0,0,""
"src/SharpLink.Runtime/Transport/SharedMemoryMapping.cs",367,"SharpLink.Runtime","Field","Private","WritePositionOffset",1,0,0,0,0,""
"src/SharpLink.Runtime/Transport/SharedMemoryMapping.cs",368,"SharpLink.Runtime","Field","Private","ReadPositionOffset",1,0,0,0,0,""
"src/SharpLink.Runtime/Transport/SharedMemoryMapping.cs",369,"SharpLink.Runtime","Field","Private","ReaderWaitingOffset",1,0,0,0,0,""
"src/SharpLink.Runtime/Transport/SharedMemoryMapping.cs",370,"SharpLink.Runtime","Field","Private","WriterWaitingOffset",1,0,0,0,0,""
"src/SharpLink.Runtime/Transport/SharedMemoryMapping.cs",371,"SharpLink.Runtime","Field","Private","WriterClosedOffset",1,0,0,0,0,""
"src/SharpLink.Runtime/Transport/SharedMemoryMapping.cs",372,"SharpLink.Runtime","Field","Private","ReaderClosedOffset",1,0,0,0,0,""
"src/SharpLink.Runtime/Transport/SharedMemoryMapping.cs",374,"SharpLink.Runtime","Field","Private","_mapping",9,0,0,0,0,""
"src/SharpLink.Runtime/Transport/SharedMemoryMapping.cs",375,"SharpLink.Runtime","Field","Private","_descriptorOffset",7,0,0,0,0,""
"src/SharpLink.Runtime/Transport/SharedMemoryMapping.cs",377,"SharpLink.Runtime","Method","Public","SharedMemoryRingDirection",1,0,0,0,0,"Constructor/activation"
"src/SharpLink.Runtime/Transport/SharedMemoryMapping.cs",391,"SharpLink.Runtime","Property","Public","Mask",5,0,0,0,0,""
"src/SharpLink.Runtime/Transport/SharedMemoryMapping.cs",394,"SharpLink.Runtime","Method","Public","ReadWritePosition",4,0,0,0,0,""
"src/SharpLink.Runtime/Transport/SharedMemoryMapping.cs",395,"SharpLink.Runtime","Method","Public","ReadReadPosition",4,0,0,0,0,""
"src/SharpLink.Runtime/Transport/SharedMemoryMapping.cs",396,"SharpLink.Runtime","Method","Public","PublishWritePosition",2,0,2,0,0,""
"src/SharpLink.Runtime/Transport/SharedMemoryMapping.cs",397,"SharpLink.Runtime","Method","Public","PublishReadPosition",3,0,3,0,0,""
"src/SharpLink.Runtime/Transport/SharedMemoryMapping.cs",398,"SharpLink.Runtime","Property","Public","IsWriterClosed",3,0,0,0,0,""
"src/SharpLink.Runtime/Transport/SharedMemoryMapping.cs",399,"SharpLink.Runtime","Property","Public","IsReaderClosed",3,0,0,0,0,""
"src/SharpLink.Runtime/Transport/SharedMemoryMapping.cs",400,"SharpLink.Runtime","Property","Public","IsReaderWaiting",1,0,0,0,0,""
"src/SharpLink.Runtime/Transport/SharedMemoryMapping.cs",401,"SharpLink.Runtime","Property","Public","IsWriterWaiting",1,0,0,0,0,""
"src/SharpLink.Runtime/Transport/SharedMemoryMapping.cs",402,"SharpLink.Runtime","Method","Public","CloseWriter",1,0,0,0,0,""
"src/SharpLink.Runtime/Transport/SharedMemoryMapping.cs",403,"SharpLink.Runtime","Method","Public","CloseReader",1,0,0,0,0,""
"src/SharpLink.Runtime/Transport/SharedMemoryMapping.cs",404,"SharpLink.Runtime","Method","Public","SetReaderWaiting",1,0,0,0,0,""
"src/SharpLink.Runtime/Transport/SharedMemoryMapping.cs",405,"SharpLink.Runtime","Method","Public","SetWriterWaiting",1,0,0,0,0,""
"src/SharpLink.Runtime/Transport/SharedMemoryMapping.cs",406,"SharpLink.Runtime","Method","Public","ClearReaderWaiting",3,0,0,0,0,""
"src/SharpLink.Runtime/Transport/SharedMemoryMapping.cs",407,"SharpLink.Runtime","Method","Public","ClearWriterWaiting",2,0,0,0,0,""
"src/SharpLink.Runtime/Transport/SharedMemoryMapping.cs",408,"SharpLink.Runtime","Method","Public","TakeReaderWaiting",3,0,0,0,0,""
"src/SharpLink.Runtime/Transport/SharedMemoryMapping.cs",409,"SharpLink.Runtime","Method","Public","TakeWriterWaiting",4,0,0,0,0,""
"src/SharpLink.Runtime/Transport/SharedMemoryMapping.cs",411,"SharpLink.Runtime","Method","Public","GetAvailableBytes",7,0,1,0,0,""
"src/SharpLink.Runtime/Transport/SharedMemoryMapping.cs",419,"SharpLink.Runtime","Property","Private","WritePosition",2,0,0,0,0,""
"src/SharpLink.Runtime/Transport/SharedMemoryMapping.cs",421,"SharpLink.Runtime","Property","Private","ReadPosition",2,0,0,0,0,""
"src/SharpLink.Runtime/Transport/SharedMemoryMapping.cs",423,"SharpLink.Runtime","Property","Private","ReaderWaiting",4,0,0,0,0,""
"src/SharpLink.Runtime/Transport/SharedMemoryMapping.cs",425,"SharpLink.Runtime","Property","Private","WriterWaiting",4,0,0,0,0,""
"src/SharpLink.Runtime/Transport/SharedMemoryMapping.cs",427,"SharpLink.Runtime","Property","Private","WriterClosed",2,0,0,0,0,""
"src/SharpLink.Runtime/Transport/SharedMemoryMapping.cs",429,"SharpLink.Runtime","Property","Private","ReaderClosed",2,0,0,0,0,""
"src/SharpLink.Runtime/Transport/SharedMemoryPipelines.cs",3,"SharpLink.Runtime","NamedType","Internal","global::SharpLink.Runtime.SharedMemoryPipeReader",1,0,6,2,0,""
"src/SharpLink.Runtime/Transport/SharedMemoryPipelines.cs",5,"SharpLink.Runtime","Field","Private","_direction",64,0,0,0,0,""
"src/SharpLink.Runtime/Transport/SharedMemoryPipelines.cs",6,"SharpLink.Runtime","Field","Private","_control",35,0,0,0,0,""
"src/SharpLink.Runtime/Transport/SharedMemoryPipelines.cs",7,"SharpLink.Runtime","Field","Private","_spinCount",4,0,0,0,0,""
"src/SharpLink.Runtime/Transport/SharedMemoryPipelines.cs",9,"SharpLink.Runtime","Field","Private","_secondSegment",4,0,0,0,0,""
"src/SharpLink.Runtime/Transport/SharedMemoryPipelines.cs",10,"SharpLink.Runtime","Field","Private","_currentBuffer",12,0,0,0,0,""
"src/SharpLink.Runtime/Transport/SharedMemoryPipelines.cs",11,"SharpLink.Runtime","Field","Private","_staging",15,0,0,0,0,""
"src/SharpLink.Runtime/Transport/SharedMemoryPipelines.cs",12,"SharpLink.Runtime","Field","Private","_readPosition",10,0,0,0,0,""
"src/SharpLink.Runtime/Transport/SharedMemoryPipelines.cs",13,"SharpLink.Runtime","Field","Private","_cachedWritePosition",5,0,0,0,0,""
"src/SharpLink.Runtime/Transport/SharedMemoryPipelines.cs",14,"SharpLink.Runtime","Field","Private","_currentRingLength",5,0,0,0,0,""
"src/SharpLink.Runtime/Transport/SharedMemoryPipelines.cs",15,"SharpLink.Runtime","Field","Private","_currentIsStaging",4,0,0,0,0,""
"src/SharpLink.Runtime/Transport/SharedMemoryPipelines.cs",16,"SharpLink.Runtime","Field","Private","_stagingExaminedAll",9,0,0,0,0,""
"src/SharpLink.Runtime/Transport/SharedMemoryPipelines.cs",17,"SharpLink.Runtime","Field","Private","_hasOutstandingRead",8,0,0,0,0,""
"src/SharpLink.Runtime/Transport/SharedMemoryPipelines.cs",18,"SharpLink.Runtime","Field","Private","_readActivityReleased",3,0,0,0,0,""
"src/SharpLink.Runtime/Transport/SharedMemoryPipelines.cs",19,"SharpLink.Runtime","Field","Private","_peerWriterArmed",4,0,0,0,0,""
"src/SharpLink.Runtime/Transport/SharedMemoryPipelines.cs",20,"SharpLink.Runtime","Field","Private","_cancelPending",7,0,0,0,0,""
"src/SharpLink.Runtime/Transport/SharedMemoryPipelines.cs",21,"SharpLink.Runtime","Field","Private","_readOperationPending",4,0,0,0,0,""
"src/SharpLink.Runtime/Transport/SharedMemoryPipelines.cs",27,"SharpLink.Runtime","Method","Public","SharedMemoryPipeReader",1,0,4,0,0,"Constructor/activation"
"src/SharpLink.Runtime/Transport/SharedMemoryPipelines.cs",39,"SharpLink.Runtime","Method","Public","AdvanceTo",2,0,46,2,0,"Virtual dispatch"
"src/SharpLink.Runtime/Transport/SharedMemoryPipelines.cs",128,"SharpLink.Runtime","Method","Public","CompleteAsync",1,0,16,1,0,"Virtual dispatch"
"src/SharpLink.Runtime/Transport/SharedMemoryPipelines.cs",225,"SharpLink.Runtime","Method","Private","TryCreateReadResult",1,0,0,0,0,""
"src/SharpLink.Runtime/Transport/SharedMemoryPipelines.cs",278,"SharpLink.Runtime","Method","Private","TryCreateAvailableReadResult",5,0,0,0,0,""
"src/SharpLink.Runtime/Transport/SharedMemoryPipelines.cs",289,"SharpLink.Runtime","Method","Private","TryCreateStagedReadResult",1,0,0,0,0,""
"src/SharpLink.Runtime/Transport/SharedMemoryPipelines.cs",317,"SharpLink.Runtime","Method","Private","AppendAvailableRingToStaging",1,0,0,0,0,""
"src/SharpLink.Runtime/Transport/SharedMemoryPipelines.cs",351,"SharpLink.Runtime","Method","Internal","OnPeerWriterArmed",1,0,1,0,0,""
"src/SharpLink.Runtime/Transport/SharedMemoryPipelines.cs",376,"SharpLink.Runtime","Method","Private","TakePeerWriterArmed",4,0,0,0,0,""
"src/SharpLink.Runtime/Transport/SharedMemoryPipelines.cs",379,"SharpLink.Runtime","Method","Private","SpinBriefly",2,0,0,0,0,""
"src/SharpLink.Runtime/Transport/SharedMemoryPipelines.cs",385,"SharpLink.Runtime","Method","Private","WaitForReadActivityReleaseAsync",1,0,0,0,0,""
"src/SharpLink.Runtime/Transport/SharedMemoryPipelines.cs",397,"SharpLink.Runtime","Method","Private","CompleteAfterReadActivityAsync",1,0,0,0,0,""
"src/SharpLink.Runtime/Transport/SharedMemoryPipelines.cs",403,"SharpLink.Runtime","Method","Private","HasReadActivity",3,0,0,0,0,""
"src/SharpLink.Runtime/Transport/SharedMemoryPipelines.cs",407,"SharpLink.Runtime","Method","Private","FinishReadOperation",2,0,0,0,0,""
"src/SharpLink.Runtime/Transport/SharedMemoryPipelines.cs",416,"SharpLink.Runtime","Method","Private","FinishReadOperationAfterCompletion",1,0,0,0,0,""
"src/SharpLink.Runtime/Transport/SharedMemoryPipelines.cs",426,"SharpLink.Runtime","Method","Private","DisposeStaging",5,0,0,0,0,""
"src/SharpLink.Runtime/Transport/SharedMemoryPipelines.cs",432,"SharpLink.Runtime","Method","Private","RefreshWritePosition",3,0,0,0,0,""
"src/SharpLink.Runtime/Transport/SharedMemoryPipelines.cs",439,"SharpLink.Runtime","NamedType","Private","global::SharpLink.Runtime.SharedMemoryPipeReader.RingSequenceSegment",3,0,0,0,0,""
"src/SharpLink.Runtime/Transport/SharedMemoryPipelines.cs",448,"SharpLink.Runtime","Method","Public","SetNext",4,0,0,0,0,""
"src/SharpLink.Runtime/Transport/SharedMemoryPipelines.cs",451,"SharpLink.Runtime","NamedType","Private","global::SharpLink.Runtime.SharedMemoryPipeReader.PooledReadBuffer",2,0,0,0,0,""
"src/SharpLink.Runtime/Transport/SharedMemoryPipelines.cs",453,"SharpLink.Runtime","Field","Private","MaxRetainedSegments",2,0,0,0,0,""
"src/SharpLink.Runtime/Transport/SharedMemoryPipelines.cs",454,"SharpLink.Runtime","Field","Private","SegmentPool",4,0,0,0,0,""
"src/SharpLink.Runtime/Transport/SharedMemoryPipelines.cs",455,"SharpLink.Runtime","Field","Private","s_retainedSegments",6,0,0,0,0,""
"src/SharpLink.Runtime/Transport/SharedMemoryPipelines.cs",457,"SharpLink.Runtime","Field","Private","_minimumSegmentSize",2,0,0,0,0,""
"src/SharpLink.Runtime/Transport/SharedMemoryPipelines.cs",458,"SharpLink.Runtime","Field","Private","_first",19,0,0,0,0,""
"src/SharpLink.Runtime/Transport/SharedMemoryPipelines.cs",459,"SharpLink.Runtime","Field","Private","_last",20,0,0,0,0,""
"src/SharpLink.Runtime/Transport/SharedMemoryPipelines.cs",460,"SharpLink.Runtime","Field","Private","_firstOffset",10,0,0,0,0,""
"src/SharpLink.Runtime/Transport/SharedMemoryPipelines.cs",461,"SharpLink.Runtime","Field","Private","_writtenCount",8,0,0,0,0,""
"src/SharpLink.Runtime/Transport/SharedMemoryPipelines.cs",464,"SharpLink.Runtime","Method","Public","PooledReadBuffer",1,0,0,0,0,"Constructor/activation"
"src/SharpLink.Runtime/Transport/SharedMemoryPipelines.cs",471,"SharpLink.Runtime","Property","Public","WrittenSequence",1,0,0,0,0,""
"src/SharpLink.Runtime/Transport/SharedMemoryPipelines.cs",480,"SharpLink.Runtime","Method","Public","Append",5,0,0,0,0,""
"src/SharpLink.Runtime/Transport/SharedMemoryPipelines.cs",501,"SharpLink.Runtime","Method","Public","Consume",2,0,0,0,0,""
"src/SharpLink.Runtime/Transport/SharedMemoryPipelines.cs",543,"SharpLink.Runtime","Method","Private","AppendSegment",2,0,0,0,0,""
"src/SharpLink.Runtime/Transport/SharedMemoryPipelines.cs",556,"SharpLink.Runtime","Method","Private","RentSegment",2,0,0,0,0,""
"src/SharpLink.Runtime/Transport/SharedMemoryPipelines.cs",566,"SharpLink.Runtime","Method","Private","ReturnSegment",4,0,0,0,0,""
"src/SharpLink.Runtime/Transport/SharedMemoryPipelines.cs",577,"SharpLink.Runtime","NamedType","Private","global::SharpLink.Runtime.SharedMemoryPipeReader.PooledReadBuffer.StagingSegment",12,0,0,0,0,""
"src/SharpLink.Runtime/Transport/SharedMemoryPipelines.cs",582,"SharpLink.Runtime","Property","Public","AvailableCapacity",4,0,0,0,0,""
"src/SharpLink.Runtime/Transport/SharedMemoryPipelines.cs",583,"SharpLink.Runtime","Property","Public","NextSegment",2,0,0,0,0,""
"src/SharpLink.Runtime/Transport/SharedMemoryPipelines.cs",619,"SharpLink.Runtime","NamedType","Internal","global::SharpLink.Runtime.SharedMemoryPipeWriter",1,0,3,0,0,""
"src/SharpLink.Runtime/Transport/SharedMemoryPipelines.cs",624,"SharpLink.Runtime","Field","Private","_flushGate",5,0,0,0,0,""
"src/SharpLink.Runtime/Transport/SharedMemoryPipelines.cs",625,"SharpLink.Runtime","Field","Private","_publishedWritePosition",13,0,0,0,0,""
"src/SharpLink.Runtime/Transport/SharedMemoryPipelines.cs",626,"SharpLink.Runtime","Field","Private","_reservedWritePosition",8,0,0,0,0,""
"src/SharpLink.Runtime/Transport/SharedMemoryPipelines.cs",627,"SharpLink.Runtime","Field","Private","_cachedReadPosition",5,0,0,0,0,""
"src/SharpLink.Runtime/Transport/SharedMemoryPipelines.cs",628,"SharpLink.Runtime","Field","Private","_spill",17,0,0,0,0,""
"src/SharpLink.Runtime/Transport/SharedMemoryPipelines.cs",629,"SharpLink.Runtime","Field","Private","_lastSpillReason",3,0,0,0,0,""
"src/SharpLink.Runtime/Transport/SharedMemoryPipelines.cs",630,"SharpLink.Runtime","Field","Private","_lastMemoryLength",5,0,0,0,0,""
"src/SharpLink.Runtime/Transport/SharedMemoryPipelines.cs",631,"SharpLink.Runtime","Field","Private","_lastBufferKind",9,0,0,0,0,""
"src/SharpLink.Runtime/Transport/SharedMemoryPipelines.cs",632,"SharpLink.Runtime","Field","Private","_peerReaderArmed",4,0,0,0,0,""
"src/SharpLink.Runtime/Transport/SharedMemoryPipelines.cs",636,"SharpLink.Runtime","Method","Public","SharedMemoryPipeWriter",1,0,3,0,0,"Constructor/activation"
"src/SharpLink.Runtime/Transport/SharedMemoryPipelines.cs",773,"SharpLink.Runtime","Method","Private","CompleteSpill",1,0,0,0,0,""
"src/SharpLink.Runtime/Transport/SharedMemoryPipelines.cs",806,"SharpLink.Runtime","Method","Private","TryGetDirectMemory",1,0,0,0,0,""
"src/SharpLink.Runtime/Transport/SharedMemoryPipelines.cs",833,"SharpLink.Runtime","Method","Private","PublishDirectWrites",2,0,0,0,0,""
"src/SharpLink.Runtime/Transport/SharedMemoryPipelines.cs",843,"SharpLink.Runtime","Method","Private","CleanupSpill",2,0,0,0,0,""
"src/SharpLink.Runtime/Transport/SharedMemoryPipelines.cs",851,"SharpLink.Runtime","Method","Private","DrainSpillAsync",1,0,0,0,0,""
"src/SharpLink.Runtime/Transport/SharedMemoryPipelines.cs",920,"SharpLink.Runtime","Method","Internal","OnPeerReaderArmed",1,0,1,0,0,""
"src/SharpLink.Runtime/Transport/SharedMemoryPipelines.cs",944,"SharpLink.Runtime","Method","Private","TakePeerReaderArmed",3,0,0,0,0,""
"src/SharpLink.Runtime/Transport/SharedMemoryPipelines.cs",953,"SharpLink.Runtime","Method","Private","RefreshReadPosition",4,0,0,0,0,""
"src/SharpLink.Runtime/Transport/SharedMemoryPipelines.cs",960,"SharpLink.Runtime","Method","Private","GetCachedFreeBytes",2,0,0,0,0,""
"src/SharpLink.Runtime/Transport/SharedMemoryPipelines.cs",974,"SharpLink.Runtime","Method","Private","GetSpillReasonName",1,0,0,0,0,""
"src/SharpLink.Runtime/Transport/SharedMemoryPipelines.cs",983,"SharpLink.Runtime","NamedType","Private","global::SharpLink.Runtime.SharedMemoryPipeWriter.BufferKind",10,0,0,0,0,""
"src/SharpLink.Runtime/Transport/SharedMemoryPipelines.cs",985,"SharpLink.Runtime","Field","Public","None",6,0,0,0,0,"Enum/protocol identity"
"src/SharpLink.Runtime/Transport/SharedMemoryPipelines.cs",986,"SharpLink.Runtime","Field","Public","Direct",2,0,0,0,0,"Enum/protocol identity"
"src/SharpLink.Runtime/Transport/SharedMemoryPipelines.cs",987,"SharpLink.Runtime","Field","Public","Spill",1,0,0,0,0,"Enum/protocol identity"
"src/SharpLink.Runtime/Transport/SharedMemoryPipelines.cs",990,"SharpLink.Runtime","NamedType","Private","global::SharpLink.Runtime.SharedMemoryPipeWriter.SpillReason",10,0,0,0,0,""
"src/SharpLink.Runtime/Transport/SharedMemoryPipelines.cs",993,"SharpLink.Runtime","Field","Public","Wrap",2,0,0,0,0,"Enum/protocol identity"
"src/SharpLink.Runtime/Transport/SharedMemoryPipelines.cs",994,"SharpLink.Runtime","Field","Public","Backpressure",2,0,0,0,0,"Enum/protocol identity"
"src/SharpLink.Runtime/Transport/SharedMemoryPipelines.cs",995,"SharpLink.Runtime","Field","Public","Pending",3,0,0,0,0,"Enum/protocol identity"
"src/SharpLink.Runtime/Transport/SharedMemoryPipelines.cs",998,"SharpLink.Runtime","NamedType","Private","global::SharpLink.Runtime.SharedMemoryPipeWriter.PooledSpillBuffer",2,0,0,0,0,""
"src/SharpLink.Runtime/Transport/SharedMemoryPipelines.cs",1011,"SharpLink.Runtime","Property","Public","FirstMemory",2,0,0,0,0,""
"src/SharpLink.Runtime/Transport/SharedMemoryPipelines.cs",1115,"SharpLink.Runtime","NamedType","Private","global::SharpLink.Runtime.SharedMemoryPipeWriter.PooledSpillBuffer.SpillSegment",11,0,0,0,0,""
"src/SharpLink.Runtime/Transport/SharedMemoryPipelines.cs",1121,"SharpLink.Runtime","Property","Public","AvailableMemory",1,0,0,0,0,""
"src/SharpLink.Runtime/Transport/SharedMemoryTransport.cs",7,"SharpLink.Runtime","NamedType","Public","global::SharpLink.Runtime.SharedMemoryClientTransportFactory",2,0,28,0,0,""
"src/SharpLink.Runtime/Transport/SharedMemoryTransport.cs",12,"SharpLink.Runtime","Field","Private","_profile",4,0,0,0,0,""
"src/SharpLink.Runtime/Transport/SharedMemoryTransport.cs",13,"SharpLink.Runtime","Field","Private","_started",4,0,0,0,0,""
"src/SharpLink.Runtime/Transport/SharedMemoryTransport.cs",17,"SharpLink.Runtime","Method","Public","SharedMemoryClientTransportFactory",2,0,13,0,0,"Constructor/activation"
"src/SharpLink.Runtime/Transport/SharedMemoryTransport.cs",111,"SharpLink.Runtime","Method","Private","BindPerformanceProfile",4,0,0,1,0,"Interface implementation"
"src/SharpLink.Runtime/Transport/SharedMemoryTransport.cs",131,"SharpLink.Runtime","NamedType","Public","global::SharpLink.Runtime.SharedMemoryServerTransportListener",2,0,24,1,0,""
"src/SharpLink.Runtime/Transport/SharedMemoryTransport.cs",133,"SharpLink.Runtime","Property","Internal","AcceptIterationStartedForTesting",1,0,1,0,0,""
"src/SharpLink.Runtime/Transport/SharedMemoryTransport.cs",146,"SharpLink.Runtime","Method","Public","SharedMemoryServerTransportListener",1,0,10,1,0,"Constructor/activation"
"src/SharpLink.Runtime/Transport/SharedMemoryTransport.cs",174,"SharpLink.Runtime","Method","Private","AcceptConnectionAsync",1,0,0,0,0,""
"src/SharpLink.Runtime/Transport/SharedMemoryTransport.cs",262,"SharpLink.Runtime","Method","Private","IsRejectedHandshake",1,0,0,0,0,""
"src/SharpLink.Runtime/Transport/SharedMemoryTransport.cs",367,"SharpLink.Runtime","NamedType","Private","global::SharpLink.Runtime.SharedMemoryServerTransportListener.HandshakeStage",8,0,0,0,0,""
"src/SharpLink.Runtime/Transport/SharedMemoryTransport.cs",369,"SharpLink.Runtime","Field","Public","Accepting",1,0,0,0,0,"Enum/protocol identity"
"src/SharpLink.Runtime/Transport/SharedMemoryTransport.cs",370,"SharpLink.Runtime","Field","Public","ClientHello",2,0,0,0,0,"Enum/protocol identity"
"src/SharpLink.Runtime/Transport/SharedMemoryTransport.cs",371,"SharpLink.Runtime","Field","Public","CreatingMapping",1,0,0,0,0,"Enum/protocol identity"
"src/SharpLink.Runtime/Transport/SharedMemoryTransport.cs",372,"SharpLink.Runtime","Field","Public","ServerResponse",2,0,0,0,0,"Enum/protocol identity"
"src/SharpLink.Runtime/Transport/SharedMemoryTransport.cs",373,"SharpLink.Runtime","Field","Public","ClientAck",2,0,0,0,0,"Enum/protocol identity"
"src/SharpLink.Runtime/Transport/SharedMemoryTransport.cs",378,"SharpLink.Runtime","NamedType","Internal","global::SharpLink.Runtime.SharedMemoryTransportConnection",4,0,1,0,0,""
"src/SharpLink.Runtime/Transport/SharedMemoryTransport.cs",382,"SharpLink.Runtime","Field","Private","_disposeGate",3,0,0,0,0,""
"src/SharpLink.Runtime/Transport/SharedMemoryTransport.cs",385,"SharpLink.Runtime","Method","Private","SharedMemoryTransportConnection",1,0,0,0,0,"Constructor/activation"
"src/SharpLink.Runtime/Transport/SharedMemoryTransport.cs",478,"SharpLink.Runtime","NamedType","Internal","global::SharpLink.Runtime.SharedMemoryHandshake",6,0,1,0,0,""
"src/SharpLink.Runtime/Transport/SharedMemoryTransport.cs",483,"SharpLink.Runtime","Field","Private","ClientHelloBytes",2,0,0,0,0,""
"src/SharpLink.Runtime/Transport/SharedMemoryTransport.cs",484,"SharpLink.Runtime","Field","Private","ClientAckBytes",2,0,0,0,0,""
"src/SharpLink.Runtime/Transport/SharedMemoryTransport.cs",485,"SharpLink.Runtime","Field","Private","ServerResponseHeaderBytes",3,0,0,0,0,""
"src/SharpLink.Runtime/Transport/SharedMemoryTransport.cs",486,"SharpLink.Runtime","Field","Private","MaxPathBytes",2,0,0,0,0,""
"src/SharpLink.Runtime/Transport/SharedMemoryTransport.cs",488,"SharpLink.Runtime","Method","Public","WriteClientHelloAsync",1,0,0,0,0,""
"src/SharpLink.Runtime/Transport/SharedMemoryTransport.cs",503,"SharpLink.Runtime","Method","Public","ReadClientHelloAsync",1,0,0,0,0,""
"src/SharpLink.Runtime/Transport/SharedMemoryTransport.cs",528,"SharpLink.Runtime","Method","Public","WriteServerResponseAsync",1,0,0,0,0,""
"src/SharpLink.Runtime/Transport/SharedMemoryTransport.cs",549,"SharpLink.Runtime","Method","Public","ReadServerResponseAsync",1,0,1,0,0,""
"src/SharpLink.Runtime/Transport/SharedMemoryTransport.cs",593,"SharpLink.Runtime","Method","Public","WriteClientAckAsync",1,0,0,0,0,""
"src/SharpLink.Runtime/Transport/SharedMemoryTransport.cs",602,"SharpLink.Runtime","Method","Public","ReadClientAckAsync",1,0,0,0,0,""
"src/SharpLink.Runtime/Transport/SharedMemoryTransport.cs",614,"SharpLink.Runtime","Method","Private","CreateAck",1,0,0,0,0,""
"src/SharpLink.Runtime/Transport/SharedMemoryTransport.cs",623,"SharpLink.Runtime","Method","Private","ValidatePreamble",3,0,0,0,0,""
"src/SharpLink.Runtime/Transport/SharedMemoryTransport.cs",632,"SharpLink.Runtime","Method","Private","WriteAsync",3,0,0,0,0,""
"src/SharpLink.Runtime/Transport/SharedMemoryTransport.cs",642,"SharpLink.Runtime","NamedType","Internal","global::SharpLink.Runtime.SharedMemoryClientHello",3,0,0,0,0,""
"src/SharpLink.Runtime/Transport/SharedMemoryTransport.cs",643,"SharpLink.Runtime","NamedType","Internal","global::SharpLink.Runtime.SharedMemoryServerResponse",3,0,0,0,0,""
"src/SharpLink.Runtime/Transport/SharedMemoryTransportOptions.cs",4,"SharpLink.Runtime","NamedType","Public","global::SharpLink.Runtime.SharedMemoryTransportOptions",21,0,22,0,0,""
"src/SharpLink.Runtime/Transport/SharedMemoryTransportOptions.cs",6,"SharpLink.Runtime","Field","Internal","MinCapacityPerDirectionBytes",2,0,0,0,0,""
"src/SharpLink.Runtime/Transport/SharedMemoryTransportOptions.cs",7,"SharpLink.Runtime","Field","Internal","MaxCapacityPerDirectionBytes",6,0,0,0,0,""
"src/SharpLink.Runtime/Transport/SharedMemoryTransportOptions.cs",8,"SharpLink.Runtime","Field","Internal","MaxSpinCount",2,0,0,0,0,""
"src/SharpLink.Runtime/Transport/SharedMemoryTransportOptions.cs",14,"SharpLink.Runtime","Property","Public","CapacityPerDirectionBytes",9,0,19,0,0,""
"src/SharpLink.Runtime/Transport/SharedMemoryTransportOptions.cs",20,"SharpLink.Runtime","Property","Public","SpinCount",7,0,15,0,0,""
"src/SharpLink.Runtime/Transport/SharedMemoryTransportOptions.cs",71,"SharpLink.Runtime","Method","Private","ValidateCapacity",2,0,0,0,0,""
"src/SharpLink.Runtime/Transport/SharedMemoryTransportOptions.cs",83,"SharpLink.Runtime","NamedType","Internal","global::SharpLink.Runtime.SharedMemoryResolvedOptions",5,0,4,0,0,""
"src/SharpLink.Runtime/Transport/SharedMemoryTransportOptions.cs",88,"SharpLink.Runtime","NamedType","Internal","global::SharpLink.Runtime.IPerformanceProfileAwareTransport",8,0,9,3,0,""
"src/SharpLink.Runtime/Transport/SocketTransportV2.cs",4,"SharpLink.Runtime","NamedType","Public","global::SharpLink.Runtime.SocketTransportOptions",14,0,5,0,0,""
"src/SharpLink.Runtime/Transport/SocketTransportV2.cs",6,"SharpLink.Runtime","Field","Private","SMaximumKeepAliveDuration",2,0,0,0,0,""
"src/SharpLink.Runtime/Transport/SocketTransportV2.cs",10,"SharpLink.Runtime","Property","Public","NoDelay",2,0,3,0,0,""
"src/SharpLink.Runtime/Transport/SocketTransportV2.cs",13,"SharpLink.Runtime","Property","Public","KeepAlive",2,0,0,0,0,""
"src/SharpLink.Runtime/Transport/SocketTransportV2.cs",16,"SharpLink.Runtime","Property","Public","KeepAliveTime",4,0,3,0,0,""
"src/SharpLink.Runtime/Transport/SocketTransportV2.cs",19,"SharpLink.Runtime","Property","Public","KeepAliveInterval",4,0,3,0,0,""
"src/SharpLink.Runtime/Transport/SocketTransportV2.cs",22,"SharpLink.Runtime","Property","Public","KeepAliveRetryCount",3,0,0,0,0,""
"src/SharpLink.Runtime/Transport/SocketTransportV2.cs",25,"SharpLink.Runtime","Property","Public","SendBufferBytes",3,0,0,0,0,""
"src/SharpLink.Runtime/Transport/SocketTransportV2.cs",28,"SharpLink.Runtime","Property","Public","ReceiveBufferBytes",3,0,0,0,0,""
"src/SharpLink.Runtime/Transport/SocketTransportV2.cs",56,"SharpLink.Runtime","NamedType","Public","global::SharpLink.Runtime.SocketClientTransportFactory",7,0,6,3,0,""
"src/SharpLink.Runtime/Transport/SocketTransportV2.cs",58,"SharpLink.Runtime","Field","Private","_remoteEndPoint",4,0,0,0,0,""
"src/SharpLink.Runtime/Transport/SocketTransportV2.cs",60,"SharpLink.Runtime","Field","Private","_tlsOptions",9,0,0,0,0,""
"src/SharpLink.Runtime/Transport/SocketTransportV2.cs",61,"SharpLink.Runtime","Field","Private","_tlsHandshakeTimeout",5,0,0,0,0,""
"src/SharpLink.Runtime/Transport/SocketTransportV2.cs",70,"SharpLink.Runtime","Method","Public","SocketClientTransportFactory",7,0,6,3,0,"Constructor/activation"
"src/SharpLink.Runtime/Transport/SocketTransportV2.cs",137,"SharpLink.Runtime","NamedType","Public","global::SharpLink.Runtime.SocketServerTransportListener",10,0,17,0,0,""
"src/SharpLink.Runtime/Transport/SocketTransportV2.cs",139,"SharpLink.Runtime","Field","Private","_listener",11,0,0,0,0,""
"src/SharpLink.Runtime/Transport/SocketTransportV2.cs",144,"SharpLink.Runtime","Field","Private","_ownedUnixSocketPath",3,0,0,0,0,""
"src/SharpLink.Runtime/Transport/SocketTransportV2.cs",145,"SharpLink.Runtime","Field","Private","_ownedUnixSocketIdentity",3,0,0,0,0,""
"src/SharpLink.Runtime/Transport/SocketTransportV2.cs",146,"SharpLink.Runtime","Field","Private","_backlog",4,0,0,0,0,""
"src/SharpLink.Runtime/Transport/SocketTransportV2.cs",147,"SharpLink.Runtime","Field","Private","_port",3,0,0,0,0,""
"src/SharpLink.Runtime/Transport/SocketTransportV2.cs",156,"SharpLink.Runtime","Method","Public","SocketServerTransportListener",7,0,14,0,0,"Constructor/activation"
"src/SharpLink.Runtime/Transport/SocketTransportV2.cs",234,"SharpLink.Runtime","Property","Internal","UsesTls",1,0,0,0,0,""
"src/SharpLink.Runtime/Transport/SocketTransportV2.cs",238,"SharpLink.Runtime","Method","Internal","ConfigureListenAddress",1,0,0,0,0,""
"src/SharpLink.Runtime/Transport/SocketTransportV2.cs",283,"SharpLink.Runtime","Method","Private","CreateBoundTcpListener",1,0,0,0,0,""
"src/SharpLink.Runtime/Transport/SocketTransportV2.cs",303,"SharpLink.Runtime","Method","Internal","ConfigureTls",1,0,0,0,0,""
"src/SharpLink.Runtime/Transport/SocketTransportV2.cs",359,"SharpLink.Runtime","Method","Private","DisposeListenerPreservingPathReplacement",2,0,0,0,0,""
"src/SharpLink.Runtime/Transport/SocketTransportV2.cs",375,"SharpLink.Runtime","Method","Private","TryDeleteOwnedUnixSocketPath",2,0,0,0,0,""
"src/SharpLink.Runtime/Transport/SocketTransportV2.cs",398,"SharpLink.Runtime","Field","Private","DefaultUnixSocketMode",2,0,0,0,0,""
"src/SharpLink.Runtime/Transport/SocketTransportV2.cs",402,"SharpLink.Runtime","Field","Private","DisallowedUnixSocketMode",1,0,0,0,0,""
"src/SharpLink.Runtime/Transport/SocketTransportV2.cs",415,"SharpLink.Runtime","Method","Internal","HardenUnixSocketPermissions",1,0,1,0,0,""
"src/SharpLink.Runtime/Transport/SocketTransportV2.cs",453,"SharpLink.Runtime","NamedType","Internal","global::SharpLink.Runtime.SocketTransportSocketFactory",8,0,4,0,0,""
"src/SharpLink.Runtime/Transport/SocketTransportV2.cs",455,"SharpLink.Runtime","Method","Internal","Snapshot",1,0,2,0,0,""
"src/SharpLink.Runtime/Transport/SocketTransportV2.cs",464,"SharpLink.Runtime","Method","Private","SnapshotCustom",1,0,0,0,0,""
"src/SharpLink.Runtime/Transport/SocketTransportV2.cs",486,"SharpLink.Runtime","Method","Internal","GetFileSystemPath",1,0,2,0,0,""
"src/SharpLink.Runtime/Transport/SocketTransportV2.cs",492,"SharpLink.Runtime","Method","Private","CloneAddress",1,0,0,0,0,""
"src/SharpLink.Runtime/Transport/SocketTransportV2.cs",529,"SharpLink.Runtime","Method","Public","ApplyOptions",2,0,0,0,0,""
"src/SharpLink.Runtime/Transport/SocketTransportV2.cs",549,"SharpLink.Runtime","Method","Private","TryApplyKeepAliveDetail",4,0,0,0,0,""
"src/SharpLink.Runtime/Transport/SocketTransportV2.cs",565,"SharpLink.Runtime","NamedType","Internal","global::SharpLink.Runtime.UnixSocketPathIdentity",13,0,1,0,0,""
"src/SharpLink.Runtime/Transport/SocketTransportV2.cs",567,"SharpLink.Runtime","Field","Private","FileTypeMask",3,0,0,0,0,""
"src/SharpLink.Runtime/Transport/SocketTransportV2.cs",568,"SharpLink.Runtime","Field","Private","DirectoryFileType",1,0,0,0,0,""
"src/SharpLink.Runtime/Transport/SocketTransportV2.cs",569,"SharpLink.Runtime","Field","Private","SocketFileType",2,0,0,0,0,""
"src/SharpLink.Runtime/Transport/SocketTransportV2.cs",593,"SharpLink.Runtime","Method","Internal","PreserveReplacement",1,0,0,0,0,""
"src/SharpLink.Runtime/Transport/SocketTransportV2.cs",618,"SharpLink.Runtime","Method","Internal","PathExists",1,0,0,0,0,""
"src/SharpLink.Runtime/Transport/SocketTransportV2.cs",620,"SharpLink.Runtime","Method","Private","LStat",4,0,0,0,0,""
"src/SharpLink.Runtime/Transport/SocketTransportV2.cs",631,"SharpLink.Runtime","NamedType","Private","global::SharpLink.Runtime.UnixSocketPathIdentity.UnixFileStatus",4,0,0,0,0,""
"src/SharpLink.Runtime/Transport/SocketTransportV2.cs",635,"SharpLink.Runtime","Field","Internal","Mode",3,0,0,0,0,""
"src/SharpLink.Runtime/Transport/SocketTransportV2.cs",647,"SharpLink.Runtime","Field","Internal","Device",2,0,0,0,0,""
"src/SharpLink.Runtime/Transport/SocketTransportV2.cs",649,"SharpLink.Runtime","Field","Internal","Inode",2,0,0,0,0,""
"src/SharpLink.Runtime/Transport/SocketTransportV2.cs",655,"SharpLink.Runtime","NamedType","Internal","global::SharpLink.Runtime.UnixSocketPathPreservation",3,0,0,0,0,""
"src/SharpLink.Runtime/Transport/SocketTransportV2.cs",660,"SharpLink.Runtime","Field","Private","_restored",1,0,0,0,0,""
"src/SharpLink.Runtime/Transport/SocketTransportV2.cs",662,"SharpLink.Runtime","Method","Internal","Restore",1,0,0,0,0,""
"src/SharpLink.Runtime/Transport/TlsTransport.cs",3,"SharpLink.Runtime","NamedType","Internal","global::SharpLink.Runtime.ITransportSecurityHandshake",2,0,2,0,0,""
"src/SharpLink.Runtime/Transport/TlsTransport.cs",5,"SharpLink.Runtime","Method","Public","AuthenticateAsync",2,0,1,0,0,"Interface contract"
"src/SharpLink.Runtime/Transport/TlsTransport.cs",8,"SharpLink.Runtime","NamedType","Internal","global::SharpLink.Runtime.ITransportSecurityInfo",9,0,1,0,0,""
"src/SharpLink.Runtime/Transport/TlsTransport.cs",11,"SharpLink.Runtime","Property","Public","CipherSuite",9,0,0,0,0,"Interface contract"
"src/SharpLink.Runtime/Transport/TlsTransport.cs",14,"SharpLink.Runtime","NamedType","Internal","global::SharpLink.Runtime.TlsStreamTransportConnection",2,0,0,0,0,""
"src/SharpLink.Runtime/Transport/TlsTransport.cs",19,"SharpLink.Runtime","Field","Private","_clientOptions",3,0,0,0,0,""
"src/SharpLink.Runtime/Transport/TlsTransport.cs",20,"SharpLink.Runtime","Field","Private","_serverOptions",2,0,0,0,0,""
"src/SharpLink.Runtime/Transport/TlsTransport.cs",21,"SharpLink.Runtime","Field","Private","_handshakeTimeout",3,0,0,0,0,""
"src/SharpLink.Runtime/Transport/TlsTransport.cs",22,"SharpLink.Runtime","Field","Private","_authenticationGate",1,0,0,0,0,""
"src/SharpLink.Runtime/Transport/TlsTransport.cs",23,"SharpLink.Runtime","Field","Private","_authenticationTask",1,0,0,0,0,""
"src/SharpLink.Runtime/Transport/TlsTransport.cs",25,"SharpLink.Runtime","Method","Public","TlsStreamTransportConnection",2,0,0,0,0,"Constructor/activation"
"src/SharpLink.Runtime/Transport/TlsTransport.cs",73,"SharpLink.Runtime","Method","Private","AuthenticateCoreAsync",1,0,0,0,0,""
"src/SharpLink.Runtime/Transport/TlsTransport.cs",109,"SharpLink.Runtime","NamedType","Internal","global::SharpLink.Runtime.TlsAuthenticationOptionsSnapshot",9,0,3,0,0,""
"src/SharpLink.Runtime/Transport/TlsTransport.cs",111,"SharpLink.Runtime","Field","Private","SDefaultHandshakeTimeout",1,0,0,0,0,""
"src/SharpLink.Runtime/Transport/TlsTransport.cs",112,"SharpLink.Runtime","Field","Private","EndpointAuthorityPlaceholder",1,0,0,0,0,""
"src/SharpLink.Runtime/Transport/TlsTransport.cs",114,"SharpLink.Runtime","Method","Public","ValidateTimeout",4,0,1,0,0,""
"src/SharpLink.Runtime/Transport/TlsTransport.cs",122,"SharpLink.Runtime","Method","Public","Clone",5,0,2,0,0,""
"src/SharpLink.Runtime/Transport/TlsTransport.cs",158,"SharpLink.Runtime","Method","Internal","CloneForEndpointFactory",1,0,0,0,0,""
"src/SharpLink.Runtime/Transport/TransportConnection.cs",3,"SharpLink.Runtime","NamedType","Internal","global::SharpLink.Runtime.StreamTransportConnection",28,0,4,0,0,""
"src/SharpLink.Runtime/Transport/TransportConnection.cs",5,"SharpLink.Runtime","Field","Internal","ReadBufferBytes",1,0,1,0,0,""
"src/SharpLink.Runtime/Transport/TransportConnection.cs",11,"SharpLink.Runtime","Method","Public","StreamTransportConnection",4,0,3,0,0,"Constructor/activation"
"src/SharpLink.Runtime/Transport/TransportConnection.cs",70,"SharpLink.Runtime","Method","Internal","CompleteWriterAsync",2,0,0,0,0,""
"src/SharpLink.Runtime/Transport/TransportConnection.cs",81,"SharpLink.Runtime","Method","Internal","CompleteReaderAsync",2,0,0,0,0,""
"src/SharpLink.Runtime/Transport/TransportConnection.cs",92,"SharpLink.Runtime","Method","Internal","IsExpectedDisposeException",10,0,0,0,0,""
"src/SharpLink.Runtime/Transport/TransportConnection.cs",104,"SharpLink.Runtime","NamedType","Internal","global::SharpLink.Runtime.ReadOwnershipPipeReader",2,0,72,0,0,""
"src/SharpLink.Runtime/Transport/TransportConnection.cs",107,"SharpLink.Runtime","Field","Private","_readReleased",4,0,0,0,0,""
"src/SharpLink.Runtime/Transport/TransportConnection.cs",108,"SharpLink.Runtime","Field","Private","_completionTask",5,0,0,0,0,""
"src/SharpLink.Runtime/Transport/TransportConnection.cs",109,"SharpLink.Runtime","Field","Private","_readActive",5,0,0,0,0,""
"src/SharpLink.Runtime/Transport/TransportConnection.cs",110,"SharpLink.Runtime","Field","Private","_completionRequested",2,0,0,0,0,""
"src/SharpLink.Runtime/Transport/TransportConnection.cs",201,"SharpLink.Runtime","Method","Private","TryAcquireRead",2,0,0,0,0,""
"src/SharpLink.Runtime/Transport/TransportConnection.cs",214,"SharpLink.Runtime","Method","Private","ReleaseRead",5,0,0,0,0,""
"src/SharpLink.Runtime/Transport/TransportConnection.cs",228,"SharpLink.Runtime","Method","Private","AwaitReadAsync",1,0,0,0,0,""
"src/SharpLink.Runtime/Transport/TransportConnection.cs",242,"SharpLink.Runtime","Method","Private","CompleteAfterReadReleaseAsync",1,0,0,0,0,""
"src/SharpLink.Runtime/Transport/TransportConnection.cs",262,"SharpLink.Runtime","NamedType","Internal","global::SharpLink.Runtime.AnonymousPipeTransportConnection",3,0,4,0,0,""
"src/SharpLink.Runtime/Transport/TransportConnection.cs",264,"SharpLink.Runtime","Field","Private","_inputStream",2,0,0,0,0,""
"src/SharpLink.Runtime/Transport/TransportConnection.cs",265,"SharpLink.Runtime","Field","Private","_outputStream",2,0,0,0,0,""
"src/SharpLink.Runtime/Transport/TransportConnection.cs",269,"SharpLink.Runtime","Method","Public","AnonymousPipeTransportConnection",2,0,1,0,0,"Constructor/activation"
"src/SharpLink.Runtime/WakeupSignal.cs",21,"SharpLink.Runtime","NamedType","Internal","global::SharpLink.Runtime.WakeupSignal",4,0,13,0,0,""
"src/SharpLink.Runtime/WakeupSignal.cs",23,"SharpLink.Runtime","Field","Private","Idle",6,0,0,0,0,""
"src/SharpLink.Runtime/WakeupSignal.cs",24,"SharpLink.Runtime","Field","Private","Latched",9,0,0,0,0,""
"src/SharpLink.Runtime/WakeupSignal.cs",25,"SharpLink.Runtime","Field","Private","DeadlineBit",4,0,0,0,0,""
"src/SharpLink.Runtime/WakeupSignal.cs",26,"SharpLink.Runtime","Field","Private","GenerationShift",2,0,0,0,0,""
"src/SharpLink.Runtime/WakeupSignal.cs",28,"SharpLink.Runtime","Field","Private","_core",16,0,0,0,0,""
"src/SharpLink.Runtime/WakeupSignal.cs",29,"SharpLink.Runtime","Field","Private","_generation",2,0,0,0,0,""
"src/SharpLink.Runtime/WakeupSignal.cs",31,"SharpLink.Runtime","Field","Private","_deadline",4,0,0,0,0,""
"src/SharpLink.Runtime/WakeupSignal.cs",32,"SharpLink.Runtime","Field","Private","_pumpContinuation",4,0,0,0,0,""
"src/SharpLink.Runtime/WakeupSignal.cs",33,"SharpLink.Runtime","Field","Private","_pumpContinuationState",3,0,0,0,0,""
"src/SharpLink.Runtime/WakeupSignal.cs",35,"SharpLink.Runtime","Method","Internal","WakeupSignal",1,0,12,0,0,"Constructor/activation"
"src/SharpLink.Runtime/WakeupSignal.cs",48,"SharpLink.Runtime","Property","Internal","BeforeLatchWrite",1,0,1,0,0,""
"src/SharpLink.Runtime/WakeupSignal.cs",82,"SharpLink.Runtime","Method","Internal","ConsumeLatched",1,0,1,0,0,""
"src/SharpLink.Runtime/WakeupSignal.cs",152,"SharpLink.Runtime","Method","Private","CancelDeadline",3,0,0,0,0,""
"src/SharpLink.Runtime/WakeupSignal.cs",161,"SharpLink.Runtime","Method","Private","OnDeadline",1,0,0,0,0,""
"src/SharpLink.Runtime/WakeupSignal.cs",213,"SharpLink.Runtime","NamedType","Private","global::SharpLink.Runtime.WakeupSignal.DeadlineArm",5,0,0,0,0,""
"src/SharpLink.Runtime/WakeupSignal.cs",217,"SharpLink.Runtime","Field","Private","_timeout",2,0,0,0,0,""
"src/SharpLink.Runtime/WakeupSignal.cs",218,"SharpLink.Runtime","Field","Private","_timer",3,0,0,0,0,""
"src/SharpLink.Runtime/WakeupSignal.cs",219,"SharpLink.Runtime","Field","Private","_cancelled",4,0,0,0,0,""
"src/SharpLink.Runtime/WakeupSignal.cs",221,"SharpLink.Runtime","Method","Internal","DeadlineArm",1,0,0,0,0,"Constructor/activation"
"src/SharpLink.Runtime/WakeupSignal.cs",233,"SharpLink.Runtime","Property","Internal","ArmToken",3,0,0,0,0,""
"src/SharpLink.Runtime/WakeupSignal.cs",235,"SharpLink.Runtime","Method","Internal","Start",1,0,0,0,0,""
"src/SharpLink.Runtime/WakeupSignal.cs",272,"SharpLink.Runtime","Method","Internal","Cancel",2,0,0,0,0,""
"src/SharpLink.Runtime/WakeupSignal.cs",279,"SharpLink.Runtime","Method","Private","Fire",1,0,0,0,0,""
"src/SharpLink.Serializer.SharpPack/SharpPackRpcCodec.cs",32,"SharpLink.Serializer.SharpPack","NamedType","Public","global::SharpLink.Serializer.SharpPack.ISharpPackRpcCodecAdapterScopeConfiguration",1,1,3,0,0,""
"src/SharpLink.Serializer.SharpPack/SharpPackRpcCodec.cs",36,"SharpLink.Serializer.SharpPack","Method","Public","Configure",0,1,5,0,0,"Interface contract"
"src/SharpLink.Serializer.SharpPack/SharpPackRpcCodec.cs",42,"SharpLink.Serializer.SharpPack","NamedType","Public","global::SharpLink.Serializer.SharpPack.SharpPackRpcCodecAdapter",2,10,8,0,1,""
"src/SharpLink.Serializer.SharpPack/SharpPackRpcCodec.cs",47,"SharpLink.Serializer.SharpPack","Field","Public","AdapterIdentity",2,0,0,0,0,""
"src/SharpLink.Serializer.SharpPack/SharpPackRpcCodec.cs",56,"SharpLink.Serializer.SharpPack","NamedType","Internal","global::SharpLink.Serializer.SharpPack.SharpPackRpcCodecAdapterScope",1,0,0,0,0,""
"src/SharpLink.Serializer.SharpPack/SharpPackRpcCodec.cs",60,"SharpLink.Serializer.SharpPack","Field","Private","_gate",3,0,0,0,0,""
"src/SharpLink.Serializer.SharpPack/SharpPackRpcCodec.cs",61,"SharpLink.Serializer.SharpPack","Field","Private","_context",8,0,0,0,0,""
"src/SharpLink.Serializer.SharpPack/SharpPackRpcCodec.cs",62,"SharpLink.Serializer.SharpPack","Field","Private","_configurationId",3,0,0,0,0,""
"src/SharpLink.Serializer.SharpPack/SharpPackRpcCodec.cs",63,"SharpLink.Serializer.SharpPack","Field","Private","_codecCreated",2,0,0,0,0,""
"src/SharpLink.Serializer.SharpPack/SharpPackRpcCodec.cs",114,"SharpLink.Serializer.SharpPack","Method","Private","CreateIsolatedContextBuilder",2,0,0,0,0,""
"src/SharpLink.Serializer.SharpPack/SharpPackRpcCodec.cs",119,"SharpLink.Serializer.SharpPack","NamedType","Internal","global::SharpLink.Serializer.SharpPack.SharpPackScopeMarker",4,0,0,0,0,""
"src/SharpLink.Serializer.SharpPack/SharpPackRpcCodec.cs",121,"SharpLink.Serializer.SharpPack","NamedType","Internal","global::SharpLink.Serializer.SharpPack.SharpPackScopeMarkerFormatter",1,0,0,0,0,""
"src/SharpLink.Serializer.SharpPack/SharpPackRpcCodec.cs",134,"SharpLink.Serializer.SharpPack","NamedType","Internal","global::SharpLink.Serializer.SharpPack.SharpPackRpcCodec<T>",2,0,10,0,0,""
"src/SharpLink.Serializer.SharpPack/SharpPackRpcCodec.cs",140,"SharpLink.Serializer.SharpPack","Method","Internal","SharpPackRpcCodec",2,0,0,0,0,"Constructor/activation"
"src/SharpLink.Serializer.SharpPack/SharpPackRpcCodec.cs",188,"SharpLink.Serializer.SharpPack","Method","Internal","ShouldWrap",2,0,7,0,0,""
"src/SharpLink.Serializer.SharpPack/SharpPackRpcCodec.cs",190,"SharpLink.Serializer.SharpPack","Method","Private","ContainsNonWrappableException",3,0,0,0,0,""
"src/SharpLink.Serializer.SharpPack/SharpPackRpcCodec.cs",221,"SharpLink.Serializer.SharpPack","NamedType","Internal","global::SharpLink.Serializer.SharpPack.SharpPackBufferWriter",1,0,0,0,0,""
"src/SharpLink.Server/Admission/AdmissionDynamicRateState.cs",10,"SharpLink.Server","NamedType","Internal","global::SharpLink.Server.AdmissionRateTransitionLineage",3,0,0,0,0,""
"src/SharpLink.Server/Admission/AdmissionDynamicRateState.cs",12,"SharpLink.Server","Property","Internal","Gate",11,0,3,0,0,""
"src/SharpLink.Server/Admission/AdmissionDynamicRateState.cs",14,"SharpLink.Server","Field","Private","_current",7,0,0,0,0,""
"src/SharpLink.Server/Admission/AdmissionDynamicRateState.cs",16,"SharpLink.Server","Property","Internal","CurrentLocked",1,0,0,0,0,""
"src/SharpLink.Server/Admission/AdmissionDynamicRateState.cs",18,"SharpLink.Server","Method","Internal","AttachFresh",1,0,0,0,0,""
"src/SharpLink.Server/Admission/AdmissionDynamicRateState.cs",28,"SharpLink.Server","Method","Internal","CommitTransition",2,0,0,0,0,""
"src/SharpLink.Server/Admission/AdmissionDynamicRateState.cs",46,"SharpLink.Server","Method","Internal","DetachIfCurrentLocked",1,0,0,0,0,""
"src/SharpLink.Server/Admission/AdmissionDynamicRateState.cs",58,"SharpLink.Server","NamedType","Internal","global::SharpLink.Server.AdmissionDynamicRateState",17,0,0,0,0,""
"src/SharpLink.Server/Admission/AdmissionDynamicRateState.cs",60,"SharpLink.Server","Field","Private","_definition",45,0,0,0,0,""
"src/SharpLink.Server/Admission/AdmissionDynamicRateState.cs",61,"SharpLink.Server","Field","Private","_timeProvider",67,0,0,0,0,""
"src/SharpLink.Server/Admission/AdmissionDynamicRateState.cs",62,"SharpLink.Server","Field","Private","_slidingSegments",10,0,0,0,0,""
"src/SharpLink.Server/Admission/AdmissionDynamicRateState.cs",63,"SharpLink.Server","Field","Private","_waiters",18,0,0,0,0,""
"src/SharpLink.Server/Admission/AdmissionDynamicRateState.cs",64,"SharpLink.Server","Field","Private","_timer",13,0,0,0,0,""
"src/SharpLink.Server/Admission/AdmissionDynamicRateState.cs",65,"SharpLink.Server","Field","Private","_tokenDebt",11,0,0,0,0,""
"src/SharpLink.Server/Admission/AdmissionDynamicRateState.cs",66,"SharpLink.Server","Field","Private","_tokenAnchor",8,0,0,0,0,""
"src/SharpLink.Server/Admission/AdmissionDynamicRateState.cs",67,"SharpLink.Server","Field","Private","_tokenTransitionCredit",9,0,0,0,0,""
"src/SharpLink.Server/Admission/AdmissionDynamicRateState.cs",68,"SharpLink.Server","Field","Private","_slidingOwnTotal",8,0,0,0,0,""
"src/SharpLink.Server/Admission/AdmissionDynamicRateState.cs",69,"SharpLink.Server","Field","Private","_slidingCurrentSegment",9,0,0,0,0,""
"src/SharpLink.Server/Admission/AdmissionDynamicRateState.cs",70,"SharpLink.Server","Field","Private","_slidingSegmentStart",9,0,0,0,0,""
"src/SharpLink.Server/Admission/AdmissionDynamicRateState.cs",71,"SharpLink.Server","Field","Private","_transitionDebt",21,0,0,0,0,""
"src/SharpLink.Server/Admission/AdmissionDynamicRateState.cs",72,"SharpLink.Server","Field","Private","_transitionDebtExpiry",13,0,0,0,0,""
"src/SharpLink.Server/Admission/AdmissionDynamicRateState.cs",73,"SharpLink.Server","Field","Private","_latestGrantTimestamp",10,0,0,0,0,""
"src/SharpLink.Server/Admission/AdmissionDynamicRateState.cs",74,"SharpLink.Server","Field","Private","_disposed",53,0,0,0,0,""
"src/SharpLink.Server/Admission/AdmissionDynamicRateState.cs",76,"SharpLink.Server","Method","Internal","AdmissionDynamicRateState",1,0,0,0,0,"Constructor/activation"
"src/SharpLink.Server/Admission/AdmissionDynamicRateState.cs",100,"SharpLink.Server","Property","Internal","Lineage",17,0,0,0,0,""
"src/SharpLink.Server/Admission/AdmissionDynamicRateState.cs",102,"SharpLink.Server","Property","Internal","Definition",8,0,2,0,0,""
"src/SharpLink.Server/Admission/AdmissionDynamicRateState.cs",104,"SharpLink.Server","Property","Internal","WaitingCount",1,0,30,0,0,""
"src/SharpLink.Server/Admission/AdmissionDynamicRateState.cs",113,"SharpLink.Server","Property","Internal","TransitionDebtForDiagnostics",1,0,5,0,0,""
"src/SharpLink.Server/Admission/AdmissionDynamicRateState.cs",125,"SharpLink.Server","Property","Internal","TransitionBarrierExpiryForDiagnostics",1,0,0,0,0,""
"src/SharpLink.Server/Admission/AdmissionDynamicRateState.cs",138,"SharpLink.Server","Method","Internal","AttemptAcquire",2,0,0,0,0,""
"src/SharpLink.Server/Admission/AdmissionDynamicRateState.cs",156,"SharpLink.Server","Method","Internal","AcquireAsync",7,0,253,16,0,""
"src/SharpLink.Server/Admission/AdmissionDynamicRateState.cs",187,"SharpLink.Server","Method","Internal","CommitTransitionTo",4,0,13,0,0,""
"src/SharpLink.Server/Admission/AdmissionDynamicRateState.cs",190,"SharpLink.Server","Method","Internal","InitializeTransitionLocked",1,0,0,0,0,""
"src/SharpLink.Server/Admission/AdmissionDynamicRateState.cs",240,"SharpLink.Server","Method","Private","CopyTransitionBarrierLocked",2,0,0,0,0,""
"src/SharpLink.Server/Admission/AdmissionDynamicRateState.cs",258,"SharpLink.Server","Method","Private","InitializeConservativeBarrierLocked",2,0,0,0,0,""
"src/SharpLink.Server/Admission/AdmissionDynamicRateState.cs",268,"SharpLink.Server","Method","Private","GetConservativeTransitionExpiryLocked",1,0,0,0,0,""
"src/SharpLink.Server/Admission/AdmissionDynamicRateState.cs",281,"SharpLink.Server","Method","Private","ResetPreparedTargetLocked",1,0,0,0,0,""
"src/SharpLink.Server/Admission/AdmissionDynamicRateState.cs",296,"SharpLink.Server","Method","Private","RecordGrantLocked",3,0,0,0,0,""
"src/SharpLink.Server/Admission/AdmissionDynamicRateState.cs",311,"SharpLink.Server","Method","Private","RecordOwnGrantLocked",1,0,0,0,0,""
"src/SharpLink.Server/Admission/AdmissionDynamicRateState.cs",328,"SharpLink.Server","Method","Private","RecordLegacyGrantLocked",1,0,0,0,0,""
"src/SharpLink.Server/Admission/AdmissionDynamicRateState.cs",340,"SharpLink.Server","Method","Private","CanGrantLocked",5,0,0,0,0,""
"src/SharpLink.Server/Admission/AdmissionDynamicRateState.cs",343,"SharpLink.Server","Method","Private","GetBurdenLocked",5,0,0,0,0,""
"src/SharpLink.Server/Admission/AdmissionDynamicRateState.cs",346,"SharpLink.Server","Method","Private","GetOwnBurdenLocked",1,0,0,0,0,""
"src/SharpLink.Server/Admission/AdmissionDynamicRateState.cs",354,"SharpLink.Server","Method","Private","GetDebtExpiryLocked",3,0,0,0,0,""
"src/SharpLink.Server/Admission/AdmissionDynamicRateState.cs",372,"SharpLink.Server","Method","Private","GetTokenCombinedDebtExpiryLocked",1,0,0,0,0,""
"src/SharpLink.Server/Admission/AdmissionDynamicRateState.cs",388,"SharpLink.Server","Method","Private","GetSlidingOwnDebtExpiryLocked",1,0,0,0,0,""
"src/SharpLink.Server/Admission/AdmissionDynamicRateState.cs",393,"SharpLink.Server","Method","Private","AdvanceLocked",18,0,0,0,0,""
"src/SharpLink.Server/Admission/AdmissionDynamicRateState.cs",412,"SharpLink.Server","Method","Private","AdvanceTokenBucketLocked",1,0,0,0,0,""
"src/SharpLink.Server/Admission/AdmissionDynamicRateState.cs",439,"SharpLink.Server","Method","Private","CompleteTokenTransitionBarrierLocked",1,0,0,0,0,""
"src/SharpLink.Server/Admission/AdmissionDynamicRateState.cs",452,"SharpLink.Server","Method","Private","AdvanceSlidingWindowLocked",1,0,0,0,0,""
"src/SharpLink.Server/Admission/AdmissionDynamicRateState.cs",485,"SharpLink.Server","Method","Private","GetNextAvailabilityTimestampLocked",1,0,0,0,0,""
"src/SharpLink.Server/Admission/AdmissionDynamicRateState.cs",503,"SharpLink.Server","Method","Private","GetNextTokenOwnAvailabilityLocked",1,0,0,0,0,""
"src/SharpLink.Server/Admission/AdmissionDynamicRateState.cs",517,"SharpLink.Server","Method","Private","GetNextSlidingOwnAvailabilityLocked",1,0,0,0,0,""
"src/SharpLink.Server/Admission/AdmissionDynamicRateState.cs",532,"SharpLink.Server","Method","Private","GrantWaitersLocked",6,0,0,0,0,""
"src/SharpLink.Server/Admission/AdmissionDynamicRateState.cs",551,"SharpLink.Server","Method","Private","ScheduleTimerLocked",7,0,0,0,0,""
"src/SharpLink.Server/Admission/AdmissionDynamicRateState.cs",575,"SharpLink.Server","Method","Private","OnTimer",2,0,0,0,0,""
"src/SharpLink.Server/Admission/AdmissionDynamicRateState.cs",587,"SharpLink.Server","Method","Private","CancelRateWaiter",1,0,0,0,0,"Interface implementation"
"src/SharpLink.Server/Admission/AdmissionDynamicRateState.cs",589,"SharpLink.Server","Method","Private","CancelWaiter",4,0,0,0,0,""
"src/SharpLink.Server/Admission/AdmissionDynamicRateState.cs",602,"SharpLink.Server","Method","Public","Dispose",43,0,271,17,0,"Entrypoint/lifecycle"
"src/SharpLink.Server/Admission/AdmissionDynamicRateState.cs",620,"SharpLink.Server","Method","Private","GetBarrierHorizonTimestampTicks",3,0,0,0,0,""
"src/SharpLink.Server/Admission/AdmissionDynamicRateState.cs",635,"SharpLink.Server","Method","Private","GetPeriodTimestampTicks",4,0,0,0,0,""
"src/SharpLink.Server/Admission/AdmissionDynamicRateState.cs",638,"SharpLink.Server","Method","Private","GetWindowTimestampTicks",2,0,0,0,0,""
"src/SharpLink.Server/Admission/AdmissionDynamicRateState.cs",641,"SharpLink.Server","Method","Private","GetSlidingSegmentTimestampTicks",3,0,0,0,0,""
"src/SharpLink.Server/Admission/AdmissionDynamicRateState.cs",644,"SharpLink.Server","Method","Private","ToTimestampTicks",6,0,0,0,0,""
"src/SharpLink.Server/Admission/AdmissionDynamicRateState.cs",653,"SharpLink.Server","Method","Private","TimestampDeltaToTimeSpan",3,0,0,0,0,""
"src/SharpLink.Server/Admission/AdmissionDynamicRateState.cs",662,"SharpLink.Server","Method","Private","DivideRoundUp",4,0,0,0,0,""
"src/SharpLink.Server/Admission/AdmissionDynamicRateState.cs",665,"SharpLink.Server","Method","Private","SaturatingAdd",25,0,0,0,0,""
"src/SharpLink.Server/Admission/AdmissionDynamicRateState.cs",672,"SharpLink.Server","Method","Private","SaturatingMultiply",9,0,0,0,0,""
"src/SharpLink.Server/Admission/AdmissionDynamicRateState.cs",679,"SharpLink.Server","Method","Private","ValidatePermitCount",4,0,0,0,0,""
"src/SharpLink.Server/Admission/AdmissionLimiterState.cs",10,"SharpLink.Server","NamedType","Internal","global::SharpLink.Server.ResizableConcurrencyState",43,0,34,0,0,""
"src/SharpLink.Server/Admission/AdmissionLimiterState.cs",12,"SharpLink.Server","Field","Private","UnversionedTarget",2,0,0,0,0,""
"src/SharpLink.Server/Admission/AdmissionLimiterState.cs",14,"SharpLink.Server","Field","Private","_gate",49,0,0,0,0,""
"src/SharpLink.Server/Admission/AdmissionLimiterState.cs",15,"SharpLink.Server","Field","Private","_targetVersionOwner",7,0,0,0,0,""
"src/SharpLink.Server/Admission/AdmissionLimiterState.cs",16,"SharpLink.Server","Field","Private","_waiterHead",7,0,0,0,0,""
"src/SharpLink.Server/Admission/AdmissionLimiterState.cs",17,"SharpLink.Server","Field","Private","_waiterTail",7,0,0,0,0,""
"src/SharpLink.Server/Admission/AdmissionLimiterState.cs",18,"SharpLink.Server","Field","Private","_waitingCount",8,0,0,0,0,""
"src/SharpLink.Server/Admission/AdmissionLimiterState.cs",19,"SharpLink.Server","Field","Private","_permitLimit",8,0,0,0,0,""
"src/SharpLink.Server/Admission/AdmissionLimiterState.cs",20,"SharpLink.Server","Field","Private","_active",23,0,0,0,0,""
"src/SharpLink.Server/Admission/AdmissionLimiterState.cs",22,"SharpLink.Server","Field","Private","_fastRejectUnavailable",3,0,0,0,0,""
"src/SharpLink.Server/Admission/AdmissionLimiterState.cs",24,"SharpLink.Server","Method","Internal","ResizableConcurrencyState",4,0,0,0,0,"Constructor/activation"
"src/SharpLink.Server/Admission/AdmissionLimiterState.cs",33,"SharpLink.Server","Property","Internal","PermitLimit",23,0,71,6,0,""
"src/SharpLink.Server/Admission/AdmissionLimiterState.cs",60,"SharpLink.Server","Property","Internal","TracksTargetVersion",3,0,0,0,0,""
"src/SharpLink.Server/Admission/AdmissionLimiterState.cs",63,"SharpLink.Server","Property","Internal","BeforeAttemptAcquireForTests",1,0,3,0,0,""
"src/SharpLink.Server/Admission/AdmissionLimiterState.cs",69,"SharpLink.Server","Property","Internal","AfterStableGrantVersionReadForTests",1,0,2,0,0,""
"src/SharpLink.Server/Admission/AdmissionLimiterState.cs",75,"SharpLink.Server","Method","Internal","IsLeaseFromTargetVersion",1,0,0,0,0,""
"src/SharpLink.Server/Admission/AdmissionLimiterState.cs",90,"SharpLink.Server","Method","Private","AttemptAcquireStableCore",1,0,0,0,0,""
"src/SharpLink.Server/Admission/AdmissionLimiterState.cs",108,"SharpLink.Server","Method","Internal","AcquireAsyncForAdmission",1,0,0,0,0,""
"src/SharpLink.Server/Admission/AdmissionLimiterState.cs",127,"SharpLink.Server","Method","Private","AcquireAsyncVersioned",2,0,0,0,0,""
"src/SharpLink.Server/Admission/AdmissionLimiterState.cs",181,"SharpLink.Server","Method","Private","AcquireAsyncUnversioned",2,0,0,0,0,""
"src/SharpLink.Server/Admission/AdmissionLimiterState.cs",210,"SharpLink.Server","Method","Internal","Resize",2,0,0,0,0,""
"src/SharpLink.Server/Admission/AdmissionLimiterState.cs",226,"SharpLink.Server","Method","Internal","GrantWaitersAfterTargetCommit",2,0,0,0,0,""
"src/SharpLink.Server/Admission/AdmissionLimiterState.cs",247,"SharpLink.Server","Method","Private","ReleasePermit",2,0,0,0,0,""
"src/SharpLink.Server/Admission/AdmissionLimiterState.cs",262,"SharpLink.Server","Method","Private","GrantWaitersForStableTarget",2,0,0,0,0,""
"src/SharpLink.Server/Admission/AdmissionLimiterState.cs",327,"SharpLink.Server","Method","Private","RefreshFastRejectStateLocked",8,0,0,0,0,""
"src/SharpLink.Server/Admission/AdmissionLimiterState.cs",343,"SharpLink.Server","Method","Private","EnqueueWaiterLocked",2,0,0,0,0,""
"src/SharpLink.Server/Admission/AdmissionLimiterState.cs",355,"SharpLink.Server","Method","Private","DequeueWaiterLocked",1,0,0,0,0,""
"src/SharpLink.Server/Admission/AdmissionLimiterState.cs",372,"SharpLink.Server","Method","Private","RemoveWaiterLocked",1,0,0,0,0,""
"src/SharpLink.Server/Admission/AdmissionLimiterState.cs",394,"SharpLink.Server","Method","Private","DetachAllWaitersLocked",1,0,0,0,0,""
"src/SharpLink.Server/Admission/AdmissionLimiterState.cs",408,"SharpLink.Server","Method","Private","CompleteGranted",9,0,0,0,0,""
"src/SharpLink.Server/Admission/AdmissionLimiterState.cs",419,"SharpLink.Server","Method","Private","CompleteFailed",5,0,0,0,0,""
"src/SharpLink.Server/Admission/AdmissionLimiterState.cs",436,"SharpLink.Server","NamedType","Private","global::SharpLink.Server.ResizableConcurrencyState.Waiter",33,0,0,0,0,""
"src/SharpLink.Server/Admission/AdmissionLimiterState.cs",442,"SharpLink.Server","Field","Private","_registration",8,0,0,0,0,""
"src/SharpLink.Server/Admission/AdmissionLimiterState.cs",443,"SharpLink.Server","Field","Private","_completed",8,0,0,0,0,""
"src/SharpLink.Server/Admission/AdmissionLimiterState.cs",445,"SharpLink.Server","Property","Internal","Owner",26,0,0,0,0,""
"src/SharpLink.Server/Admission/AdmissionLimiterState.cs",446,"SharpLink.Server","Property","Internal","CancellationToken",4,0,0,0,0,""
"src/SharpLink.Server/Admission/AdmissionLimiterState.cs",447,"SharpLink.Server","Property","Internal","Previous",14,0,0,0,0,""
"src/SharpLink.Server/Admission/AdmissionLimiterState.cs",448,"SharpLink.Server","Property","Internal","Next",25,0,0,0,0,""
"src/SharpLink.Server/Admission/AdmissionLimiterState.cs",449,"SharpLink.Server","Property","Internal","IsQueued",10,0,0,0,0,""
"src/SharpLink.Server/Admission/AdmissionLimiterState.cs",450,"SharpLink.Server","Property","Internal","CaptureTargetVersion",1,0,0,0,0,""
"src/SharpLink.Server/Admission/AdmissionLimiterState.cs",452,"SharpLink.Server","Method","Internal","SetRegistration",2,0,0,0,0,""
"src/SharpLink.Server/Admission/AdmissionLimiterState.cs",469,"SharpLink.Server","Method","Internal","CompleteCanceled",3,0,0,0,0,""
"src/SharpLink.Server/Admission/AdmissionLimiterState.cs",486,"SharpLink.Server","NamedType","Private","global::SharpLink.Server.ResizableConcurrencyState.ConcurrencyLease",3,0,0,0,0,""
"src/SharpLink.Server/Admission/AdmissionLimiterState.cs",488,"SharpLink.Server","Field","Private","_owner",40,0,0,0,0,""
"src/SharpLink.Server/Admission/AdmissionLimiterState.cs",490,"SharpLink.Server","Property","Public","IsAcquired",4,0,194,5,0,"Virtual dispatch"
"src/SharpLink.Server/Admission/AdmissionLimiterState.cs",504,"SharpLink.Server","NamedType","Private","global::SharpLink.Server.ResizableConcurrencyState.VersionedConcurrencyLease",3,0,0,0,0,""
"src/SharpLink.Server/Admission/AdmissionLimiterState.cs",510,"SharpLink.Server","Property","Internal","State",32,0,2,0,0,""
"src/SharpLink.Server/Admission/AdmissionLimiterState.cs",511,"SharpLink.Server","Property","Internal","TargetVersion",1,0,0,0,0,""
"src/SharpLink.Server/Admission/AdmissionLimiterState.cs",527,"SharpLink.Server","NamedType","Private","global::SharpLink.Server.ResizableConcurrencyState.FailedLease",7,0,0,0,0,""
"src/SharpLink.Server/Admission/AdmissionLimiterState.cs",529,"SharpLink.Server","Property","Internal","Instance",10,0,0,0,0,""
"src/SharpLink.Server/Admission/AdmissionLimiterState.cs",548,"SharpLink.Server","NamedType","Internal","global::SharpLink.Server.AdmissionRateState",57,0,70,0,0,""
"src/SharpLink.Server/Admission/AdmissionLimiterState.cs",550,"SharpLink.Server","Field","Private","_state",76,0,0,0,0,""
"src/SharpLink.Server/Admission/AdmissionLimiterState.cs",553,"SharpLink.Server","Method","Private","AdmissionRateState",3,0,0,0,0,"Constructor/activation"
"src/SharpLink.Server/Admission/AdmissionLimiterState.cs",561,"SharpLink.Server","Property","Internal","LineageIdentity",1,0,0,0,0,""
"src/SharpLink.Server/Admission/AdmissionLimiterState.cs",570,"SharpLink.Server","Method","Internal","OnPublished",3,0,12,0,0,""
"src/SharpLink.Server/Admission/AdmissionLimiterState.cs",576,"SharpLink.Server","Method","Internal","Create",22,0,215,12,10,""
"src/SharpLink.Server/Admission/AdmissionProgram.cs",8,"SharpLink.Server","NamedType","Internal","global::SharpLink.Server.AdmissionProgram",68,0,311,5,0,""
"src/SharpLink.Server/Admission/AdmissionProgram.cs",10,"SharpLink.Server","Field","Private","RetiredMask",6,0,0,0,0,""
"src/SharpLink.Server/Admission/AdmissionProgram.cs",11,"SharpLink.Server","Field","Private","UseCountMask",4,0,0,0,0,""
"src/SharpLink.Server/Admission/AdmissionProgram.cs",12,"SharpLink.Server","Field","Private","s_nextGenerationId",1,0,0,0,0,""
"src/SharpLink.Server/Admission/AdmissionProgram.cs",13,"SharpLink.Server","Field","Private","s_beforeProgramAttachForTests",3,0,0,0,0,""
"src/SharpLink.Server/Admission/AdmissionProgram.cs",15,"SharpLink.Server","Field","Private","_controller",3,0,0,0,0,""
"src/SharpLink.Server/Admission/AdmissionProgram.cs",16,"SharpLink.Server","Field","Private","_kernel",27,0,0,0,0,""
"src/SharpLink.Server/Admission/AdmissionProgram.cs",17,"SharpLink.Server","Field","Private","_useState",8,0,0,0,0,""
"src/SharpLink.Server/Admission/AdmissionProgram.cs",18,"SharpLink.Server","Field","Private","_duplicateReleaseAttempts",2,0,0,0,0,""
"src/SharpLink.Server/Admission/AdmissionProgram.cs",19,"SharpLink.Server","Field","Private","_reclaimState",3,0,0,0,0,""
"src/SharpLink.Server/Admission/AdmissionProgram.cs",20,"SharpLink.Server","Field","Private","_reclaimCount",2,0,0,0,0,""
"src/SharpLink.Server/Admission/AdmissionProgram.cs",22,"SharpLink.Server","Method","Private","AdmissionProgram",5,0,0,0,0,"Constructor/activation"
"src/SharpLink.Server/Admission/AdmissionProgram.cs",43,"SharpLink.Server","Property","Internal","Uninitialized",4,0,0,0,0,""
"src/SharpLink.Server/Admission/AdmissionProgram.cs",45,"SharpLink.Server","Property","Internal","Disabled",2,0,0,0,0,""
"src/SharpLink.Server/Admission/AdmissionProgram.cs",57,"SharpLink.Server","Property","Internal","GenerationId",2,0,1,0,0,""
"src/SharpLink.Server/Admission/AdmissionProgram.cs",59,"SharpLink.Server","Property","Internal","IsEnabled",19,0,0,0,0,""
"src/SharpLink.Server/Admission/AdmissionProgram.cs",61,"SharpLink.Server","Property","Internal","Controller",15,0,395,2,0,""
"src/SharpLink.Server/Admission/AdmissionProgram.cs",64,"SharpLink.Server","Property","Internal","Kernel",23,0,71,4,0,""
"src/SharpLink.Server/Admission/AdmissionProgram.cs",67,"SharpLink.Server","Property","Internal","QueueOneWayCalls",7,0,16,1,0,""
"src/SharpLink.Server/Admission/AdmissionProgram.cs",69,"SharpLink.Server","Property","Internal","ActiveUses",1,0,29,0,0,""
"src/SharpLink.Server/Admission/AdmissionProgram.cs",71,"SharpLink.Server","Property","Internal","IsRetired",2,0,21,0,0,""
"src/SharpLink.Server/Admission/AdmissionProgram.cs",84,"SharpLink.Server","Method","Internal","TryAcquireUse",4,0,41,0,0,""
"src/SharpLink.Server/Admission/AdmissionProgram.cs",101,"SharpLink.Server","Method","Internal","AcquireUse",1,0,0,0,0,""
"src/SharpLink.Server/Admission/AdmissionProgram.cs",108,"SharpLink.Server","Method","Internal","Retire",15,0,43,3,0,""
"src/SharpLink.Server/Admission/AdmissionProgram.cs",129,"SharpLink.Server","Method","Internal","ReleaseUse",17,0,56,0,0,""
"src/SharpLink.Server/Admission/AdmissionProgram.cs",150,"SharpLink.Server","Method","Internal","TryBeginReclaim",1,0,0,0,0,""
"src/SharpLink.Server/Admission/AdmissionProgram.cs",157,"SharpLink.Server","Method","Internal","CompleteReclaim",1,0,0,0,0,""
"src/SharpLink.Server/Admission/AdmissionRatePublication.cs",4,"SharpLink.Server","NamedType","Internal","global::SharpLink.Server.SharpLinkAdmissionController",30,0,44,32,0,""
"src/SharpLink.Server/Admission/AdmissionRatePublication.cs",6,"SharpLink.Server","Method","Internal","PublishRateTargets",2,0,0,0,0,""
"src/SharpLink.Server/Admission/AdmissionRatePublication.cs",14,"SharpLink.Server","NamedType","Internal","global::SharpLink.Server.AdmissionPartitionPool",15,0,47,0,0,""
"src/SharpLink.Server/Admission/AdmissionRatePublication.cs",16,"SharpLink.Server","Field","Private","_publishedPolicy",2,0,0,0,0,""
"src/SharpLink.Server/Admission/AdmissionRatePublication.cs",28,"SharpLink.Server","Method","Private","FinalizeNewEntryLocked",1,0,0,0,0,""
"src/SharpLink.Server/Admission/AdmissionRateState.FixedWindow.cs",8,"SharpLink.Server","Field","Private","FixedPrepared",1,0,0,0,0,""
"src/SharpLink.Server/Admission/AdmissionRateState.FixedWindow.cs",9,"SharpLink.Server","Field","Private","FixedCommitted",4,0,0,0,0,""
"src/SharpLink.Server/Admission/AdmissionRateState.FixedWindow.cs",10,"SharpLink.Server","Field","Private","FixedPublished",4,0,0,0,0,""
"src/SharpLink.Server/Admission/AdmissionRateState.FixedWindow.cs",11,"SharpLink.Server","Field","Private","FixedDisposed",4,0,0,0,0,""
"src/SharpLink.Server/Admission/AdmissionRateState.FixedWindow.cs",13,"SharpLink.Server","Field","Private","_fixedCounter",28,0,0,0,0,""
"src/SharpLink.Server/Admission/AdmissionRateState.FixedWindow.cs",14,"SharpLink.Server","Field","Private","_fixedSequence",5,0,0,0,0,""
"src/SharpLink.Server/Admission/AdmissionRateState.FixedWindow.cs",15,"SharpLink.Server","Field","Private","_fixedActivationMode",6,0,0,0,0,""
"src/SharpLink.Server/Admission/AdmissionRateState.FixedWindow.cs",16,"SharpLink.Server","Field","Private","_fixedActivationBoundary",4,0,0,0,0,""
"src/SharpLink.Server/Admission/AdmissionRateState.FixedWindow.cs",17,"SharpLink.Server","Field","Private","_fixedLifecycleState",10,0,0,0,0,""
"src/SharpLink.Server/Admission/AdmissionRateState.FixedWindow.cs",47,"SharpLink.Server","Property","Internal","Window",9,0,46,6,0,""
"src/SharpLink.Server/Admission/AdmissionRateState.FixedWindow.cs",56,"SharpLink.Server","Method","Private","CreateFixedSuccessor",1,0,0,0,0,""
"src/SharpLink.Server/Admission/AdmissionRateState.FixedWindow.cs",68,"SharpLink.Server","Method","Private","CommitFixedTransitionTo",1,0,0,0,0,""
"src/SharpLink.Server/Admission/AdmissionRateState.FixedWindow.cs",81,"SharpLink.Server","Method","Private","OnFixedPublished",1,0,0,0,0,""
"src/SharpLink.Server/Admission/AdmissionRateState.FixedWindow.cs",87,"SharpLink.Server","Method","Private","AttemptAcquireFixed",1,0,0,0,0,""
"src/SharpLink.Server/Admission/AdmissionRateState.FixedWindow.cs",96,"SharpLink.Server","Method","Private","AcquireFixedAsync",1,0,0,0,0,""
"src/SharpLink.Server/Admission/AdmissionRateState.FixedWindow.cs",107,"SharpLink.Server","Method","Private","DisposeFixed",1,0,0,0,0,""
"src/SharpLink.Server/Admission/AdmissionRateState.FixedWindow.cs",114,"SharpLink.Server","Method","Private","FinalizeFixedForCommit",1,0,0,0,0,""
"src/SharpLink.Server/Admission/AdmissionRateState.FixedWindow.cs",121,"SharpLink.Server","Method","Private","MarkFixedPublishedLocked",1,0,0,0,0,""
"src/SharpLink.Server/Admission/AdmissionRateState.FixedWindow.cs",127,"SharpLink.Server","Method","Private","ThrowIfFixedDisposed",3,0,0,0,0,""
"src/SharpLink.Server/Admission/AdmissionRateState.FixedWindow.cs",133,"SharpLink.Server","Method","Private","ValidateFixedPermitCount",2,0,0,0,0,""
"src/SharpLink.Server/Admission/AdmissionRateState.FixedWindowCounter.cs",7,"SharpLink.Server","NamedType","Private","global::SharpLink.Server.AdmissionRateState.Counter",5,0,0,0,0,""
"src/SharpLink.Server/Admission/AdmissionRateState.FixedWindowCounter.cs",12,"SharpLink.Server","Field","Private","_pendingPolicy",8,0,0,0,0,""
"src/SharpLink.Server/Admission/AdmissionRateState.FixedWindowCounter.cs",14,"SharpLink.Server","Field","Private","_windowStart",13,0,0,0,0,""
"src/SharpLink.Server/Admission/AdmissionRateState.FixedWindowCounter.cs",15,"SharpLink.Server","Field","Private","_activeWindowTimestampTicks",12,0,0,0,0,""
"src/SharpLink.Server/Admission/AdmissionRateState.FixedWindowCounter.cs",16,"SharpLink.Server","Field","Private","_consumed",10,0,0,0,0,""
"src/SharpLink.Server/Admission/AdmissionRateState.FixedWindowCounter.cs",17,"SharpLink.Server","Field","Private","_nextSequence",1,0,0,0,0,""
"src/SharpLink.Server/Admission/AdmissionRateState.FixedWindowCounter.cs",18,"SharpLink.Server","Field","Private","_retiredThroughSequence",3,0,0,0,0,""
"src/SharpLink.Server/Admission/AdmissionRateState.FixedWindowCounter.cs",19,"SharpLink.Server","Field","Private","_pendingBoundary",5,0,0,0,0,""
"src/SharpLink.Server/Admission/AdmissionRateState.FixedWindowCounter.cs",20,"SharpLink.Server","Field","Private","_activeLimit",10,0,0,0,0,""
"src/SharpLink.Server/Admission/AdmissionRateState.FixedWindowCounter.cs",21,"SharpLink.Server","Field","Private","_references",3,0,0,0,0,""
"src/SharpLink.Server/Admission/AdmissionRateState.FixedWindowCounter.cs",24,"SharpLink.Server","Method","Internal","Counter",1,0,0,0,0,"Constructor/activation"
"src/SharpLink.Server/Admission/AdmissionRateState.FixedWindowCounter.cs",37,"SharpLink.Server","Property","Internal","Consumed",1,0,0,0,0,""
"src/SharpLink.Server/Admission/AdmissionRateState.FixedWindowCounter.cs",49,"SharpLink.Server","Property","Internal","ActiveLimit",2,0,0,0,0,""
"src/SharpLink.Server/Admission/AdmissionRateState.FixedWindowCounter.cs",61,"SharpLink.Server","Property","Internal","QueuedLimit",1,0,0,0,0,""
"src/SharpLink.Server/Admission/AdmissionRateState.FixedWindowCounter.cs",63,"SharpLink.Server","Property","Internal","ActiveWindow",1,0,0,0,0,""
"src/SharpLink.Server/Admission/AdmissionRateState.FixedWindowCounter.cs",75,"SharpLink.Server","Property","Internal","HasPendingTarget",1,0,0,0,0,""
"src/SharpLink.Server/Admission/AdmissionRateState.FixedWindowCounter.cs",80,"SharpLink.Server","Method","Internal","ResolveActivation",1,0,0,0,0,""
"src/SharpLink.Server/Admission/AdmissionRateState.FixedWindowCounter.cs",113,"SharpLink.Server","Method","Internal","CreateSuccessor",1,0,0,0,0,""
"src/SharpLink.Server/Admission/AdmissionRateState.FixedWindowCounter.cs",145,"SharpLink.Server","Method","Internal","Publish",3,0,0,0,0,""
"src/SharpLink.Server/Admission/AdmissionRateState.FixedWindowCounter.cs",204,"SharpLink.Server","Method","Internal","ReleaseView",1,0,0,0,0,""
"src/SharpLink.Server/Admission/AdmissionRateState.FixedWindowCounter.cs",243,"SharpLink.Server","Method","Private","PublishLocked",2,0,0,0,0,""
"src/SharpLink.Server/Admission/AdmissionRateState.FixedWindowCounter.cs",276,"SharpLink.Server","Method","Private","GetDirectLimitLocked",1,0,0,0,0,""
"src/SharpLink.Server/Admission/AdmissionRateState.FixedWindowCounter.cs",313,"SharpLink.Server","Method","Private","ActivateLatePublishedPolicyLocked",1,0,0,0,0,""
"src/SharpLink.Server/Admission/AdmissionRateState.FixedWindowCounter.cs",405,"SharpLink.Server","Method","Private","ClearPendingLocked",2,0,0,0,0,""
"src/SharpLink.Server/Admission/AdmissionRateState.FixedWindowCounter.cs",411,"SharpLink.Server","Method","Private","ThrowIfDisposedLocked",4,0,0,0,0,""
"src/SharpLink.Server/Admission/AdmissionRateWaitQueue.cs",5,"SharpLink.Server","NamedType","Internal","global::SharpLink.Server.IAdmissionRateWaiterOwner",6,0,0,0,0,""
"src/SharpLink.Server/Admission/AdmissionRateWaitQueue.cs",14,"SharpLink.Server","NamedType","Internal","global::SharpLink.Server.AdmissionRateWaitQueue",8,0,0,0,0,""
"src/SharpLink.Server/Admission/AdmissionRateWaitQueue.cs",16,"SharpLink.Server","Field","Private","_head",7,0,0,0,0,""
"src/SharpLink.Server/Admission/AdmissionRateWaitQueue.cs",17,"SharpLink.Server","Field","Private","_tail",7,0,0,0,0,""
"src/SharpLink.Server/Admission/AdmissionRateWaitQueue.cs",18,"SharpLink.Server","Field","Private","_count",5,0,0,0,0,""
"src/SharpLink.Server/Admission/AdmissionRateWaitQueue.cs",20,"SharpLink.Server","Property","Internal","Count",13,0,34,0,0,""
"src/SharpLink.Server/Admission/AdmissionRateWaitQueue.cs",21,"SharpLink.Server","Property","Internal","IsEmpty",4,0,0,0,0,""
"src/SharpLink.Server/Admission/AdmissionRateWaitQueue.cs",23,"SharpLink.Server","Method","Internal","Enqueue",2,0,0,0,0,""
"src/SharpLink.Server/Admission/AdmissionRateWaitQueue.cs",35,"SharpLink.Server","Method","Internal","Dequeue",2,0,0,0,0,""
"src/SharpLink.Server/Admission/AdmissionRateWaitQueue.cs",52,"SharpLink.Server","Method","Internal","Remove",5,0,4,0,0,""
"src/SharpLink.Server/Admission/AdmissionRateWaitQueue.cs",73,"SharpLink.Server","Method","Internal","DetachAll",2,0,0,0,0,""
"src/SharpLink.Server/Admission/AdmissionRateWaitQueue.cs",110,"SharpLink.Server","NamedType","Internal","global::SharpLink.Server.AdmissionRateWaiter",43,0,0,0,0,""
"src/SharpLink.Server/Admission/AdmissionRateWaitQueue.cs",124,"SharpLink.Server","Method","Internal","RegisterCancellation",2,0,0,0,0,""
"src/SharpLink.Server/Admission/AdmissionRateWaitQueue.cs",165,"SharpLink.Server","NamedType","Internal","global::SharpLink.Server.AdmissionRateLeases",14,0,0,0,0,""
"src/SharpLink.Server/Admission/AdmissionRateWaitQueue.cs",167,"SharpLink.Server","Property","Internal","Acquired",5,0,0,0,0,""
"src/SharpLink.Server/Admission/AdmissionRateWaitQueue.cs",168,"SharpLink.Server","Property","Internal","Failed",9,0,0,0,0,""
"src/SharpLink.Server/Admission/AdmissionRateWaitQueue.cs",170,"SharpLink.Server","NamedType","Private","global::SharpLink.Server.AdmissionRateLeases.AcquiredLease",1,0,0,0,0,""
"src/SharpLink.Server/Admission/AdmissionRateWaitQueue.cs",182,"SharpLink.Server","NamedType","Private","global::SharpLink.Server.AdmissionRateLeases.FailedLease",1,0,0,0,0,""
"src/SharpLink.Server/Admission/AdmissionSingleSlot.cs",7,"SharpLink.Server","NamedType","Internal","global::SharpLink.Server.AdmissionSingleSlot",1,0,0,0,0,""
"src/SharpLink.Server/Admission/AdmissionSingleSlot.cs",9,"SharpLink.Server","Method","Internal","TryAcquire",12,0,46,0,0,""
"src/SharpLink.Server/Admission/AdmissionStateKernel.cs",8,"SharpLink.Server","NamedType","Internal","global::SharpLink.Server.AdmissionStateKernel",27,0,103,0,0,""
"src/SharpLink.Server/Admission/AdmissionStateKernel.cs",10,"SharpLink.Server","Field","Private","_accountingGate",8,0,0,0,0,""
"src/SharpLink.Server/Admission/AdmissionStateKernel.cs",11,"SharpLink.Server","Field","Private","_registryGate",23,0,0,0,0,""
"src/SharpLink.Server/Admission/AdmissionStateKernel.cs",12,"SharpLink.Server","Field","Private","_concurrencyStates",11,0,0,0,0,""
"src/SharpLink.Server/Admission/AdmissionStateKernel.cs",13,"SharpLink.Server","Field","Private","_publishedConcurrencyStates",6,0,0,0,0,""
"src/SharpLink.Server/Admission/AdmissionStateKernel.cs",14,"SharpLink.Server","Field","Private","_rateStates",12,0,0,0,0,""
"src/SharpLink.Server/Admission/AdmissionStateKernel.cs",15,"SharpLink.Server","Field","Private","_publishedRateStates",8,0,0,0,0,""
"src/SharpLink.Server/Admission/AdmissionStateKernel.cs",16,"SharpLink.Server","Field","Private","_partitionStates",12,0,0,0,0,""
"src/SharpLink.Server/Admission/AdmissionStateKernel.cs",17,"SharpLink.Server","Field","Private","_programs",8,0,0,0,0,""
"src/SharpLink.Server/Admission/AdmissionStateKernel.cs",18,"SharpLink.Server","Field","Private","_retiredPrograms",4,0,0,0,0,""
"src/SharpLink.Server/Admission/AdmissionStateKernel.cs",19,"SharpLink.Server","Field","Private","_draining",4,0,0,0,0,""
"src/SharpLink.Server/Admission/AdmissionStateKernel.cs",21,"SharpLink.Server","Field","Private","_queueDrained",3,0,0,0,0,""
"src/SharpLink.Server/Admission/AdmissionStateKernel.cs",22,"SharpLink.Server","Field","Private","_permitsDrainWaiter",3,0,0,0,0,""
"src/SharpLink.Server/Admission/AdmissionStateKernel.cs",23,"SharpLink.Server","Field","Private","_programsDrained",3,0,0,0,0,""
"src/SharpLink.Server/Admission/AdmissionStateKernel.cs",24,"SharpLink.Server","Field","Private","_queuedCalls",6,0,0,0,0,""
"src/SharpLink.Server/Admission/AdmissionStateKernel.cs",25,"SharpLink.Server","Field","Private","_queuedBytes",9,0,0,0,0,""
"src/SharpLink.Server/Admission/AdmissionStateKernel.cs",26,"SharpLink.Server","Field","Private","_activePermits",6,0,0,0,0,""
"src/SharpLink.Server/Admission/AdmissionStateKernel.cs",27,"SharpLink.Server","Field","Private","_concurrencyTargetVersion",4,0,0,0,0,""
"src/SharpLink.Server/Admission/AdmissionStateKernel.cs",28,"SharpLink.Server","Field","Private","_nextRateStateGeneration",1,0,0,0,0,""
"src/SharpLink.Server/Admission/AdmissionStateKernel.cs",29,"SharpLink.Server","Field","Private","_nextPartitionStateGeneration",1,0,0,0,0,""
"src/SharpLink.Server/Admission/AdmissionStateKernel.cs",30,"SharpLink.Server","Field","Private","_hasPublishedConcurrencyLineage",3,0,0,0,0,""
"src/SharpLink.Server/Admission/AdmissionStateKernel.cs",31,"SharpLink.Server","Field","Private","_hasPublishedRateLineage",3,0,0,0,0,""
"src/SharpLink.Server/Admission/AdmissionStateKernel.cs",32,"SharpLink.Server","Field","Private","_hasPublishedPartitionLineage",4,0,0,0,0,""
"src/SharpLink.Server/Admission/AdmissionStateKernel.cs",33,"SharpLink.Server","Field","Private","_publishedPartitionState",6,0,0,0,0,""
"src/SharpLink.Server/Admission/AdmissionStateKernel.cs",36,"SharpLink.Server","Method","Internal","AdmissionStateKernel",3,0,36,0,0,"Constructor/activation"
"src/SharpLink.Server/Admission/AdmissionStateKernel.cs",41,"SharpLink.Server","Property","Internal","DrainingToken",1,0,0,0,0,""
"src/SharpLink.Server/Admission/AdmissionStateKernel.cs",43,"SharpLink.Server","Property","Internal","IsDraining",11,0,11,0,0,""
"src/SharpLink.Server/Admission/AdmissionStateKernel.cs",45,"SharpLink.Server","Property","Internal","BeforeReclaimedStateDisposalForTests",1,0,2,0,0,""
"src/SharpLink.Server/Admission/AdmissionStateKernel.cs",47,"SharpLink.Server","Property","Internal","AfterConcurrencyResizeForTests",2,0,4,0,0,""
"src/SharpLink.Server/Admission/AdmissionStateKernel.cs",49,"SharpLink.Server","Property","Internal","ConcurrencyTargetTransitionObservedForTests",1,0,4,0,0,""
"src/SharpLink.Server/Admission/AdmissionStateKernel.cs",51,"SharpLink.Server","Property","Internal","QueuedCalls",1,0,104,0,0,""
"src/SharpLink.Server/Admission/AdmissionStateKernel.cs",53,"SharpLink.Server","Property","Internal","QueuedBytes",1,0,62,0,0,""
"src/SharpLink.Server/Admission/AdmissionStateKernel.cs",55,"SharpLink.Server","Property","Internal","ActivePermits",1,0,46,0,0,""
"src/SharpLink.Server/Admission/AdmissionStateKernel.cs",57,"SharpLink.Server","Method","Internal","ReadStableConcurrencyTargetVersion",4,0,0,0,0,""
"src/SharpLink.Server/Admission/AdmissionStateKernel.cs",70,"SharpLink.Server","Method","Internal","IsConcurrencyTargetVersionCurrent",6,0,0,0,0,""
"src/SharpLink.Server/Admission/AdmissionStateKernel.cs",73,"SharpLink.Server","Method","Internal","BeginConcurrencyTargetCommit",1,0,1,1,0,""
"src/SharpLink.Server/Admission/AdmissionStateKernel.cs",80,"SharpLink.Server","Method","Internal","CompleteConcurrencyTargetCommit",1,0,1,1,0,""
"src/SharpLink.Server/Admission/AdmissionStateKernel.cs",173,"SharpLink.Server","Method","Internal","RecordPublishedConcurrencyLineage",2,0,0,0,0,""
"src/SharpLink.Server/Admission/AdmissionStateKernel.cs",208,"SharpLink.Server","Method","Internal","RecordPublishedRateLineage",2,0,9,0,0,""
"src/SharpLink.Server/Admission/AdmissionStateKernel.cs",231,"SharpLink.Server","Method","Internal","RecordPublishedPartitionLineage",3,0,0,0,0,""
"src/SharpLink.Server/Admission/AdmissionStateKernel.cs",254,"SharpLink.Server","Method","Internal","CreateProgram",1,0,13,1,0,""
"src/SharpLink.Server/Admission/AdmissionStateKernel.cs",277,"SharpLink.Server","Method","Internal","CreateUpdateProgram",1,0,10,1,0,""
"src/SharpLink.Server/Admission/AdmissionStateKernel.cs",307,"SharpLink.Server","Method","Internal","AcquireRuleState",3,0,0,0,0,""
"src/SharpLink.Server/Admission/AdmissionStateKernel.cs",326,"SharpLink.Server","Method","Internal","AcquireRuleStateForUpdate",3,0,0,0,0,""
"src/SharpLink.Server/Admission/AdmissionStateKernel.cs",385,"SharpLink.Server","Method","Internal","AcquirePartitionState",1,0,0,0,0,""
"src/SharpLink.Server/Admission/AdmissionStateKernel.cs",432,"SharpLink.Server","Method","Internal","AcquirePartitionStateForUpdate",1,0,0,0,0,""
"src/SharpLink.Server/Admission/AdmissionStateKernel.cs",463,"SharpLink.Server","Method","Internal","RegisterProgram",1,0,0,0,0,""
"src/SharpLink.Server/Admission/AdmissionStateKernel.cs",478,"SharpLink.Server","Method","Internal","OnProgramRetired",1,0,0,0,0,""
"src/SharpLink.Server/Admission/AdmissionStateKernel.cs",487,"SharpLink.Server","Method","Internal","TryReclaimProgram",2,0,1,0,0,""
"src/SharpLink.Server/Admission/AdmissionStateKernel.cs",512,"SharpLink.Server","Method","Internal","ReleaseUnpublishedBindings",4,0,0,0,0,""
"src/SharpLink.Server/Admission/AdmissionStateKernel.cs",520,"SharpLink.Server","Method","Internal","TryReserveQueue",1,0,0,0,0,""
"src/SharpLink.Server/Admission/AdmissionStateKernel.cs",555,"SharpLink.Server","Method","Internal","ReleaseQueue",1,0,0,0,0,""
"src/SharpLink.Server/Admission/AdmissionStateKernel.cs",572,"SharpLink.Server","Method","Internal","TryReserveAdditionalQueuedBytes",1,0,0,0,0,""
"src/SharpLink.Server/Admission/AdmissionStateKernel.cs",584,"SharpLink.Server","Method","Internal","ReleaseAdditionalQueuedBytes",1,0,0,0,0,""
"src/SharpLink.Server/Admission/AdmissionStateKernel.cs",595,"SharpLink.Server","Method","Internal","OnLeaseCreated",2,0,0,0,0,""
"src/SharpLink.Server/Admission/AdmissionStateKernel.cs",602,"SharpLink.Server","Method","Internal","OnLeaseDisposed",1,0,0,0,0,""
"src/SharpLink.Server/Admission/AdmissionStateKernel.cs",619,"SharpLink.Server","Method","Internal","StopAccepting",7,0,3,0,0,""
"src/SharpLink.Server/Admission/AdmissionStateKernel.cs",636,"SharpLink.Server","Method","Public","DisposeAsync",9,0,33,17,0,"Entrypoint/lifecycle"
"src/SharpLink.Server/Admission/AdmissionStateKernel.cs",697,"SharpLink.Server","Method","Private","AcquireCompatibleConcurrencyLocked",1,0,0,0,0,""
"src/SharpLink.Server/Admission/AdmissionStateKernel.cs",725,"SharpLink.Server","Method","Private","CreateConcurrencyLocked",3,0,0,0,0,""
"src/SharpLink.Server/Admission/AdmissionStateKernel.cs",739,"SharpLink.Server","Method","Private","AddConcurrencyReferenceLocked",2,0,0,0,0,""
"src/SharpLink.Server/Admission/AdmissionStateKernel.cs",755,"SharpLink.Server","Method","Private","AcquireCompatibleRateLocked",1,0,0,0,0,""
"src/SharpLink.Server/Admission/AdmissionStateKernel.cs",782,"SharpLink.Server","Method","Private","CreateRateLocked",3,0,0,0,0,""
"src/SharpLink.Server/Admission/AdmissionStateKernel.cs",794,"SharpLink.Server","Method","Private","AddRateReferenceLocked",2,0,0,0,0,""
"src/SharpLink.Server/Admission/AdmissionStateKernel.cs",802,"SharpLink.Server","Method","Private","TryFindRateEntryLocked",3,0,0,0,0,""
"src/SharpLink.Server/Admission/AdmissionStateKernel.cs",821,"SharpLink.Server","Method","Private","HasOtherRateStateInLineageLocked",2,0,0,0,0,""
"src/SharpLink.Server/Admission/AdmissionStateKernel.cs",833,"SharpLink.Server","Method","Private","CollectUnreferencedRateAnchorsLocked",1,0,0,0,0,""
"src/SharpLink.Server/Admission/AdmissionStateKernel.cs",863,"SharpLink.Server","Method","Private","CreatePartitionStateLocked",2,0,0,0,0,""
"src/SharpLink.Server/Admission/AdmissionStateKernel.cs",877,"SharpLink.Server","Method","Private","SelectorsAreCompatible",3,0,0,0,0,""
"src/SharpLink.Server/Admission/AdmissionStateKernel.cs",887,"SharpLink.Server","Method","Private","ReleaseBindingsLocked",2,0,0,0,0,""
"src/SharpLink.Server/Admission/AdmissionStateKernel.cs",965,"SharpLink.Server","Method","Private","ThrowIfDisposed",8,0,0,0,0,""
"src/SharpLink.Server/Admission/AdmissionStateKernel.cs",971,"SharpLink.Server","Method","Private","DisposeStates",9,0,0,0,0,""
"src/SharpLink.Server/Admission/AdmissionStateKernel.cs",979,"SharpLink.Server","Method","Private","CompletedSignal",2,0,0,0,0,""
"src/SharpLink.Server/Admission/AdmissionStateKernel.cs",986,"SharpLink.Server","NamedType","Private","global::SharpLink.Server.AdmissionStateKernel.ConcurrencyStateEntry",7,0,0,0,0,""
"src/SharpLink.Server/Admission/AdmissionStateKernel.cs",991,"SharpLink.Server","Field","Internal","ProgramReferences",14,0,0,0,0,""
"src/SharpLink.Server/Admission/AdmissionStateKernel.cs",994,"SharpLink.Server","NamedType","Private","global::SharpLink.Server.AdmissionStateKernel.RateStateEntry",8,0,0,0,0,""
"src/SharpLink.Server/Admission/AdmissionStateKernel.cs",998,"SharpLink.Server","Field","Internal","RetainedLineageAnchor",4,0,0,0,0,""
"src/SharpLink.Server/Admission/AdmissionStateKernel.cs",1001,"SharpLink.Server","NamedType","Private","global::SharpLink.Server.AdmissionStateKernel.PartitionStateEntry",7,0,0,0,0,""
"src/SharpLink.Server/Admission/AdmissionStateKernel.cs",1006,"SharpLink.Server","Property","Internal","Pool",23,0,0,0,0,""
"src/SharpLink.Server/Admission/AdmissionStateKernel.cs",1007,"SharpLink.Server","Property","Internal","Selector",6,0,0,0,0,""
"src/SharpLink.Server/Admission/AdmissionStateKernel.cs",1012,"SharpLink.Server","NamedType","Internal","global::SharpLink.Server.AdmissionRuleStateScope",4,0,0,0,0,""
"src/SharpLink.Server/Admission/AdmissionStateKernel.cs",1014,"SharpLink.Server","Field","Public","Global",1,0,0,0,0,"Enum/protocol identity"
"src/SharpLink.Server/Admission/AdmissionStateKernel.cs",1015,"SharpLink.Server","Field","Public","Contract",1,0,0,0,0,"Enum/protocol identity"
"src/SharpLink.Server/Admission/AdmissionStateKernel.cs",1016,"SharpLink.Server","Field","Public","Method",1,0,0,0,0,"Enum/protocol identity"
"src/SharpLink.Server/Admission/AdmissionStateKernel.cs",1019,"SharpLink.Server","NamedType","Internal","global::SharpLink.Server.AdmissionRateStateKind",21,0,0,0,0,""
"src/SharpLink.Server/Admission/AdmissionStateKernel.cs",1021,"SharpLink.Server","Field","Public","None",14,2,12,0,0,"Enum/protocol identity"
"src/SharpLink.Server/Admission/AdmissionStateKernel.cs",1022,"SharpLink.Server","Field","Public","TokenBucket",8,0,0,0,0,"Enum/protocol identity"
"src/SharpLink.Server/Admission/AdmissionStateKernel.cs",1023,"SharpLink.Server","Field","Public","FixedWindow",3,0,0,0,0,"Enum/protocol identity"
"src/SharpLink.Server/Admission/AdmissionStateKernel.cs",1024,"SharpLink.Server","Field","Public","SlidingWindow",9,0,0,0,0,"Enum/protocol identity"
"src/SharpLink.Server/Admission/AdmissionStateKernel.cs",1027,"SharpLink.Server","NamedType","Internal","global::SharpLink.Server.AdmissionRateStateDefinition",19,0,0,0,0,""
"src/SharpLink.Server/Admission/AdmissionStateKernel.cs",1059,"SharpLink.Server","NamedType","Internal","global::SharpLink.Server.AdmissionRuleStateDefinition",5,0,0,0,0,""
"src/SharpLink.Server/Admission/AdmissionStateKernel.cs",1069,"SharpLink.Server","NamedType","Internal","global::SharpLink.Server.AdmissionRuleStateKey",24,0,5,0,0,""
"src/SharpLink.Server/Admission/AdmissionStateKernel.cs",1074,"SharpLink.Server","Property","Internal","Global",9,0,192,18,2,""
"src/SharpLink.Server/Admission/AdmissionStateKernel.cs",1077,"SharpLink.Server","Method","Internal","Contract",2,0,1,0,0,""
"src/SharpLink.Server/Admission/AdmissionStateKernel.cs",1080,"SharpLink.Server","Method","Internal","Method",2,0,1,0,0,""
"src/SharpLink.Server/Admission/AdmissionStateKernel.cs",1084,"SharpLink.Server","NamedType","Internal","global::SharpLink.Server.AdmissionRateStateKey",6,0,0,0,0,""
"src/SharpLink.Server/Admission/AdmissionStateKernel.cs",1090,"SharpLink.Server","NamedType","Internal","global::SharpLink.Server.AdmissionPartitionStateKey",3,0,0,0,0,""
"src/SharpLink.Server/Admission/AdmissionStateKernel.cs",1092,"SharpLink.Server","NamedType","Internal","global::SharpLink.Server.AdmissionRuleStateBinding",20,0,0,0,0,""
"src/SharpLink.Server/Admission/AdmissionStateKernel.cs",1098,"SharpLink.Server","NamedType","Internal","global::SharpLink.Server.AdmissionPartitionStateBinding",14,0,0,0,0,""
"src/SharpLink.Server/Admission/AdmissionStateKernel.cs",1104,"SharpLink.Server","NamedType","Internal","global::SharpLink.Server.AdmissionConcurrencyResize",7,0,0,0,0,""
"src/SharpLink.Server/Admission/AdmissionStateKernel.cs",1108,"SharpLink.Server","NamedType","Internal","global::SharpLink.Server.AdmissionRateTransition",10,0,0,0,0,""
"src/SharpLink.Server/Admission/AdmissionStateKernel.cs",1113,"SharpLink.Server","NamedType","Internal","global::SharpLink.Server.AdmissionUpdatePlan",7,0,20,1,0,""
"src/SharpLink.Server/Admission/AdmissionStateKernel.cs",1115,"SharpLink.Server","Field","Private","_resizes",7,0,0,0,0,""
"src/SharpLink.Server/Admission/AdmissionStateKernel.cs",1116,"SharpLink.Server","Field","Private","_rateTransitions",3,0,0,0,0,""
"src/SharpLink.Server/Admission/AdmissionStateKernel.cs",1117,"SharpLink.Server","Field","Private","_partitionUpdate",4,0,0,0,0,""
"src/SharpLink.Server/Admission/AdmissionStateKernel.cs",1118,"SharpLink.Server","Field","Private","_committed",2,0,0,0,0,""
"src/SharpLink.Server/Admission/AdmissionStateKernel.cs",1120,"SharpLink.Server","Method","Internal","AdmissionUpdatePlan",1,0,0,0,0,"Constructor/activation"
"src/SharpLink.Server/Admission/AdmissionStateKernel.cs",1138,"SharpLink.Server","Property","Internal","RequiresTargetCommit",1,0,1,1,0,""
"src/SharpLink.Server/Admission/AdmissionStateKernel.cs",1140,"SharpLink.Server","Method","Internal","Commit",3,0,17,2,0,""
"src/SharpLink.Server/Admission/ServerCallAdmission.cs",3,"SharpLink.Server","NamedType","Internal","global::SharpLink.Server.ServerCallAdmissionResult",30,0,50,2,0,""
"src/SharpLink.Server/Admission/ServerCallAdmission.cs",5,"SharpLink.Server","Field","Public","Acquired",5,0,30,1,0,"Enum/protocol identity"
"src/SharpLink.Server/Admission/ServerCallAdmission.cs",6,"SharpLink.Server","Field","Public","Unavailable",4,0,1,0,0,"Enum/protocol identity"
"src/SharpLink.Server/Admission/ServerCallAdmission.cs",7,"SharpLink.Server","Field","Public","PerConnectionCapacityExhausted",4,0,4,0,0,"Enum/protocol identity"
"src/SharpLink.Server/Admission/ServerCallAdmission.cs",8,"SharpLink.Server","Field","Public","ServerCapacityExhausted",4,0,4,0,0,"Enum/protocol identity"
"src/SharpLink.Server/Admission/ServerCallAdmission.cs",17,"SharpLink.Server","NamedType","Internal","global::SharpLink.Server.ServerCallAdmission",4,0,5,0,0,""
"src/SharpLink.Server/Admission/ServerCallAdmission.cs",19,"SharpLink.Server","Field","Private","_server",74,0,0,0,0,""
"src/SharpLink.Server/Admission/ServerCallAdmission.cs",20,"SharpLink.Server","Field","Private","_limits",5,0,0,0,0,""
"src/SharpLink.Server/Admission/ServerCallAdmission.cs",21,"SharpLink.Server","Field","Private","_globalActiveCalls",3,0,0,0,0,""
"src/SharpLink.Server/Admission/ServerCallAdmission.cs",22,"SharpLink.Server","Field","Private","_pendingCallAdmissions",3,0,0,0,0,""
"src/SharpLink.Server/Admission/ServerCallAdmission.cs",24,"SharpLink.Server","Method","Internal","ServerCallAdmission",1,0,0,0,0,"Constructor/activation"
"src/SharpLink.Server/Admission/ServerCallAdmission.cs",36,"SharpLink.Server","Property","Internal","ActiveCallCount",6,0,0,0,0,""
"src/SharpLink.Server/Admission/ServerCallAdmission.cs",38,"SharpLink.Server","Property","Internal","PendingCallAdmissions",3,0,0,0,0,""
"src/SharpLink.Server/Admission/ServerCallAdmission.cs",40,"SharpLink.Server","Property","Internal","MaxConcurrentCallsPerConnection",6,0,0,0,0,""
"src/SharpLink.Server/Admission/ServerCallAdmission.cs",43,"SharpLink.Server","Property","Internal","MaxConcurrentCallsPerServer",4,0,0,0,0,""
"src/SharpLink.Server/Admission/ServerCallAdmission.cs",46,"SharpLink.Server","Property","Internal","ResourceGovernor",9,0,0,0,0,""
"src/SharpLink.Server/Admission/ServerCallAdmission.cs",48,"SharpLink.Server","Method","Internal","UpdateLimits",2,0,0,0,0,""
"src/SharpLink.Server/Admission/ServerCallAdmission.cs",54,"SharpLink.Server","Method","Internal","TryAcquireCall",3,0,33,1,0,""
"src/SharpLink.Server/Admission/ServerCallAdmission.cs",103,"SharpLink.Server","Method","Internal","TryReserveCall",8,0,12,0,0,""
"src/SharpLink.Server/Admission/ServerCallAdmission.cs",142,"SharpLink.Server","Method","Internal","ReleaseCall",6,0,23,1,0,""
"src/SharpLink.Server/Admission/ServerCallAdmission.cs",151,"SharpLink.Server","Method","Private","TryAcquireGlobalCall",1,0,0,0,0,""
"src/SharpLink.Server/Admission/ServerCallAdmission.cs",161,"SharpLink.Server","Method","Private","ReleaseGlobalCall",1,0,0,0,0,""
"src/SharpLink.Server/Admission/ServerCallAdmission.cs",168,"SharpLink.Server","Method","Private","EndPendingCallAdmission",1,0,0,0,0,""
"src/SharpLink.Server/Admission/ServerCallAdmission.cs",183,"SharpLink.Server","NamedType","Internal","global::SharpLink.Server.ServerRequestPermit",29,0,23,0,0,""
"src/SharpLink.Server/Admission/ServerCallAdmission.cs",185,"SharpLink.Server","Field","Private","Reserved",20,0,0,0,0,""
"src/SharpLink.Server/Admission/ServerCallAdmission.cs",186,"SharpLink.Server","Field","Private","Activating",6,0,0,0,0,""
"src/SharpLink.Server/Admission/ServerCallAdmission.cs",187,"SharpLink.Server","Field","Private","Active",11,0,0,0,0,""
"src/SharpLink.Server/Admission/ServerCallAdmission.cs",188,"SharpLink.Server","Field","Private","Releasing",11,0,0,0,0,""
"src/SharpLink.Server/Admission/ServerCallAdmission.cs",189,"SharpLink.Server","Field","Private","Disposed",12,0,0,0,0,""
"src/SharpLink.Server/Admission/ServerCallAdmission.cs",191,"SharpLink.Server","Field","Private","_admission",4,0,0,0,0,""
"src/SharpLink.Server/Admission/ServerCallAdmission.cs",192,"SharpLink.Server","Field","Private","_connection",2,0,0,0,0,""
"src/SharpLink.Server/Admission/ServerCallAdmission.cs",193,"SharpLink.Server","Field","Private","_testHooks",8,0,0,0,0,""
"src/SharpLink.Server/Admission/ServerCallAdmission.cs",194,"SharpLink.Server","Field","Private","_resourceGate",14,0,0,0,0,""
"src/SharpLink.Server/Admission/ServerCallAdmission.cs",195,"SharpLink.Server","Field","Private","_decodePermit",10,0,0,0,0,""
"src/SharpLink.Server/Admission/ServerCallAdmission.cs",198,"SharpLink.Server","Method","Internal","ServerRequestPermit",1,0,0,0,0,"Constructor/activation"
"src/SharpLink.Server/Admission/ServerCallAdmission.cs",212,"SharpLink.Server","Property","Internal","IsReserved",2,0,3,0,0,""
"src/SharpLink.Server/Admission/ServerCallAdmission.cs",214,"SharpLink.Server","Property","Internal","IsActive",1,0,2,0,0,""
"src/SharpLink.Server/Admission/ServerCallAdmission.cs",216,"SharpLink.Server","Method","Internal","TryAcquireDecodePermit",2,0,10,0,0,""
"src/SharpLink.Server/Admission/ServerCallAdmission.cs",270,"SharpLink.Server","Method","Internal","ReleaseDecodeResources",8,0,1,0,0,""
"src/SharpLink.Server/Admission/ServerCallAdmission.cs",297,"SharpLink.Server","Method","Internal","TransferDecodedBytesTo",2,0,0,0,0,""
"src/SharpLink.Server/Admission/ServerCallAdmission.cs",326,"SharpLink.Server","Method","Internal","Activate",3,0,12,0,0,""
"src/SharpLink.Server/Admission/ServerCallAdmission.cs",395,"SharpLink.Server","Method","Private","TryClaimRelease",2,0,0,0,0,""
"src/SharpLink.Server/Admission/ServerCallAdmission.cs",407,"SharpLink.Server","Method","Private","ReleaseBackingCapacity",4,0,0,0,0,""
"src/SharpLink.Server/Admission/ServerCallAdmission.cs",438,"SharpLink.Server","NamedType","Internal","global::SharpLink.Server.ServerRequestPermitTestHooks",6,0,1,0,0,""
"src/SharpLink.Server/Admission/ServerCallAdmission.cs",440,"SharpLink.Server","Property","Internal","ReleaseClaimed",1,0,1,0,0,""
"src/SharpLink.Server/Admission/ServerCallAdmission.cs",442,"SharpLink.Server","Property","Internal","DisposeObservedReleasing",2,0,2,0,0,""
"src/SharpLink.Server/Admission/ServerCallCapacityLimits.cs",7,"SharpLink.Server","NamedType","Internal","global::SharpLink.Server.ServerCallCapacityLimits",8,0,0,0,0,""
"src/SharpLink.Server/Admission/ServerCallCapacityLimits.cs",9,"SharpLink.Server","Method","Private","ServerCallCapacityLimits",1,0,0,0,0,"Constructor/activation"
"src/SharpLink.Server/Admission/ServerCallCapacityLimits.cs",21,"SharpLink.Server","Method","Internal","CreateValidated",3,0,0,0,0,""
"src/SharpLink.Server/Admission/ServerConnectionAdmission.cs",6,"SharpLink.Server","NamedType","Internal","global::SharpLink.Server.ConnectionAdmissionRejectionReason",2,0,0,0,0,""
"src/SharpLink.Server/Admission/ServerConnectionAdmission.cs",8,"SharpLink.Server","Field","Internal","ConnectionLimit",1,0,0,0,0,""
"src/SharpLink.Server/Admission/ServerConnectionAdmission.cs",9,"SharpLink.Server","Field","Internal","HandshakeLimit",1,0,0,0,0,""
"src/SharpLink.Server/Admission/ServerConnectionAdmission.cs",19,"SharpLink.Server","NamedType","Internal","global::SharpLink.Server.ServerConnectionAdmission",10,0,11,0,0,""
"src/SharpLink.Server/Admission/ServerConnectionAdmission.cs",21,"SharpLink.Server","Field","Private","_targets",7,0,0,0,0,""
"src/SharpLink.Server/Admission/ServerConnectionAdmission.cs",22,"SharpLink.Server","Field","Private","_activeConnections",4,0,0,0,0,""
"src/SharpLink.Server/Admission/ServerConnectionAdmission.cs",23,"SharpLink.Server","Field","Private","_activeHandshakes",4,0,0,0,0,""
"src/SharpLink.Server/Admission/ServerConnectionAdmission.cs",25,"SharpLink.Server","Method","Internal","ServerConnectionAdmission",1,0,11,0,0,"Constructor/activation"
"src/SharpLink.Server/Admission/ServerConnectionAdmission.cs",28,"SharpLink.Server","Property","Internal","TargetSnapshot",1,0,0,0,0,""
"src/SharpLink.Server/Admission/ServerConnectionAdmission.cs",37,"SharpLink.Server","Property","Internal","MaxConnections",4,0,7,0,0,""
"src/SharpLink.Server/Admission/ServerConnectionAdmission.cs",39,"SharpLink.Server","Property","Internal","MaxHandshakes",4,0,8,0,0,""
"src/SharpLink.Server/Admission/ServerConnectionAdmission.cs",45,"SharpLink.Server","Method","Internal","UpdateTargets",2,0,6,0,0,""
"src/SharpLink.Server/Admission/ServerConnectionAdmission.cs",51,"SharpLink.Server","Method","Internal","TryAcquireConnection",1,0,23,0,0,""
"src/SharpLink.Server/Admission/ServerConnectionAdmission.cs",67,"SharpLink.Server","Method","Internal","TryAcquireHandshake",1,0,15,0,0,""
"src/SharpLink.Server/Admission/ServerConnectionAdmission.cs",83,"SharpLink.Server","Method","Private","ReleaseConnection",2,0,17,0,0,""
"src/SharpLink.Server/Admission/ServerConnectionAdmission.cs",90,"SharpLink.Server","Method","Private","ReleaseHandshake",3,0,9,0,0,""
"src/SharpLink.Server/Admission/ServerConnectionAdmission.cs",97,"SharpLink.Server","NamedType","Private","global::SharpLink.Server.ServerConnectionAdmission.AdmissionTargets",6,0,0,0,0,""
"src/SharpLink.Server/Admission/ServerConnectionAdmission.cs",99,"SharpLink.Server","Method","Private","AdmissionTargets",1,0,0,0,0,"Constructor/activation"
"src/SharpLink.Server/Admission/ServerConnectionAdmission.cs",130,"SharpLink.Server","NamedType","Internal","global::SharpLink.Server.ServerConnectionAdmission.Lease",7,0,18,0,0,""
"src/SharpLink.Server/Admission/ServerConnectionAdmission.cs",133,"SharpLink.Server","Field","Private","_connectionReleased",1,0,0,0,0,""
"src/SharpLink.Server/Admission/ServerConnectionAdmission.cs",134,"SharpLink.Server","Field","Private","_handshakeHeld",2,0,0,0,0,""
"src/SharpLink.Server/Admission/ServerConnectionAdmission.cs",135,"SharpLink.Server","Field","Private","_handshakeReleased",1,0,0,0,0,""
"src/SharpLink.Server/Admission/ServerConnectionAdmission.cs",137,"SharpLink.Server","Method","Internal","Lease",1,0,0,0,0,"Constructor/activation"
"src/SharpLink.Server/Admission/ServerConnectionAdmission.cs",140,"SharpLink.Server","Method","Internal","MarkHandshakeHeld",1,0,0,0,0,""
"src/SharpLink.Server/Admission/SharpLinkAdmissionController.cs",12,"SharpLink.Server","Field","Private","_global",10,0,0,0,0,""
"src/SharpLink.Server/Admission/SharpLinkAdmissionController.cs",13,"SharpLink.Server","Field","Private","_contracts",9,0,0,0,0,""
"src/SharpLink.Server/Admission/SharpLinkAdmissionController.cs",14,"SharpLink.Server","Field","Private","_methods",9,0,0,0,0,""
"src/SharpLink.Server/Admission/SharpLinkAdmissionController.cs",15,"SharpLink.Server","Field","Private","_maxQueuedCalls",4,0,0,0,0,""
"src/SharpLink.Server/Admission/SharpLinkAdmissionController.cs",16,"SharpLink.Server","Field","Private","_maxQueuedBytes",4,0,0,0,0,""
"src/SharpLink.Server/Admission/SharpLinkAdmissionController.cs",17,"SharpLink.Server","Field","Private","_maxQueueDelay",4,0,0,0,0,""
"src/SharpLink.Server/Admission/SharpLinkAdmissionController.cs",18,"SharpLink.Server","Field","Private","_queueOneWayCalls",2,0,0,0,0,""
"src/SharpLink.Server/Admission/SharpLinkAdmissionController.cs",20,"SharpLink.Server","Field","Private","_partitions",9,0,0,0,0,""
"src/SharpLink.Server/Admission/SharpLinkAdmissionController.cs",21,"SharpLink.Server","Field","Private","_ruleStateBindings",5,0,0,0,0,""
"src/SharpLink.Server/Admission/SharpLinkAdmissionController.cs",22,"SharpLink.Server","Field","Private","_partitionStateBinding",5,0,0,0,0,""
"src/SharpLink.Server/Admission/SharpLinkAdmissionController.cs",23,"SharpLink.Server","Field","Private","_ownsKernel",4,0,0,0,0,""
"src/SharpLink.Server/Admission/SharpLinkAdmissionController.cs",24,"SharpLink.Server","Field","Private","_program",3,0,0,0,0,""
"src/SharpLink.Server/Admission/SharpLinkAdmissionController.cs",26,"SharpLink.Server","Method","Private","SharpLinkAdmissionController",5,0,0,0,0,"Constructor/activation"
"src/SharpLink.Server/Admission/SharpLinkAdmissionController.cs",56,"SharpLink.Server","Method","Internal","CreateDisabled",1,0,7,1,0,""
"src/SharpLink.Server/Admission/SharpLinkAdmissionController.cs",191,"SharpLink.Server","Method","Internal","CreateUpdate",1,0,0,0,0,""
"src/SharpLink.Server/Admission/SharpLinkAdmissionController.cs",329,"SharpLink.Server","Property","Internal","Program",2,0,2,0,0,""
"src/SharpLink.Server/Admission/SharpLinkAdmissionController.cs",334,"SharpLink.Server","Property","Internal","RuleStateBindings",3,0,2,0,0,""
"src/SharpLink.Server/Admission/SharpLinkAdmissionController.cs",336,"SharpLink.Server","Property","Internal","PartitionStateBinding",2,0,0,0,0,""
"src/SharpLink.Server/Admission/SharpLinkAdmissionController.cs",368,"SharpLink.Server","Method","Internal","AttachProgram",1,0,0,0,0,""
"src/SharpLink.Server/Admission/SharpLinkAdmissionController.cs",375,"SharpLink.Server","Method","Internal","DetachReclaimedState",1,0,0,0,0,""
"src/SharpLink.Server/Admission/SharpLinkAdmissionController.cs",451,"SharpLink.Server","Method","Internal","GrantConcurrencyWaitersAfterTargetCommit",2,0,1,1,0,""
"src/SharpLink.Server/Admission/SharpLinkAdmissionController.cs",458,"SharpLink.Server","Method","Private","CreateRequest",1,0,0,0,0,""
"src/SharpLink.Server/Admission/SharpLinkAdmissionController.cs",477,"SharpLink.Server","Method","Private","WaitForAdmissionAsync",1,0,0,0,0,""
"src/SharpLink.Server/Admission/SharpLinkAdmissionController.cs",577,"SharpLink.Server","Method","Private","RejectExpiredAdmissionWait",4,0,0,0,0,""
"src/SharpLink.Server/Admission/SharpLinkAdmissionController.cs",599,"SharpLink.Server","Method","Private","ResolveRuleOptions",2,0,0,0,0,""
"src/SharpLink.Server/Admission/SharpLinkAdmissionController.cs",667,"SharpLink.Server","NamedType","Internal","global::SharpLink.Server.AdmissionDecision",38,0,248,7,0,""
"src/SharpLink.Server/Admission/SharpLinkAdmissionController.cs",674,"SharpLink.Server","Method","Internal","Accept",2,0,0,0,0,""
"src/SharpLink.Server/Admission/SharpLinkAdmissionController.cs",676,"SharpLink.Server","Method","Internal","Reject",17,0,0,0,0,""
"src/SharpLink.Server/Admission/SharpLinkAdmissionController.cs",685,"SharpLink.Server","NamedType","Internal","global::SharpLink.Server.AdmissionLease",13,0,12,4,0,""
"src/SharpLink.Server/Admission/SharpLinkAdmissionController.cs",688,"SharpLink.Server","Field","Private","_singleLease",2,0,0,0,0,""
"src/SharpLink.Server/Admission/SharpLinkAdmissionController.cs",689,"SharpLink.Server","Field","Private","_leases",2,0,0,0,0,""
"src/SharpLink.Server/Admission/SharpLinkAdmissionController.cs",690,"SharpLink.Server","Field","Private","_partition",12,0,0,0,0,""
"src/SharpLink.Server/Admission/SharpLinkAdmissionController.cs",692,"SharpLink.Server","Method","Internal","AdmissionLease",2,0,0,0,0,"Constructor/activation"
"src/SharpLink.Server/Admission/SharpLinkAdmissionController.cs",731,"SharpLink.Server","NamedType","Internal","global::SharpLink.Server.AdmissionRequest",4,0,7,0,0,""
"src/SharpLink.Server/Admission/SharpLinkAdmissionController.cs",737,"SharpLink.Server","Field","Private","_retainedLeases",4,0,0,0,0,""
"src/SharpLink.Server/Admission/SharpLinkAdmissionController.cs",739,"SharpLink.Server","Field","Private","_tracksConcurrencyTargetVersion",5,0,0,0,0,""
"src/SharpLink.Server/Admission/SharpLinkAdmissionController.cs",742,"SharpLink.Server","Property","Internal","TracksConcurrencyTargetVersion",1,0,0,0,0,""
"src/SharpLink.Server/Admission/SharpLinkAdmissionController.cs",750,"SharpLink.Server","Method","Internal","TryAcquireUsing",1,0,1,0,0,""
"src/SharpLink.Server/Admission/SharpLinkAdmissionController.cs",758,"SharpLink.Server","Method","Private","TryAcquireCore",2,0,0,0,0,""
"src/SharpLink.Server/Admission/SharpLinkAdmissionController.cs",890,"SharpLink.Server","Method","Private","DisposeAttemptLeases",2,0,0,0,0,""
"src/SharpLink.Server/Admission/SharpLinkAdmissionController.cs",904,"SharpLink.Server","Method","Private","ResetSuppliedConcurrency",2,0,0,0,0,""
"src/SharpLink.Server/Admission/SharpLinkAdmissionController.cs",920,"SharpLink.Server","Method","Private","HasRetainedSlot",1,0,0,0,0,""
"src/SharpLink.Server/Admission/SharpLinkAdmissionController.cs",928,"SharpLink.Server","Method","Private","HasMultipleVersionedConcurrencySlots",1,0,0,0,0,""
"src/SharpLink.Server/Admission/SharpLinkAdmissionController.cs",944,"SharpLink.Server","NamedType","Internal","global::SharpLink.Server.AdmissionLimiterSlot",18,0,12,0,0,""
"src/SharpLink.Server/Admission/SharpLinkAdmissionController.cs",951,"SharpLink.Server","NamedType","Internal","global::SharpLink.Server.AdmissionRuleRuntime",32,0,1,0,0,""
"src/SharpLink.Server/Admission/SharpLinkAdmissionController.cs",953,"SharpLink.Server","Field","Private","_slots",5,0,0,0,0,""
"src/SharpLink.Server/Admission/SharpLinkAdmissionController.cs",954,"SharpLink.Server","Field","Private","_ownsStates",2,0,0,0,0,""
"src/SharpLink.Server/Admission/SharpLinkAdmissionController.cs",956,"SharpLink.Server","Method","Private","AdmissionRuleRuntime",2,0,0,0,0,"Constructor/activation"
"src/SharpLink.Server/Admission/SharpLinkAdmissionController.cs",974,"SharpLink.Server","Property","Internal","SlotCount",4,0,4,0,0,""
"src/SharpLink.Server/Admission/SharpLinkAdmissionController.cs",976,"SharpLink.Server","Property","Internal","ConcurrencyState",10,0,0,0,0,""
"src/SharpLink.Server/Admission/SharpLinkAdmissionController.cs",978,"SharpLink.Server","Property","Internal","RateState",14,0,1,0,0,""
"src/SharpLink.Server/Admission/SharpLinkAdmissionController.cs",982,"SharpLink.Server","Property","Internal","SharedStateForTests",3,0,0,0,0,""
"src/SharpLink.Server/Admission/SharpLinkAdmissionController.cs",984,"SharpLink.Server","Method","Internal","CreateBound",4,0,0,0,0,""
"src/SharpLink.Server/Admission/SharpLinkAdmissionController.cs",1014,"SharpLink.Server","Method","Internal","AppendTo",4,0,4,0,0,""
"src/SharpLink.Server/Admission/SharpLinkAdmissionController.cs",1035,"SharpLink.Server","Field","Private","_selector",2,0,0,0,0,""
"src/SharpLink.Server/Admission/SharpLinkAdmissionController.cs",1040,"SharpLink.Server","Field","Private","_entries",19,0,0,0,0,""
"src/SharpLink.Server/Admission/SharpLinkAdmissionController.cs",1041,"SharpLink.Server","Field","Private","_options",11,0,0,0,0,""
"src/SharpLink.Server/Admission/SharpLinkAdmissionController.cs",1042,"SharpLink.Server","Field","Private","_currentPolicy",9,0,0,0,0,""
"src/SharpLink.Server/Admission/SharpLinkAdmissionController.cs",1043,"SharpLink.Server","Field","Private","_policies",8,0,0,0,0,""
"src/SharpLink.Server/Admission/SharpLinkAdmissionController.cs",1044,"SharpLink.Server","Field","Private","_hasIdleExpiryHint",5,0,0,0,0,""
"src/SharpLink.Server/Admission/SharpLinkAdmissionController.cs",1045,"SharpLink.Server","Field","Private","_earliestIdleSince",4,0,0,0,0,""
"src/SharpLink.Server/Admission/SharpLinkAdmissionController.cs",1046,"SharpLink.Server","Field","Private","_reclaimScanCount",2,0,0,0,0,""
"src/SharpLink.Server/Admission/SharpLinkAdmissionController.cs",1047,"SharpLink.Server","Field","Private","_reclaimEntriesVisited",2,0,0,0,0,""
"src/SharpLink.Server/Admission/SharpLinkAdmissionController.cs",1050,"SharpLink.Server","Method","Internal","AdmissionPartitionPool",1,0,3,0,0,"Constructor/activation"
"src/SharpLink.Server/Admission/SharpLinkAdmissionController.cs",1093,"SharpLink.Server","Property","Internal","AfterKeyResolvedBeforeEntryLockForTests",1,0,4,0,0,""
"src/SharpLink.Server/Admission/SharpLinkAdmissionController.cs",1095,"SharpLink.Server","Property","Internal","BeforeUpdateMutationForTests",1,0,2,0,0,""
"src/SharpLink.Server/Admission/SharpLinkAdmissionController.cs",1097,"SharpLink.Server","Property","Internal","CurrentPolicyForBinding",3,0,0,0,0,""
"src/SharpLink.Server/Admission/SharpLinkAdmissionController.cs",1106,"SharpLink.Server","Method","Internal","AcquirePolicyForUpdate",1,0,0,0,0,""
"src/SharpLink.Server/Admission/SharpLinkAdmissionController.cs",1143,"SharpLink.Server","Method","Internal","AddPolicyProgramReference",2,0,0,0,0,""
"src/SharpLink.Server/Admission/SharpLinkAdmissionController.cs",1151,"SharpLink.Server","Method","Internal","ReleasePolicyProgramReference",2,0,0,0,0,""
"src/SharpLink.Server/Admission/SharpLinkAdmissionController.cs",1169,"SharpLink.Server","Method","Internal","IsPolicyEquivalent",2,0,0,0,0,""
"src/SharpLink.Server/Admission/SharpLinkAdmissionController.cs",1253,"SharpLink.Server","Method","Internal","Release",1,0,24,0,0,""
"src/SharpLink.Server/Admission/SharpLinkAdmissionController.cs",1291,"SharpLink.Server","Method","Internal","CommitUpdate",1,0,0,0,0,""
"src/SharpLink.Server/Admission/SharpLinkAdmissionController.cs",1405,"SharpLink.Server","Property","Internal","RuntimeGenerationCount",1,0,1,0,0,""
"src/SharpLink.Server/Admission/SharpLinkAdmissionController.cs",1454,"SharpLink.Server","Method","Private","PrepareEntryTransitionLocked",2,0,0,0,0,""
"src/SharpLink.Server/Admission/SharpLinkAdmissionController.cs",1534,"SharpLink.Server","Method","Private","CreateInitialGenerationLocked",1,0,0,0,0,""
"src/SharpLink.Server/Admission/SharpLinkAdmissionController.cs",1562,"SharpLink.Server","Method","Private","CreateEntryForLivePoliciesLocked",1,0,0,0,0,""
"src/SharpLink.Server/Admission/SharpLinkAdmissionController.cs",1611,"SharpLink.Server","Method","Private","FindGenerationLocked",2,0,0,0,0,""
"src/SharpLink.Server/Admission/SharpLinkAdmissionController.cs",1623,"SharpLink.Server","Method","Private","ApplyPreparedEntryTransitionLocked",2,0,0,0,0,""
"src/SharpLink.Server/Admission/SharpLinkAdmissionController.cs",1642,"SharpLink.Server","Method","Private","CollectIdleEntriesIfDueLocked",2,0,0,0,0,""
"src/SharpLink.Server/Admission/SharpLinkAdmissionController.cs",1653,"SharpLink.Server","Method","Private","CollectIdleEntriesLocked",1,0,0,0,0,""
"src/SharpLink.Server/Admission/SharpLinkAdmissionController.cs",1681,"SharpLink.Server","Method","Private","RecomputeIdleExpiryHintLocked",1,0,0,0,0,""
"src/SharpLink.Server/Admission/SharpLinkAdmissionController.cs",1702,"SharpLink.Server","Method","Private","CollectRetiredGenerationsLocked",3,0,0,0,0,""
"src/SharpLink.Server/Admission/SharpLinkAdmissionController.cs",1730,"SharpLink.Server","Method","Private","ContainsConcurrencyState",1,0,0,0,0,""
"src/SharpLink.Server/Admission/SharpLinkAdmissionController.cs",1740,"SharpLink.Server","Method","Private","ContainsRateState",1,0,0,0,0,""
"src/SharpLink.Server/Admission/SharpLinkAdmissionController.cs",1750,"SharpLink.Server","Method","Private","CollectRetiredPoliciesLocked",3,0,0,0,0,""
"src/SharpLink.Server/Admission/SharpLinkAdmissionController.cs",1765,"SharpLink.Server","Method","Private","ContainsPolicyGenerationLocked",1,0,0,0,0,""
"src/SharpLink.Server/Admission/SharpLinkAdmissionController.cs",1774,"SharpLink.Server","Method","Private","CollectAllEntryStateLocked",3,0,0,0,0,""
"src/SharpLink.Server/Admission/SharpLinkAdmissionController.cs",1791,"SharpLink.Server","Method","Private","DisposePreparedTransitions",1,0,0,0,0,""
"src/SharpLink.Server/Admission/SharpLinkAdmissionController.cs",1810,"SharpLink.Server","NamedType","Private","global::SharpLink.Server.AdmissionPartitionPool.AdmissionPartitionKey",8,0,0,0,0,""
"src/SharpLink.Server/Admission/SharpLinkAdmissionController.cs",1812,"SharpLink.Server","Property","Internal","Default",2,0,1,0,0,""
"src/SharpLink.Server/Admission/SharpLinkAdmissionController.cs",1813,"SharpLink.Server","Method","Internal","ForUser",1,0,0,0,0,""
"src/SharpLink.Server/Admission/SharpLinkAdmissionController.cs",1816,"SharpLink.Server","NamedType","Private","global::SharpLink.Server.AdmissionPartitionPool.PreparedEntryTransition",10,0,0,0,0,""
"src/SharpLink.Server/Admission/SharpLinkAdmissionController.cs",1827,"SharpLink.Server","NamedType","Internal","global::SharpLink.Server.AdmissionPartitionPolicyGeneration",30,0,0,0,0,""
"src/SharpLink.Server/Admission/SharpLinkAdmissionController.cs",1829,"SharpLink.Server","Field","Private","_programReferences",3,0,0,0,0,""
"src/SharpLink.Server/Admission/SharpLinkAdmissionController.cs",1831,"SharpLink.Server","Method","Internal","AdmissionPartitionPolicyGeneration",2,0,0,0,0,"Constructor/activation"
"src/SharpLink.Server/Admission/SharpLinkAdmissionController.cs",1843,"SharpLink.Server","Property","Internal","Options",4,0,0,0,0,""
"src/SharpLink.Server/Admission/SharpLinkAdmissionController.cs",1845,"SharpLink.Server","Property","Internal","Sequence",2,0,0,0,0,""
"src/SharpLink.Server/Admission/SharpLinkAdmissionController.cs",1846,"SharpLink.Server","Property","Internal","ProgramReferences",3,0,0,0,0,""
"src/SharpLink.Server/Admission/SharpLinkAdmissionController.cs",1848,"SharpLink.Server","Method","Internal","AddProgramReference",2,0,0,0,0,""
"src/SharpLink.Server/Admission/SharpLinkAdmissionController.cs",1854,"SharpLink.Server","Method","Internal","ReleaseProgramReference",1,0,0,0,0,""
"src/SharpLink.Server/Admission/SharpLinkAdmissionController.cs",1863,"SharpLink.Server","NamedType","Internal","global::SharpLink.Server.AdmissionPartitionEntry",23,0,0,0,0,""
"src/SharpLink.Server/Admission/SharpLinkAdmissionController.cs",1865,"SharpLink.Server","Method","Internal","AdmissionPartitionEntry",1,0,0,0,0,"Constructor/activation"
"src/SharpLink.Server/Admission/SharpLinkAdmissionController.cs",1872,"SharpLink.Server","Field","Internal","Current",9,0,0,0,0,""
"src/SharpLink.Server/Admission/SharpLinkAdmissionController.cs",1873,"SharpLink.Server","Field","Internal","Generations",17,0,0,0,0,""
"src/SharpLink.Server/Admission/SharpLinkAdmissionController.cs",1874,"SharpLink.Server","Field","Internal","References",9,0,0,0,0,""
"src/SharpLink.Server/Admission/SharpLinkAdmissionController.cs",1875,"SharpLink.Server","Field","Internal","IdleSince",4,0,0,0,0,""
"src/SharpLink.Server/Admission/SharpLinkAdmissionController.cs",1876,"SharpLink.Server","Field","Internal","IsIdle",4,0,0,0,0,""
"src/SharpLink.Server/Admission/SharpLinkAdmissionController.cs",1879,"SharpLink.Server","NamedType","Internal","global::SharpLink.Server.AdmissionPartitionRuntimeGeneration",26,0,0,0,0,""
"src/SharpLink.Server/Admission/SharpLinkAdmissionController.cs",1885,"SharpLink.Server","Property","Internal","Runtime",9,0,12,0,0,""
"src/SharpLink.Server/Admission/SharpLinkAdmissionController.cs",1886,"SharpLink.Server","Field","Internal","Entry",4,0,0,0,0,""
"src/SharpLink.Server/Admission/SharpLinkAdmissionController.cs",1887,"SharpLink.Server","Property","Internal","Concurrency",19,0,3,0,0,""
"src/SharpLink.Server/Admission/SharpLinkAdmissionController.cs",1888,"SharpLink.Server","Property","Internal","Rate",10,0,0,0,0,""
"src/SharpLink.Server/Admission/SharpLinkAdmissionController.cs",1889,"SharpLink.Server","Property","Internal","Policy",12,0,0,0,0,""
"src/SharpLink.Server/Admission/SharpLinkAdmissionController.cs",1891,"SharpLink.Server","Field","Internal","Retired",2,0,0,0,0,""
"src/SharpLink.Server/Admission/SharpLinkAdmissionController.cs",1894,"SharpLink.Server","NamedType","Internal","global::SharpLink.Server.AdmissionPartitionLease",14,0,23,0,0,""
"src/SharpLink.Server/Admission/SharpLinkAdmissionController.cs",1906,"SharpLink.Server","NamedType","Internal","global::SharpLink.Server.AdmissionPartitionUpdate",6,0,0,0,0,""
"src/SharpLink.Server/Admission/SharpLinkAdmissionControlOptions.cs",4,"SharpLink.Server","NamedType","Public","global::SharpLink.Server.SharpLinkConcurrencyLimitOptions",3,0,2,0,0,""
"src/SharpLink.Server/Admission/SharpLinkAdmissionControlOptions.cs",9,"SharpLink.Server","Method","Internal","Validate",23,0,40,0,0,""
"src/SharpLink.Server/Admission/SharpLinkAdmissionControlOptions.cs",14,"SharpLink.Server","NamedType","Public","global::SharpLink.Server.SharpLinkTokenBucketLimitOptions",5,0,2,0,0,""
"src/SharpLink.Server/Admission/SharpLinkAdmissionControlOptions.cs",17,"SharpLink.Server","Property","Public","TokenLimit",3,0,33,4,0,""
"src/SharpLink.Server/Admission/SharpLinkAdmissionControlOptions.cs",19,"SharpLink.Server","Property","Public","TokensPerPeriod",3,0,33,4,0,""
"src/SharpLink.Server/Admission/SharpLinkAdmissionControlOptions.cs",21,"SharpLink.Server","Property","Public","ReplenishmentPeriod",4,0,32,4,0,""
"src/SharpLink.Server/Admission/SharpLinkAdmissionControlOptions.cs",33,"SharpLink.Server","NamedType","Public","global::SharpLink.Server.SharpLinkFixedWindowUpdateActivation",20,0,11,0,0,""
"src/SharpLink.Server/Admission/SharpLinkAdmissionControlOptions.cs",36,"SharpLink.Server","Field","Public","Automatic",1,0,2,0,0,"Enum/protocol identity"
"src/SharpLink.Server/Admission/SharpLinkAdmissionControlOptions.cs",38,"SharpLink.Server","Field","Public","Immediate",7,0,4,0,0,"Enum/protocol identity"
"src/SharpLink.Server/Admission/SharpLinkAdmissionControlOptions.cs",40,"SharpLink.Server","Field","Public","NextWindow",3,0,5,0,0,"Enum/protocol identity"
"src/SharpLink.Server/Admission/SharpLinkAdmissionControlOptions.cs",44,"SharpLink.Server","NamedType","Public","global::SharpLink.Server.SharpLinkFixedWindowLimitOptions",6,0,4,0,0,""
"src/SharpLink.Server/Admission/SharpLinkAdmissionControlOptions.cs",57,"SharpLink.Server","Property","Public","UpdateActivation",4,0,6,0,0,""
"src/SharpLink.Server/Admission/SharpLinkAdmissionControlOptions.cs",70,"SharpLink.Server","NamedType","Public","global::SharpLink.Server.SharpLinkSlidingWindowLimitOptions",5,0,4,0,0,""
"src/SharpLink.Server/Admission/SharpLinkAdmissionControlOptions.cs",77,"SharpLink.Server","Property","Public","SegmentsPerWindow",5,0,16,3,0,""
"src/SharpLink.Server/Admission/SharpLinkAdmissionControlOptions.cs",95,"SharpLink.Server","NamedType","Public","global::SharpLink.Server.SharpLinkAdmissionRuleOptions",26,0,11,0,0,""
"src/SharpLink.Server/Admission/SharpLinkAdmissionControlOptions.cs",100,"SharpLink.Server","Property","Internal","RateLimit",17,0,2,0,0,""
"src/SharpLink.Server/Admission/SharpLinkAdmissionControlOptions.cs",131,"SharpLink.Server","Property","Internal","HasLimit",5,0,0,0,0,""
"src/SharpLink.Server/Admission/SharpLinkAdmissionControlOptions.cs",133,"SharpLink.Server","Method","Internal","CopyLimitsTo",3,0,0,0,0,""
"src/SharpLink.Server/Admission/SharpLinkAdmissionControlOptions.cs",179,"SharpLink.Server","Method","Internal","CloneRuleValidated",1,0,1,0,0,""
"src/SharpLink.Server/Admission/SharpLinkAdmissionControlOptions.cs",187,"SharpLink.Server","Method","Private","SetRateLimit<T>",3,0,0,0,0,""
"src/SharpLink.Server/Admission/SharpLinkAdmissionControlOptions.cs",202,"SharpLink.Server","NamedType","Public","global::SharpLink.Server.SharpLinkPartitionAdmissionOptions",24,0,6,0,0,""
"src/SharpLink.Server/Admission/SharpLinkAdmissionControlOptions.cs",205,"SharpLink.Server","Property","Public","MaxPartitions",5,0,30,4,0,""
"src/SharpLink.Server/Admission/SharpLinkAdmissionControlOptions.cs",207,"SharpLink.Server","Property","Public","IdleTimeout",6,0,26,2,0,""
"src/SharpLink.Server/Admission/SharpLinkAdmissionControlOptions.cs",218,"SharpLink.Server","Method","Internal","CloneValidated",10,0,6,0,0,""
"src/SharpLink.Server/Admission/SharpLinkAdmissionControlOptions.cs",232,"SharpLink.Server","NamedType","Public","global::SharpLink.Server.SharpLinkAdmissionContext",22,0,89,14,0,""
"src/SharpLink.Server/Admission/SharpLinkAdmissionControlOptions.cs",234,"SharpLink.Server","Method","Internal","SharpLinkAdmissionContext",1,0,32,4,0,"Constructor/activation"
"src/SharpLink.Server/Admission/SharpLinkAdmissionControlOptions.cs",251,"SharpLink.Server","Property","Public","ContractId",6,0,0,0,0,""
"src/SharpLink.Server/Admission/SharpLinkAdmissionControlOptions.cs",253,"SharpLink.Server","Property","Public","MethodId",5,0,0,0,0,""
"src/SharpLink.Server/Admission/SharpLinkAdmissionControlOptions.cs",255,"SharpLink.Server","Property","Public","MethodKind",1,0,0,0,0,""
"src/SharpLink.Server/Admission/SharpLinkAdmissionControlOptions.cs",257,"SharpLink.Server","Property","Public","ConnectionId",1,0,11,2,0,""
"src/SharpLink.Server/Admission/SharpLinkAdmissionControlOptions.cs",259,"SharpLink.Server","Property","Public","AuthenticationContext",3,0,4,0,0,""
"src/SharpLink.Server/Admission/SharpLinkAdmissionControlOptions.cs",261,"SharpLink.Server","Property","Public","Metadata",5,0,10,0,0,""
"src/SharpLink.Server/Admission/SharpLinkAdmissionControlOptions.cs",283,"SharpLink.Server","NamedType","Public","global::SharpLink.Server.SharpLinkAdmissionControlOptions",34,0,135,14,0,""
"src/SharpLink.Server/Admission/SharpLinkAdmissionControlOptions.cs",285,"SharpLink.Server","Field","Private","_rules",6,0,0,0,0,""
"src/SharpLink.Server/Admission/SharpLinkAdmissionControlOptions.cs",286,"SharpLink.Server","Field","Private","_partitionSelector",3,0,0,0,0,""
"src/SharpLink.Server/Admission/SharpLinkAdmissionControlOptions.cs",292,"SharpLink.Server","Property","Public","MaxQueuedCalls",8,0,55,3,1,""
"src/SharpLink.Server/Admission/SharpLinkAdmissionControlOptions.cs",294,"SharpLink.Server","Property","Public","MaxQueuedBytes",8,0,54,3,1,""
"src/SharpLink.Server/Admission/SharpLinkAdmissionControlOptions.cs",299,"SharpLink.Server","Property","Public","MaxQueueDelay",9,0,54,3,1,""
"src/SharpLink.Server/Admission/SharpLinkAdmissionControlOptions.cs",393,"SharpLink.Server","Property","Internal","Rules",1,0,0,0,0,""
"src/SharpLink.Server/Admission/SharpLinkAdmissionControlOptions.cs",394,"SharpLink.Server","Property","Internal","PartitionSelector",2,0,0,0,0,""
"src/SharpLink.Server/Admission/SharpLinkAdmissionControlOptions.cs",395,"SharpLink.Server","Property","Internal","Partition",2,0,0,0,0,""
"src/SharpLink.Server/Admission/SharpLinkAdmissionControlOptions.cs",423,"SharpLink.Server","Method","Private","AddRule",4,0,0,0,0,""
"src/SharpLink.Server/Admission/SharpLinkAdmissionControlOptions.cs",431,"SharpLink.Server","Method","Private","ConfigureRule",4,0,0,0,0,""
"src/SharpLink.Server/Admission/SharpLinkAdmissionControlOptions.cs",441,"SharpLink.Server","NamedType","Internal","global::SharpLink.Server.AdmissionRuleRegistration",11,0,0,0,0,""
"src/SharpLink.Server/Admission/SharpLinkConnectionAdmissionOptions.cs",22,"SharpLink.Server","NamedType","Public","global::SharpLink.Server.SharpLinkConnectionAdmissionOptions",17,0,25,0,0,""
"src/SharpLink.Server/Admission/SharpLinkConnectionAdmissionOptions.cs",25,"SharpLink.Server","Field","Public","DefaultMaxConcurrentConnections",1,0,3,0,0,""
"src/SharpLink.Server/Admission/SharpLinkConnectionAdmissionOptions.cs",33,"SharpLink.Server","Field","Public","DefaultMaxConcurrentHandshakes",2,0,5,0,0,""
"src/SharpLink.Server/Admission/SharpLinkConnectionAdmissionOptions.cs",35,"SharpLink.Server","Field","Private","_maxConcurrentHandshakes",2,0,0,0,0,""
"src/SharpLink.Server/Admission/SharpLinkConnectionAdmissionOptions.cs",41,"SharpLink.Server","Property","Public","MaxConcurrentConnections",8,0,40,2,1,""
"src/SharpLink.Server/Admission/SharpLinkConnectionAdmissionOptions.cs",52,"SharpLink.Server","Property","Public","MaxConcurrentHandshakes",7,0,23,2,1,""
"src/SharpLink.Server/DefaultRpcExceptionMapper.cs",3,"SharpLink.Server","NamedType","Internal","global::SharpLink.Server.DefaultRpcExceptionMapper",1,0,0,0,0,""
"src/SharpLink.Server/FixedWindowLogThrottle.cs",13,"SharpLink.Server","NamedType","Internal","global::SharpLink.Server.FixedWindowLogThrottle",8,0,11,0,0,""
"src/SharpLink.Server/FixedWindowLogThrottle.cs",15,"SharpLink.Server","Field","Private","_intervalTimestampTicks",4,0,0,0,0,""
"src/SharpLink.Server/FixedWindowLogThrottle.cs",16,"SharpLink.Server","Field","Private","_lastAdmittedTimestamp",3,0,0,0,0,""
"src/SharpLink.Server/FixedWindowLogThrottle.cs",17,"SharpLink.Server","Field","Private","_initialized",3,0,0,0,0,""
"src/SharpLink.Server/FixedWindowLogThrottle.cs",18,"SharpLink.Server","Field","Private","_suppressedCount",3,0,0,0,0,""
"src/SharpLink.Server/FixedWindowLogThrottle.cs",20,"SharpLink.Server","Method","Internal","FixedWindowLogThrottle",4,0,11,0,0,"Constructor/activation"
"src/SharpLink.Server/FixedWindowLogThrottle.cs",58,"SharpLink.Server","Method","Internal","ShouldLog",4,0,33,0,0,""
"src/SharpLink.Server/ISharpLinkServerBuilder.cs",4,"SharpLink.Server","NamedType","Public","global::SharpLink.Server.ISharpLinkServerBuilder",1,0,0,0,0,""
"src/SharpLink.Server/ISharpLinkServerBuilder.cs",8,"SharpLink.Server","Method","Public","Build",4,0,289,7,11,"Interface contract"
"src/SharpLink.Server/ServerAuthenticationCoordinator.cs",6,"SharpLink.Server","NamedType","Internal","global::SharpLink.Server.ServerAuthenticationCoordinator",3,0,10,0,0,""
"src/SharpLink.Server/ServerAuthenticationCoordinator.cs",8,"SharpLink.Server","Field","Private","_authenticator",6,0,0,0,0,""
"src/SharpLink.Server/ServerAuthenticationCoordinator.cs",9,"SharpLink.Server","Field","Private","_authenticationRequired",6,0,0,0,0,""
"src/SharpLink.Server/ServerAuthenticationCoordinator.cs",10,"SharpLink.Server","Field","Private","_logger",56,0,0,0,0,""
"src/SharpLink.Server/ServerAuthenticationCoordinator.cs",12,"SharpLink.Server","Field","Private","_failureLogThrottle",2,0,0,0,0,""
"src/SharpLink.Server/ServerAuthenticationCoordinator.cs",13,"SharpLink.Server","Field","Private","_failureSequence",1,0,0,0,0,""
"src/SharpLink.Server/ServerAuthenticationCoordinator.cs",15,"SharpLink.Server","Method","Internal","ServerAuthenticationCoordinator",1,0,1,0,0,"Constructor/activation"
"src/SharpLink.Server/ServerAuthenticationCoordinator.cs",30,"SharpLink.Server","Method","Internal","AuthenticateAsync",1,0,9,0,0,""
"src/SharpLink.Server/ServerAuthenticationCoordinator.cs",99,"SharpLink.Server","Method","Private","LogAuthenticationProviderFailed",1,0,0,0,0,""
"src/SharpLink.Server/ServerAuthenticationCoordinator.cs",113,"SharpLink.Server","Method","Private","DebugTraceAuthenticationProviderException",1,0,0,0,0,""
"src/SharpLink.Server/ServerBuildPlan.cs",4,"SharpLink.Server","NamedType","Internal","global::SharpLink.Server.ReplacementServiceDefinition",5,0,0,0,0,""
"src/SharpLink.Server/ServerBuildPlan.cs",15,"SharpLink.Server","NamedType","Internal","global::SharpLink.Server.ServerRuntimeResources",6,0,0,0,0,""
"src/SharpLink.Server/ServerBuildPlan.cs",19,"SharpLink.Server","Method","Internal","ServerRuntimeResources",2,0,0,0,0,"Constructor/activation"
"src/SharpLink.Server/ServerBuildPlan.cs",23,"SharpLink.Server","Property","Internal","Transport",6,0,80,6,1,""
"src/SharpLink.Server/ServerBuildPlan.cs",25,"SharpLink.Server","Method","Internal","RegisterWith",1,0,0,0,0,""
"src/SharpLink.Server/ServerBuildPlan.cs",35,"SharpLink.Server","Method","Internal","MarkTransferred",1,0,0,0,0,""
"src/SharpLink.Server/ServerBuildPlan.cs",41,"SharpLink.Server","Method","Internal","MarkRolledBack",1,0,0,0,0,""
"src/SharpLink.Server/ServerBuildPlan.cs",47,"SharpLink.Server","Method","Internal","DisposeUnmaterialized",1,0,0,0,0,""
"src/SharpLink.Server/ServerBuildPlan.cs",60,"SharpLink.Server","Method","Private","EnsurePending",1,0,0,0,0,""
"src/SharpLink.Server/ServerBuildPlan.cs",68,"SharpLink.Server","NamedType","Internal","global::SharpLink.Server.ServerServiceRegistrationPlan",3,0,0,0,0,""
"src/SharpLink.Server/ServerBuildPlan.cs",70,"SharpLink.Server","Field","Private","_dependencies",6,0,0,0,0,""
"src/SharpLink.Server/ServerBuildPlan.cs",72,"SharpLink.Server","Method","Internal","ServerServiceRegistrationPlan",2,0,0,0,0,"Constructor/activation"
"src/SharpLink.Server/ServerBuildPlan.cs",95,"SharpLink.Server","Property","Internal","ContractType",14,0,4,0,0,""
"src/SharpLink.Server/ServerBuildPlan.cs",96,"SharpLink.Server","Property","Internal","ImplementationName",2,0,0,0,0,""
"src/SharpLink.Server/ServerBuildPlan.cs",97,"SharpLink.Server","Property","Internal","StubFactory",2,0,0,0,0,""
"src/SharpLink.Server/ServerBuildPlan.cs",98,"SharpLink.Server","Property","Internal","Lifetime",10,0,0,0,0,""
"src/SharpLink.Server/ServerBuildPlan.cs",99,"SharpLink.Server","Property","Internal","Factory",3,0,0,0,0,""
"src/SharpLink.Server/ServerBuildPlan.cs",101,"SharpLink.Server","Property","Internal","CallerOwned",3,0,0,0,0,""
"src/SharpLink.Server/ServerBuildPlan.cs",103,"SharpLink.Server","Method","Internal","Materialize",2,0,0,0,0,""
"src/SharpLink.Server/ServerBuildPlan.cs",112,"SharpLink.Server","Method","Internal","ValidateDependencies",4,0,0,0,0,""
"src/SharpLink.Server/ServerBuildPlan.cs",132,"SharpLink.Server","NamedType","Internal","global::SharpLink.Server.ServerServiceRegistrationPlanEntry",8,0,0,0,0,""
"src/SharpLink.Server/ServerBuildPlan.cs",137,"SharpLink.Server","NamedType","Internal","global::SharpLink.Server.ServerBuildPlan",5,0,5,0,0,""
"src/SharpLink.Server/ServerBuildPlan.cs",139,"SharpLink.Server","Field","Private","_interceptors",6,0,0,0,0,""
"src/SharpLink.Server/ServerBuildPlan.cs",140,"SharpLink.Server","Field","Private","_services",14,0,0,0,0,""
"src/SharpLink.Server/ServerBuildPlan.cs",141,"SharpLink.Server","Field","Private","_materializationState",1,0,0,0,0,""
"src/SharpLink.Server/ServerBuildPlan.cs",143,"SharpLink.Server","Method","Internal","ServerBuildPlan",1,0,0,0,0,"Constructor/activation"
"src/SharpLink.Server/ServerBuildPlan.cs",183,"SharpLink.Server","Property","Internal","Resources",7,0,0,0,0,""
"src/SharpLink.Server/ServerBuildPlan.cs",184,"SharpLink.Server","Property","Internal","RuntimeContext",5,0,1,0,0,""
"src/SharpLink.Server/ServerBuildPlan.cs",185,"SharpLink.Server","Property","Internal","ServiceCount",2,0,0,0,0,""
"src/SharpLink.Server/ServerBuildPlan.cs",186,"SharpLink.Server","Property","Internal","ResponseCompressionPolicy",6,0,0,0,0,""
"src/SharpLink.Server/ServerBuildPlan.cs",187,"SharpLink.Server","Method","Internal","GetService",1,0,0,0,0,""
"src/SharpLink.Server/ServerBuildPlan.cs",188,"SharpLink.Server","Property","Internal","HeartbeatCheckInterval",4,0,0,0,0,""
"src/SharpLink.Server/ServerBuildPlan.cs",189,"SharpLink.Server","Property","Internal","HeartbeatTimeout",4,0,0,0,0,""
"src/SharpLink.Server/ServerBuildPlan.cs",190,"SharpLink.Server","Property","Internal","RpcSessionFlushOptions",4,0,0,0,0,""
"src/SharpLink.Server/ServerBuildPlan.cs",191,"SharpLink.Server","Property","Internal","LoggerFactory",2,0,0,0,0,""
"src/SharpLink.Server/ServerBuildPlan.cs",192,"SharpLink.Server","Property","Internal","Authenticator",2,0,0,0,0,""
"src/SharpLink.Server/ServerBuildPlan.cs",193,"SharpLink.Server","Property","Internal","AuthenticationRequired",2,0,0,0,0,""
"src/SharpLink.Server/ServerBuildPlan.cs",194,"SharpLink.Server","Property","Internal","ExceptionMapper",4,0,0,0,0,""
"src/SharpLink.Server/ServerBuildPlan.cs",196,"SharpLink.Server","Property","Internal","CallerServiceProvider",2,0,0,0,0,""
"src/SharpLink.Server/ServerBuildPlan.cs",197,"SharpLink.Server","Property","Internal","AdmissionControlOptions",2,0,0,0,0,""
"src/SharpLink.Server/ServerBuildPlan.cs",199,"SharpLink.Server","Property","Internal","ConnectionAdmissionOptions",3,0,0,0,0,""
"src/SharpLink.Server/ServerBuildPlan.cs",201,"SharpLink.Server","Method","Internal","CreateInterceptorSnapshot",3,0,0,0,0,""
"src/SharpLink.Server/ServerBuildPlan.cs",204,"SharpLink.Server","Method","Internal","CreateStaticManifestSnapshot",1,0,0,0,0,""
"src/SharpLink.Server/ServerBuildPlan.cs",207,"SharpLink.Server","Method","Internal","BeginMaterialization",1,0,0,0,0,""
"src/SharpLink.Server/ServerCallCancellationState.cs",3,"SharpLink.Server","NamedType","Internal","global::SharpLink.Server.ServerCallCancellationReason",71,27,111,1,0,""
"src/SharpLink.Server/ServerCallCancellationState.cs",6,"SharpLink.Server","Field","Public","RemoteCancel",3,4,27,1,0,"Enum/protocol identity"
"src/SharpLink.Server/ServerCallCancellationState.cs",7,"SharpLink.Server","Field","Public","ConsumerAbandoned",2,3,3,0,0,"Enum/protocol identity"
"src/SharpLink.Server/ServerCallCancellationState.cs",8,"SharpLink.Server","Field","Public","DeadlineExceeded",11,3,35,0,0,"Enum/protocol identity"
"src/SharpLink.Server/ServerCallCancellationState.cs",9,"SharpLink.Server","Field","Public","ModuleDraining",6,2,3,0,0,"Enum/protocol identity"
"src/SharpLink.Server/ServerCallCancellationState.cs",10,"SharpLink.Server","Field","Public","ServerStopping",4,2,4,0,0,"Enum/protocol identity"
"src/SharpLink.Server/ServerCallCancellationState.cs",11,"SharpLink.Server","Field","Public","ConnectionClosed",5,2,6,0,0,"Enum/protocol identity"
"src/SharpLink.Server/ServerCallCancellationState.cs",12,"SharpLink.Server","Field","Public","AdmissionResourceExhausted",5,2,2,0,0,"Enum/protocol identity"
"src/SharpLink.Server/ServerCallCancellationState.cs",13,"SharpLink.Server","Field","Public","PreAdmissionStreamResourceExhausted",4,2,5,0,0,"Enum/protocol identity"
"src/SharpLink.Server/ServerCallCancellationState.cs",14,"SharpLink.Server","Field","Public","Completed",12,2,6,0,0,"Enum/protocol identity"
"src/SharpLink.Server/ServerCallCancellationState.cs",20,"SharpLink.Server","NamedType","Internal","global::SharpLink.Server.ServerCallCancellationLease",13,0,17,0,0,""
"src/SharpLink.Server/ServerCallCancellationState.cs",24,"SharpLink.Server","Method","Internal","ServerCallCancellationLease",1,0,1,0,0,"Constructor/activation"
"src/SharpLink.Server/ServerCallCancellationState.cs",34,"SharpLink.Server","Property","Internal","RequestId",6,0,46,0,0,""
"src/SharpLink.Server/ServerCallCancellationState.cs",36,"SharpLink.Server","Property","Internal","Generation",2,0,3,0,0,""
"src/SharpLink.Server/ServerCallCancellationState.cs",51,"SharpLink.Server","NamedType","Internal","global::SharpLink.Server.ServerCallCancellationState",90,0,126,7,0,""
"src/SharpLink.Server/ServerCallCancellationState.cs",53,"SharpLink.Server","Field","Private","MaxRetained",1,0,0,0,0,""
"src/SharpLink.Server/ServerCallCancellationState.cs",54,"SharpLink.Server","Field","Private","Pool",2,0,0,0,0,""
"src/SharpLink.Server/ServerCallCancellationState.cs",55,"SharpLink.Server","Field","Private","s_beforeRequestActivationForTests",3,0,0,0,0,""
"src/SharpLink.Server/ServerCallCancellationState.cs",56,"SharpLink.Server","Field","Private","s_retainedCount",3,0,0,0,0,""
"src/SharpLink.Server/ServerCallCancellationState.cs",58,"SharpLink.Server","Field","Private","_lifetimeGate",9,0,0,0,0,""
"src/SharpLink.Server/ServerCallCancellationState.cs",59,"SharpLink.Server","Field","Private","_terminalGate",2,0,0,0,0,""
"src/SharpLink.Server/ServerCallCancellationState.cs",60,"SharpLink.Server","Field","Private","_invocationCancellation",6,0,0,0,0,""
"src/SharpLink.Server/ServerCallCancellationState.cs",61,"SharpLink.Server","Field","Private","_serverStoppingRegistration",4,0,0,0,0,""
"src/SharpLink.Server/ServerCallCancellationState.cs",62,"SharpLink.Server","Field","Private","_connectionClosedRegistration",4,0,0,0,0,""
"src/SharpLink.Server/ServerCallCancellationState.cs",63,"SharpLink.Server","Field","Private","_moduleDrainingRegistration",4,0,0,0,0,""
"src/SharpLink.Server/ServerCallCancellationState.cs",64,"SharpLink.Server","Field","Private","_reason",4,0,0,0,0,""
"src/SharpLink.Server/ServerCallCancellationState.cs",65,"SharpLink.Server","Field","Private","_abandonedRecorded",3,0,0,0,0,""
"src/SharpLink.Server/ServerCallCancellationState.cs",66,"SharpLink.Server","Field","Private","_moduleDrainResponseClaimed",3,0,0,0,0,""
"src/SharpLink.Server/ServerCallCancellationState.cs",67,"SharpLink.Server","Field","Private","_disposeRequested",11,0,0,0,0,""
"src/SharpLink.Server/ServerCallCancellationState.cs",68,"SharpLink.Server","Field","Private","_externalUsers",6,0,0,0,0,""
"src/SharpLink.Server/ServerCallCancellationState.cs",69,"SharpLink.Server","Field","Private","_leaseGeneration",3,0,0,0,0,""
"src/SharpLink.Server/ServerCallCancellationState.cs",70,"SharpLink.Server","Field","Private","_admissionProgramUse",3,0,0,0,0,""
"src/SharpLink.Server/ServerCallCancellationState.cs",71,"SharpLink.Server","Field","Private","_admissionLease",3,0,0,0,0,""
"src/SharpLink.Server/ServerCallCancellationState.cs",72,"SharpLink.Server","Field","Private","_payloadPool",3,0,0,0,0,""
"src/SharpLink.Server/ServerCallCancellationState.cs",73,"SharpLink.Server","Field","Private","_payloadOwner",5,0,0,0,0,""
"src/SharpLink.Server/ServerCallCancellationState.cs",74,"SharpLink.Server","Field","Private","_decodedBytesPermit",3,0,0,0,0,""
"src/SharpLink.Server/ServerCallCancellationState.cs",77,"SharpLink.Server","Method","Private","ServerCallCancellationState",1,0,0,0,0,"Constructor/activation"
"src/SharpLink.Server/ServerCallCancellationState.cs",83,"SharpLink.Server","Property","Public","Deadline",15,0,0,0,0,""
"src/SharpLink.Server/ServerCallCancellationState.cs",85,"SharpLink.Server","Property","Public","InvocationToken",10,0,10,0,0,""
"src/SharpLink.Server/ServerCallCancellationState.cs",88,"SharpLink.Server","Property","Public","Reason",19,0,123,0,0,""
"src/SharpLink.Server/ServerCallCancellationState.cs",91,"SharpLink.Server","Property","Public","IsAbandoned",1,0,0,0,0,""
"src/SharpLink.Server/ServerCallCancellationState.cs",101,"SharpLink.Server","Method","Public","Rent",5,0,24,5,0,""
"src/SharpLink.Server/ServerCallCancellationState.cs",181,"SharpLink.Server","Method","Internal","AttachAdmissionProgramUse",2,0,0,0,0,""
"src/SharpLink.Server/ServerCallCancellationState.cs",188,"SharpLink.Server","Method","Internal","AttachAdmissionLease",5,0,0,0,0,""
"src/SharpLink.Server/ServerCallCancellationState.cs",195,"SharpLink.Server","Method","Internal","AttachPayloadOwner",2,0,1,0,0,""
"src/SharpLink.Server/ServerCallCancellationState.cs",206,"SharpLink.Server","Method","Internal","AttachDecodedBytesPermit",1,0,0,0,0,""
"src/SharpLink.Server/ServerCallCancellationState.cs",218,"SharpLink.Server","Method","Internal","CaptureLease",7,0,7,0,0,""
"src/SharpLink.Server/ServerCallCancellationState.cs",233,"SharpLink.Server","Method","Internal","TryActivateRequest",2,0,0,0,0,""
"src/SharpLink.Server/ServerCallCancellationState.cs",259,"SharpLink.Server","Method","Public","TryCancel",6,0,18,1,0,""
"src/SharpLink.Server/ServerCallCancellationState.cs",267,"SharpLink.Server","Method","Public","TryAcceptStreamData",1,0,2,0,0,""
"src/SharpLink.Server/ServerCallCancellationState.cs",275,"SharpLink.Server","Method","Internal","TryAcceptStreamDataDeferredCancellation",1,0,0,0,0,""
"src/SharpLink.Server/ServerCallCancellationState.cs",278,"SharpLink.Server","Method","Public","TryClaimResponse",3,0,12,0,0,""
"src/SharpLink.Server/ServerCallCancellationState.cs",286,"SharpLink.Server","Method","Internal","NotifyInvocationCancellation",2,0,0,0,0,""
"src/SharpLink.Server/ServerCallCancellationState.cs",299,"SharpLink.Server","Method","Private","TryClaimStreamProgress",2,0,0,0,0,""
"src/SharpLink.Server/ServerCallCancellationState.cs",322,"SharpLink.Server","Method","Private","TryClaimTerminal",3,0,0,0,0,""
"src/SharpLink.Server/ServerCallCancellationState.cs",365,"SharpLink.Server","Method","Public","TryRecordAbandoned",1,0,1,0,0,""
"src/SharpLink.Server/ServerCallCancellationState.cs",368,"SharpLink.Server","Method","Public","TryClaimModuleDrainResponse",1,0,2,0,0,""
"src/SharpLink.Server/ServerCallCancellationState.cs",386,"SharpLink.Server","Method","Private","InvokeCancellation",3,0,0,0,0,""
"src/SharpLink.Server/ServerCallCancellationState.cs",405,"SharpLink.Server","Method","Private","ReturnCore",2,0,0,0,0,""
"src/SharpLink.Server/ServerCallCapacityGovernor.cs",8,"SharpLink.Server","NamedType","Internal","global::SharpLink.Server.ServerCallCapacityGovernor",2,0,11,0,0,""
"src/SharpLink.Server/ServerCallCapacityGovernor.cs",14,"SharpLink.Server","Field","Private","_capacity",4,0,0,0,0,""
"src/SharpLink.Server/ServerCallCapacityGovernor.cs",26,"SharpLink.Server","Property","Internal","Capacity",1,0,0,0,0,""
"src/SharpLink.Server/ServerCallCapacityGovernor.cs",51,"SharpLink.Server","Method","Internal","CaptureSnapshot",1,0,17,0,0,""
"src/SharpLink.Server/ServerCallCapacityGovernor.cs",72,"SharpLink.Server","Method","Private","ActivateReservation",1,0,0,0,0,""
"src/SharpLink.Server/ServerCallCapacityGovernor.cs",88,"SharpLink.Server","Method","Private","ReleaseReservation",1,0,0,0,0,""
"src/SharpLink.Server/ServerCallCapacityGovernor.cs",104,"SharpLink.Server","Method","Private","ReleaseActiveCall",1,0,0,0,0,""
"src/SharpLink.Server/ServerCallCapacityGovernor.cs",120,"SharpLink.Server","Method","Private","NotifyReservationEnteredActivatingForTest",1,0,0,0,0,""
"src/SharpLink.Server/ServerCallCapacityGovernor.cs",123,"SharpLink.Server","Method","Private","NotifyDisposeObservedActivatingForTest",1,0,0,0,0,""
"src/SharpLink.Server/ServerCallCapacityGovernor.cs",126,"SharpLink.Server","Method","Private","NotifyReservationReleaseClaimedForTest",1,0,0,0,0,""
"src/SharpLink.Server/ServerCallCapacityGovernor.cs",129,"SharpLink.Server","Method","Private","NotifyDisposeObservedReleasingForTest",1,0,0,0,0,""
"src/SharpLink.Server/ServerCallCapacityGovernor.cs",132,"SharpLink.Server","Method","Private","GetReserved",5,0,0,0,0,""
"src/SharpLink.Server/ServerCallCapacityGovernor.cs",134,"SharpLink.Server","Method","Private","GetActive",5,0,0,0,0,""
"src/SharpLink.Server/ServerCallCapacityGovernor.cs",136,"SharpLink.Server","Method","Private","Pack",4,0,0,0,0,""
"src/SharpLink.Server/ServerCallCapacityGovernor.cs",145,"SharpLink.Server","NamedType","Internal","global::SharpLink.Server.ServerCallCapacityGovernor.ServerCallReservation",3,0,19,0,0,""
"src/SharpLink.Server/ServerCallCapacityGovernor.cs",156,"SharpLink.Server","Method","Internal","ServerCallReservation",1,0,0,0,0,"Constructor/activation"
"src/SharpLink.Server/ServerCallCapacityGovernor.cs",245,"SharpLink.Server","NamedType","Internal","global::SharpLink.Server.ServerCallCapacityGovernorTestHooks",2,0,2,0,0,""
"src/SharpLink.Server/ServerCallCapacityGovernor.cs",247,"SharpLink.Server","Property","Internal","ReservationEnteredActivating",1,0,1,0,0,""
"src/SharpLink.Server/ServerCallCapacityGovernor.cs",249,"SharpLink.Server","Property","Internal","DisposeObservedActivating",1,0,1,0,0,""
"src/SharpLink.Server/ServerCallCapacityGovernor.cs",251,"SharpLink.Server","Property","Internal","ReservationReleaseClaimed",1,0,1,0,0,""
"src/SharpLink.Server/ServerCallCapacityGovernor.cs",256,"SharpLink.Server","NamedType","Internal","global::SharpLink.Server.ServerCallCapacitySnapshot",3,0,11,0,0,""
"src/SharpLink.Server/ServerCallDeadlineScheduler.cs",8,"SharpLink.Server","NamedType","Internal","global::SharpLink.Server.ServerCallDeadlineScheduler",3,0,13,2,0,""
"src/SharpLink.Server/ServerCallDeadlineScheduler.cs",10,"SharpLink.Server","Field","Private","MinimumSnapshotCapacity",1,0,0,0,0,""
"src/SharpLink.Server/ServerCallDeadlineScheduler.cs",11,"SharpLink.Server","Field","Private","SnapshotHeadroom",2,0,0,0,0,""
"src/SharpLink.Server/ServerCallDeadlineScheduler.cs",12,"SharpLink.Server","Field","Private","MaximumSnapshotAttempts",2,0,0,0,0,""
"src/SharpLink.Server/ServerCallDeadlineScheduler.cs",14,"SharpLink.Server","Field","Private","_calls",6,0,0,0,0,""
"src/SharpLink.Server/ServerCallDeadlineScheduler.cs",15,"SharpLink.Server","Field","Private","_maxCalls",6,0,0,0,0,""
"src/SharpLink.Server/ServerCallDeadlineScheduler.cs",17,"SharpLink.Server","Field","Private","_snapshotPool",3,0,0,0,0,""
"src/SharpLink.Server/ServerCallDeadlineScheduler.cs",19,"SharpLink.Server","Field","Private","_deadlineGate",4,0,0,0,0,""
"src/SharpLink.Server/ServerCallDeadlineScheduler.cs",20,"SharpLink.Server","Field","Private","_approximateEarliestDeadline",4,0,0,0,0,""
"src/SharpLink.Server/ServerCallDeadlineScheduler.cs",21,"SharpLink.Server","Field","Private","_deadlineRevision",4,0,0,0,0,""
"src/SharpLink.Server/ServerCallDeadlineScheduler.cs",22,"SharpLink.Server","Field","Private","_hasApproximateEarliestDeadline",5,0,0,0,0,""
"src/SharpLink.Server/ServerCallDeadlineScheduler.cs",23,"SharpLink.Server","Field","Private","_scanRunning",2,0,0,0,0,""
"src/SharpLink.Server/ServerCallDeadlineScheduler.cs",26,"SharpLink.Server","Method","Internal","ServerCallDeadlineScheduler",1,0,12,1,0,"Constructor/activation"
"src/SharpLink.Server/ServerCallDeadlineScheduler.cs",63,"SharpLink.Server","Method","Internal","EnsureMaxCalls",1,0,0,0,0,""
"src/SharpLink.Server/ServerCallDeadlineScheduler.cs",78,"SharpLink.Server","Method","Internal","Register",4,0,17,1,0,""
"src/SharpLink.Server/ServerCallDeadlineScheduler.cs",92,"SharpLink.Server","Method","Private","UpdateEarliestDeadline",3,0,0,0,0,""
"src/SharpLink.Server/ServerCallDeadlineScheduler.cs",115,"SharpLink.Server","Method","Private","ScanExpiredDeadlines",1,0,0,0,0,""
"src/SharpLink.Server/ServerCallDeadlineScheduler.cs",196,"SharpLink.Server","Method","Private","GetInitialSnapshotCapacity",1,0,0,0,0,""
"src/SharpLink.Server/ServerCallDeadlineScheduler.cs",203,"SharpLink.Server","Method","Private","GetNextSnapshotCapacity",2,0,0,0,0,""
"src/SharpLink.Server/ServerCallDeadlineScheduler.cs",222,"SharpLink.Server","Method","Private","ScanSnapshot",1,0,0,0,0,""
"src/SharpLink.Server/ServerCallDeadlineScheduler.cs",249,"SharpLink.Server","Method","Private","ScheduleInvariantRetry",1,0,0,0,0,""
"src/SharpLink.Server/ServerCallDeadlineScheduler.cs",252,"SharpLink.Server","Method","Private","ReconcileDeadlineTimer",2,0,0,0,0,""
"src/SharpLink.Server/ServerCallDeadlineScheduler.cs",280,"SharpLink.Server","Method","Private","ArmDeadlineTimer",1,0,0,0,0,""
"src/SharpLink.Server/ServerCallDrainSignalSnapshot.cs",8,"SharpLink.Server","NamedType","Internal","global::SharpLink.Server.ServerCallDrainSignalSnapshot",3,0,1,0,0,""
"src/SharpLink.Server/ServerCallTerminationMapper.cs",3,"SharpLink.Server","NamedType","Internal","global::SharpLink.Server.ServerCallTerminationMapper",7,0,9,0,0,""
"src/SharpLink.Server/ServerCallTerminationMapper.cs",5,"SharpLink.Server","Method","Internal","MapRemoteCancellationReason",1,0,2,0,0,""
"src/SharpLink.Server/ServerCallTerminationMapper.cs",16,"SharpLink.Server","Method","Internal","GetTerminationReasonTag",2,0,1,0,0,""
"src/SharpLink.Server/ServerCallTerminationMapper.cs",31,"SharpLink.Server","Method","Internal","CreateRemoteCancellationException",1,0,1,0,0,""
"src/SharpLink.Server/ServerCallTerminationMapper.cs",46,"SharpLink.Server","Method","Internal","CreateServerCancellationException",3,0,5,0,0,""
"src/SharpLink.Server/ServerConnectionRegistry.cs",10,"SharpLink.Server","NamedType","Internal","global::SharpLink.Server.ServerConnectionRegistry",1,0,9,2,0,""
"src/SharpLink.Server/ServerConnectionRegistry.cs",13,"SharpLink.Server","Field","Private","_retired",4,0,0,0,0,""
"src/SharpLink.Server/ServerConnectionRegistry.cs",17,"SharpLink.Server","Property","Internal","Values",10,0,3,0,0,""
"src/SharpLink.Server/ServerConnectionRegistry.cs",19,"SharpLink.Server","Method","Internal","TryAdd",1,0,7,0,0,""
"src/SharpLink.Server/ServerConnectionRegistry.cs",22,"SharpLink.Server","Method","Internal","TryGetValue",7,0,3,0,0,""
"src/SharpLink.Server/ServerConnectionRegistry.cs",38,"SharpLink.Server","Method","Internal","TryUpdate",1,0,1,0,0,""
"src/SharpLink.Server/ServerConnectionRegistry.cs",44,"SharpLink.Server","Method","Internal","TryRemove",1,0,6,0,0,""
"src/SharpLink.Server/ServerConnectionRegistry.cs",65,"SharpLink.Server","Method","Internal","TryRetire",2,0,2,0,0,""
"src/SharpLink.Server/ServerConnectionRegistry.cs",68,"SharpLink.Server","Method","Internal","CompleteRetired",1,0,1,0,0,""
"src/SharpLink.Server/ServerConnectionRegistry.cs",78,"SharpLink.Server","Method","Internal","EnumerateActiveEntries",1,0,0,0,0,""
"src/SharpLink.Server/ServerConnectionRegistry.cs",82,"SharpLink.Server","Method","Internal","SnapshotActive",5,0,1,1,0,""
"src/SharpLink.Server/ServerConnectionRegistry.cs",89,"SharpLink.Server","Method","Internal","SnapshotOwned",1,0,2,0,0,""
"src/SharpLink.Server/ServerConnectionState.cs",3,"SharpLink.Server","NamedType","Internal","global::SharpLink.Server.ServerConnectionLifecycleState",22,0,13,0,0,""
"src/SharpLink.Server/ServerConnectionState.cs",5,"SharpLink.Server","Field","Public","Handshaking",3,0,2,0,0,"Enum/protocol identity"
"src/SharpLink.Server/ServerConnectionState.cs",6,"SharpLink.Server","Field","Public","Ready",10,0,5,0,0,"Enum/protocol identity"
"src/SharpLink.Server/ServerConnectionState.cs",7,"SharpLink.Server","Field","Public","Draining",25,0,2,0,0,"Enum/protocol identity"
"src/SharpLink.Server/ServerConnectionState.cs",8,"SharpLink.Server","Field","Public","Closed",2,0,4,0,0,"Enum/protocol identity"
"src/SharpLink.Server/ServerConnectionState.cs",12,"SharpLink.Server","NamedType","Internal","global::SharpLink.Server.ServerConnectionState",84,0,105,1,0,""
"src/SharpLink.Server/ServerConnectionState.cs",14,"SharpLink.Server","Field","Private","_connectionCancellation",4,0,0,0,0,""
"src/SharpLink.Server/ServerConnectionState.cs",15,"SharpLink.Server","Field","Private","_connectionToken",2,0,0,0,0,""
"src/SharpLink.Server/ServerConnectionState.cs",17,"SharpLink.Server","Field","Private","_sessionCompleted",5,0,0,0,0,""
"src/SharpLink.Server/ServerConnectionState.cs",19,"SharpLink.Server","Field","Private","_callsDrained",14,0,0,0,0,""
"src/SharpLink.Server/ServerConnectionState.cs",21,"SharpLink.Server","Field","Private","_sessionLoopCompleted",2,0,0,0,0,""
"src/SharpLink.Server/ServerConnectionState.cs",24,"SharpLink.Server","Field","Private","_authenticationContext",5,0,0,0,0,""
"src/SharpLink.Server/ServerConnectionState.cs",25,"SharpLink.Server","Field","Private","_defaultCallContext",5,0,0,0,0,""
"src/SharpLink.Server/ServerConnectionState.cs",26,"SharpLink.Server","Field","Private","_lastAcceptedRequestId",2,0,0,0,0,""
"src/SharpLink.Server/ServerConnectionState.cs",27,"SharpLink.Server","Field","Private","_activeCalls",5,0,0,0,0,""
"src/SharpLink.Server/ServerConnectionState.cs",28,"SharpLink.Server","Field","Private","_lifecycleState",5,0,0,0,0,""
"src/SharpLink.Server/ServerConnectionState.cs",29,"SharpLink.Server","Field","Private","_sessionLoopState",3,0,0,0,0,""
"src/SharpLink.Server/ServerConnectionState.cs",30,"SharpLink.Server","Field","Private","_closeStarted",1,0,0,0,0,""
"src/SharpLink.Server/ServerConnectionState.cs",31,"SharpLink.Server","Field","Private","_serviceCleanupTask",2,0,0,0,0,""
"src/SharpLink.Server/ServerConnectionState.cs",36,"SharpLink.Server","Method","Internal","ServerConnectionState",1,0,23,0,0,"Constructor/activation"
"src/SharpLink.Server/ServerConnectionState.cs",63,"SharpLink.Server","Property","Internal","Session",40,0,14,0,0,""
"src/SharpLink.Server/ServerConnectionState.cs",65,"SharpLink.Server","Property","Internal","GeneratedBridge",8,0,0,0,0,""
"src/SharpLink.Server/ServerConnectionState.cs",70,"SharpLink.Server","Property","Internal","DefaultCallContext",1,0,9,0,0,""
"src/SharpLink.Server/ServerConnectionState.cs",73,"SharpLink.Server","Method","Internal","GetCallContextSnapshot",1,0,3,0,0,""
"src/SharpLink.Server/ServerConnectionState.cs",91,"SharpLink.Server","Property","Internal","CallCancellations",4,0,10,0,0,""
"src/SharpLink.Server/ServerConnectionState.cs",93,"SharpLink.Server","Property","Internal","DeadlineScheduler",7,0,1,0,0,""
"src/SharpLink.Server/ServerConnectionState.cs",95,"SharpLink.Server","Property","Internal","ConnectionToken",52,0,4,0,0,""
"src/SharpLink.Server/ServerConnectionState.cs",99,"SharpLink.Server","Property","Internal","ServiceCleanupTask",1,0,27,0,0,""
"src/SharpLink.Server/ServerConnectionState.cs",101,"SharpLink.Server","Property","Internal","ActiveCalls",11,0,62,0,0,""
"src/SharpLink.Server/ServerConnectionState.cs",129,"SharpLink.Server","Property","Internal","LastAcceptedRequestId",1,0,1,0,0,""
"src/SharpLink.Server/ServerConnectionState.cs",131,"SharpLink.Server","Property","Internal","LifecycleState",12,0,16,0,0,""
"src/SharpLink.Server/ServerConnectionState.cs",134,"SharpLink.Server","Method","Internal","MarkSessionLoopStarted",1,0,1,0,0,""
"src/SharpLink.Server/ServerConnectionState.cs",140,"SharpLink.Server","Method","Internal","MarkSessionLoopCompleted",2,0,1,0,0,""
"src/SharpLink.Server/ServerConnectionState.cs",146,"SharpLink.Server","Method","Internal","MarkReady",2,0,44,0,0,""
"src/SharpLink.Server/ServerConnectionState.cs",165,"SharpLink.Server","Method","Internal","TryRecordAcceptedRequest",1,0,3,0,0,""
"src/SharpLink.Server/ServerConnectionState.cs",210,"SharpLink.Server","Method","Internal","AcquireServiceAsync",2,0,4,0,0,""
"src/SharpLink.Server/ServerConnectionState.cs",240,"SharpLink.Server","Method","Internal","DisposeServiceAsync",5,0,0,0,0,""
"src/SharpLink.Server/ServerConnectionState.cs",255,"SharpLink.Server","Method","Private","AwaitConnectionServiceAsync",2,0,0,0,0,""
"src/SharpLink.Server/ServerConnectionState.cs",274,"SharpLink.Server","Method","Internal","CaptureStopDiagnostics",2,0,0,0,0,""
"src/SharpLink.Server/ServerConnectionState.cs",308,"SharpLink.Server","Method","Internal","MarkDraining",6,0,6,0,0,""
"src/SharpLink.Server/ServerConnectionState.cs",328,"SharpLink.Server","Method","Internal","CloseAsync",4,0,46,0,0,""
"src/SharpLink.Server/ServerConnectionState.cs",336,"SharpLink.Server","Method","Private","CloseCoreAsync",1,0,0,0,0,""
"src/SharpLink.Server/ServerConnectionState.cs",403,"SharpLink.Server","Method","Private","CleanupServicesWhenCallsDrainAsync",1,0,0,0,0,""
"src/SharpLink.Server/ServerConnectionState.cs",442,"SharpLink.Server","NamedType","Private","global::SharpLink.Server.ServerConnectionState.ConnectionServiceEntry",8,0,0,0,0,""
"src/SharpLink.Server/ServerConnectionState.cs",444,"SharpLink.Server","Field","Private","_instance",7,0,0,0,0,""
"src/SharpLink.Server/ServerConnectionState.cs",445,"SharpLink.Server","Field","Private","_disposeGate",1,0,0,0,0,""
"src/SharpLink.Server/ServerConnectionState.cs",446,"SharpLink.Server","Field","Private","_disposeTask",1,0,0,0,0,""
"src/SharpLink.Server/ServerConnectionState.cs",448,"SharpLink.Server","Method","Internal","ConnectionServiceEntry",1,0,0,0,0,"Constructor/activation"
"src/SharpLink.Server/ServerConnectionState.cs",456,"SharpLink.Server","Method","Internal","GetServiceAsync",1,0,0,0,0,""
"src/SharpLink.Server/ServerConnectionState.cs",464,"SharpLink.Server","Method","Private","DisposeCoreAsync",1,0,0,0,0,""
"src/SharpLink.Server/ServerDecodeExecutor.cs",11,"SharpLink.Server","NamedType","Internal","global::SharpLink.Server.ServerDecodeExecutor",8,0,13,0,0,""
"src/SharpLink.Server/ServerDecodeExecutor.cs",13,"SharpLink.Server","Field","Private","s_compatibilitySchedulingKey",1,0,0,0,0,""
"src/SharpLink.Server/ServerDecodeExecutor.cs",15,"SharpLink.Server","Field","Private","_schedulerGate",8,0,0,0,0,""
"src/SharpLink.Server/ServerDecodeExecutor.cs",16,"SharpLink.Server","Field","Private","_connectionQueues",6,0,0,0,0,""
"src/SharpLink.Server/ServerDecodeExecutor.cs",18,"SharpLink.Server","Field","Private","_readyConnections",4,0,0,0,0,""
"src/SharpLink.Server/ServerDecodeExecutor.cs",19,"SharpLink.Server","Field","Private","_readySignal",6,0,0,0,0,""
"src/SharpLink.Server/ServerDecodeExecutor.cs",20,"SharpLink.Server","Field","Private","_compatibilitySlots",5,0,0,0,0,""
"src/SharpLink.Server/ServerDecodeExecutor.cs",21,"SharpLink.Server","Field","Private","_compatibilityStop",4,0,0,0,0,""
"src/SharpLink.Server/ServerDecodeExecutor.cs",22,"SharpLink.Server","Field","Private","_compatibilityOperationsDrained",3,0,0,0,0,""
"src/SharpLink.Server/ServerDecodeExecutor.cs",24,"SharpLink.Server","Field","Private","_workers",6,0,0,0,0,""
"src/SharpLink.Server/ServerDecodeExecutor.cs",25,"SharpLink.Server","Field","Private","_completion",8,0,0,0,0,""
"src/SharpLink.Server/ServerDecodeExecutor.cs",26,"SharpLink.Server","Field","Private","_queueCapacity",2,0,0,0,0,""
"src/SharpLink.Server/ServerDecodeExecutor.cs",27,"SharpLink.Server","Field","Private","_completionRequested",11,0,0,0,0,""
"src/SharpLink.Server/ServerDecodeExecutor.cs",29,"SharpLink.Server","Field","Private","_compatibilityOperations",6,0,0,0,0,""
"src/SharpLink.Server/ServerDecodeExecutor.cs",30,"SharpLink.Server","Field","Private","_queueReservations",5,0,0,0,0,""
"src/SharpLink.Server/ServerDecodeExecutor.cs",31,"SharpLink.Server","Field","Private","_queueDepth",5,0,0,0,0,""
"src/SharpLink.Server/ServerDecodeExecutor.cs",32,"SharpLink.Server","Field","Private","_skippedBeforeStart",3,0,0,0,0,""
"src/SharpLink.Server/ServerDecodeExecutor.cs",33,"SharpLink.Server","Field","Private","_startedWorkItems",2,0,0,0,0,""
"src/SharpLink.Server/ServerDecodeExecutor.cs",35,"SharpLink.Server","Method","Internal","ServerDecodeExecutor",1,0,11,0,0,"Constructor/activation"
"src/SharpLink.Server/ServerDecodeExecutor.cs",48,"SharpLink.Server","Property","Internal","WorkerCount",1,0,0,0,0,""
"src/SharpLink.Server/ServerDecodeExecutor.cs",54,"SharpLink.Server","Property","Internal","QueueDepth",1,0,29,0,0,""
"src/SharpLink.Server/ServerDecodeExecutor.cs",60,"SharpLink.Server","Property","Internal","QueueReservations",1,0,4,0,0,""
"src/SharpLink.Server/ServerDecodeExecutor.cs",64,"SharpLink.Server","Property","Internal","SkippedBeforeStart",1,0,4,0,0,""
"src/SharpLink.Server/ServerDecodeExecutor.cs",66,"SharpLink.Server","Property","Internal","StartedWorkItems",1,0,0,0,0,""
"src/SharpLink.Server/ServerDecodeExecutor.cs",68,"SharpLink.Server","Property","Internal","IsAccepting",1,0,1,0,0,""
"src/SharpLink.Server/ServerDecodeExecutor.cs",70,"SharpLink.Server","Property","Internal","Completion",3,0,0,0,0,""
"src/SharpLink.Server/ServerDecodeExecutor.cs",72,"SharpLink.Server","Property","Internal","ScheduledConnectionCount",1,0,15,0,0,""
"src/SharpLink.Server/ServerDecodeExecutor.cs",85,"SharpLink.Server","Method","Internal","TryReserveQueueSlot",1,0,3,0,0,""
"src/SharpLink.Server/ServerDecodeExecutor.cs",115,"SharpLink.Server","Method","Internal","EnqueueReservedAsync",1,0,2,0,0,""
"src/SharpLink.Server/ServerDecodeExecutor.cs",162,"SharpLink.Server","Method","Internal","EnqueueAsync",1,0,26,0,0,""
"src/SharpLink.Server/ServerDecodeExecutor.cs",209,"SharpLink.Server","Method","Internal","CompleteAsync",1,0,10,0,0,""
"src/SharpLink.Server/ServerDecodeExecutor.cs",226,"SharpLink.Server","Method","Internal","ReleaseQueueReservation",2,0,0,0,0,""
"src/SharpLink.Server/ServerDecodeExecutor.cs",236,"SharpLink.Server","Method","Private","EnqueueTrackedCompatibilityAsync",1,0,0,0,0,""
"src/SharpLink.Server/ServerDecodeExecutor.cs",251,"SharpLink.Server","Method","Private","EnqueueCoreAsync",1,0,0,0,0,""
"src/SharpLink.Server/ServerDecodeExecutor.cs",313,"SharpLink.Server","Method","Private","WorkerLoopAsync",1,0,0,0,0,""
"src/SharpLink.Server/ServerDecodeExecutor.cs",344,"SharpLink.Server","Method","Private","PublishEntryLocked",2,0,0,0,0,""
"src/SharpLink.Server/ServerDecodeExecutor.cs",363,"SharpLink.Server","Method","Private","AddReadyConnectionLocked",2,0,0,0,0,""
"src/SharpLink.Server/ServerDecodeExecutor.cs",374,"SharpLink.Server","Method","Private","TryTakeNextEntry",1,0,0,0,0,""
"src/SharpLink.Server/ServerDecodeExecutor.cs",417,"SharpLink.Server","Method","Private","RemoveCancelledBeforeStart",2,0,0,0,0,""
"src/SharpLink.Server/ServerDecodeExecutor.cs",449,"SharpLink.Server","Method","Private","RemoveReadyConnectionLocked",1,0,0,0,0,""
"src/SharpLink.Server/ServerDecodeExecutor.cs",466,"SharpLink.Server","Method","Private","ReleaseQueuedOwnership",2,0,0,0,0,""
"src/SharpLink.Server/ServerDecodeExecutor.cs",474,"SharpLink.Server","Method","Private","CompleteCompatibilityOperation",1,0,0,0,0,""
"src/SharpLink.Server/ServerDecodeExecutor.cs",494,"SharpLink.Server","Method","Private","DecrementQueueDepth",3,0,0,0,0,""
"src/SharpLink.Server/ServerDecodeExecutor.cs",504,"SharpLink.Server","NamedType","Private","global::SharpLink.Server.ServerDecodeExecutor.ConnectionQueue",10,0,0,0,0,""
"src/SharpLink.Server/ServerDecodeExecutor.cs",506,"SharpLink.Server","Property","Internal","SchedulingKey",6,0,0,0,0,""
"src/SharpLink.Server/ServerDecodeExecutor.cs",508,"SharpLink.Server","Property","Internal","Pending",6,0,0,0,0,""
"src/SharpLink.Server/ServerDecodeExecutor.cs",510,"SharpLink.Server","Property","Internal","ReadyNode",6,0,0,0,0,""
"src/SharpLink.Server/ServerDecodeExecutor.cs",513,"SharpLink.Server","NamedType","Private","global::SharpLink.Server.ServerDecodeExecutor.ServerDecodeQueueEntry",9,0,0,0,0,""
"src/SharpLink.Server/ServerDecodeExecutor.cs",521,"SharpLink.Server","Property","Internal","WorkItem",2,0,0,0,0,""
"src/SharpLink.Server/ServerDecodeExecutor.cs",523,"SharpLink.Server","Property","Internal","QueuePermit",2,0,0,0,0,""
"src/SharpLink.Server/ServerDecodeExecutor.cs",525,"SharpLink.Server","Property","Internal","ReleaseCompatibilitySlot",1,0,0,0,0,""
"src/SharpLink.Server/ServerDecodeExecutor.cs",529,"SharpLink.Server","Property","Internal","PendingNode",4,0,0,0,0,""
"src/SharpLink.Server/ServerDecodeExecutor.cs",532,"SharpLink.Server","NamedType","Private","global::SharpLink.Server.ServerDecodeExecutor.ReferenceKeyComparer",2,0,0,0,0,""
"src/SharpLink.Server/ServerDecodeExecutor.cs",547,"SharpLink.Server","NamedType","Internal","global::SharpLink.Server.ServerDecodeQueuePermit",7,0,3,0,0,""
"src/SharpLink.Server/ServerDecodeExecutor.cs",550,"SharpLink.Server","Field","Private","Enqueued",1,0,0,0,0,""
"src/SharpLink.Server/ServerDecodeExecutor.cs",553,"SharpLink.Server","Field","Private","_executor",3,0,0,0,0,""
"src/SharpLink.Server/ServerDecodeExecutor.cs",556,"SharpLink.Server","Method","Internal","ServerDecodeQueuePermit",1,0,0,0,0,"Constructor/activation"
"src/SharpLink.Server/ServerDecodeExecutor.cs",559,"SharpLink.Server","Method","Internal","MarkEnqueued",1,0,0,0,0,""
"src/SharpLink.Server/ServerDecodeExecutor.cs",580,"SharpLink.Server","NamedType","Internal","global::SharpLink.Server.ServerDecodeExecutorClosedException",5,0,3,0,0,""
"src/SharpLink.Server/ServerDecodeExecutor.cs",582,"SharpLink.Server","Method","Internal","ServerDecodeExecutorClosedException",4,0,0,0,0,"Constructor/activation"
"src/SharpLink.Server/ServerDecodeExecutor.cs",599,"SharpLink.Server","NamedType","Internal","global::SharpLink.Server.ServerDecodeWorkItem",10,0,24,0,0,""
"src/SharpLink.Server/ServerDecodeExecutor.cs",601,"SharpLink.Server","Field","Private","Queued",3,0,0,0,0,""
"src/SharpLink.Server/ServerDecodeExecutor.cs",602,"SharpLink.Server","Field","Private","Running",18,0,0,0,0,""
"src/SharpLink.Server/ServerDecodeExecutor.cs",603,"SharpLink.Server","Field","Private","CancelledBeforeStart",4,0,0,0,0,""
"src/SharpLink.Server/ServerDecodeExecutor.cs",606,"SharpLink.Server","Field","Private","_executeAsync",2,0,0,0,0,""
"src/SharpLink.Server/ServerDecodeExecutor.cs",609,"SharpLink.Server","Field","Private","_queuedCancellationRegistration",5,0,0,0,0,""
"src/SharpLink.Server/ServerDecodeExecutor.cs",610,"SharpLink.Server","Field","Private","_cancellationToken",6,0,0,0,0,""
"src/SharpLink.Server/ServerDecodeExecutor.cs",611,"SharpLink.Server","Field","Private","_cancelledBeforeStart",2,0,0,0,0,""
"src/SharpLink.Server/ServerDecodeExecutor.cs",613,"SharpLink.Server","Field","Private","_cancellationRegistrationEnabled",1,0,0,0,0,""
"src/SharpLink.Server/ServerDecodeExecutor.cs",615,"SharpLink.Server","Method","Internal","ServerDecodeWorkItem",1,0,24,0,0,"Constructor/activation"
"src/SharpLink.Server/ServerDecodeExecutor.cs",620,"SharpLink.Server","Property","Internal","IsCancelledBeforeStart",3,0,0,0,0,""
"src/SharpLink.Server/ServerDecodeExecutor.cs",623,"SharpLink.Server","Method","Internal","EnableQueuedCancellation",2,0,0,0,0,""
"src/SharpLink.Server/ServerDecodeExecutor.cs",640,"SharpLink.Server","Method","Internal","TryStart",1,0,0,0,0,""
"src/SharpLink.Server/ServerDecodeExecutor.cs",649,"SharpLink.Server","Method","Internal","RunAsync",1,0,0,0,0,""
"src/SharpLink.Server/ServerDecodeExecutor.cs",674,"SharpLink.Server","Method","Internal","CompleteSkippedBeforeStart",1,0,0,0,0,""
"src/SharpLink.Server/ServerDecodeExecutor.cs",682,"SharpLink.Server","Method","Internal","CompleteRemovedBeforeStart",1,0,0,0,0,""
"src/SharpLink.Server/ServerDecodeExecutor.cs",690,"SharpLink.Server","Method","Internal","AbandonBeforePublication",3,0,0,0,0,""
"src/SharpLink.Server/ServerDecodeExecutor.cs",696,"SharpLink.Server","Method","Private","CancelBeforeStart",1,0,0,0,0,""
"src/SharpLink.Server/ServerGeneratedBridge.cs",7,"SharpLink.Server","NamedType","Internal","global::SharpLink.Server.ServerGeneratedBridge",3,0,0,0,0,""
"src/SharpLink.Server/ServerGeneratedBridge.cs",12,"SharpLink.Server","Field","Private","_protocolBridge",2,0,0,0,0,""
"src/SharpLink.Server/ServerGeneratedBridge.cs",14,"SharpLink.Server","Method","Public","EnsureUserCodeEntry",7,0,0,0,0,""
"src/SharpLink.Server/ServerGeneratedBridge.cs",114,"SharpLink.Server","Method","Private","GetSelectedTerminal",1,0,0,0,0,""
"src/SharpLink.Server/ServerGeneratedBridge.cs",149,"SharpLink.Server","NamedType","Private","global::SharpLink.Server.ServerGeneratedBridge.UserCodeEntryAsyncEnumerable<T>",2,0,0,0,0,""
"src/SharpLink.Server/ServerGeneratedBridge.cs",163,"SharpLink.Server","NamedType","Private","global::SharpLink.Server.ServerGeneratedBridge.UserCodeEntryAsyncEnumerable<T>.UserCodeEntryAsyncEnumerator",1,0,0,0,0,""
"src/SharpLink.Server/ServerLifecycleCoordinator.Cleanup.cs",3,"SharpLink.Server","NamedType","Internal","global::SharpLink.Server.SharpLinkServer",34,0,409,4,0,""
"src/SharpLink.Server/ServerLifecycleCoordinator.Cleanup.cs",5,"SharpLink.Server","NamedType","Internal","global::SharpLink.Server.SharpLinkServer.ServerLifecycleCoordinator",3,0,5,0,0,""
"src/SharpLink.Server/ServerLifecycleCoordinator.Cleanup.cs",7,"SharpLink.Server","Method","Private","SendGoAwayToAllAsync",1,0,0,0,0,""
"src/SharpLink.Server/ServerLifecycleCoordinator.Cleanup.cs",21,"SharpLink.Server","Method","Private","SendGoAwayAsync",1,0,0,0,0,""
"src/SharpLink.Server/ServerLifecycleCoordinator.Cleanup.cs",36,"SharpLink.Server","Method","Private","FlushAllSessionsAsync",1,0,0,0,0,""
"src/SharpLink.Server/ServerLifecycleCoordinator.Cleanup.cs",45,"SharpLink.Server","Method","Private","FlushSessionAsync",1,0,0,0,0,""
"src/SharpLink.Server/ServerLifecycleCoordinator.Cleanup.cs",57,"SharpLink.Server","Method","Private","DisposeAllSessionsAsync",3,0,0,0,0,""
"src/SharpLink.Server/ServerLifecycleCoordinator.Cleanup.cs",73,"SharpLink.Server","Method","Private","DisposeServicesWhenDrainedAsync",2,0,0,0,0,""
"src/SharpLink.Server/ServerLifecycleCoordinator.Cleanup.cs",86,"SharpLink.Server","Method","Private","DisposeRegisteredServicesAsync",3,0,0,0,0,""
"src/SharpLink.Server/ServerLifecycleCoordinator.Cleanup.cs",134,"SharpLink.Server","Method","Private","WaitUntilWithRuntimeTimeAsync",5,0,0,0,0,""
"src/SharpLink.Server/ServerLifecycleCoordinator.Cleanup.cs",137,"SharpLink.Server","Method","Private","WaitUntilWithProviderAsync",2,0,0,0,0,""
"src/SharpLink.Server/ServerLifecycleCoordinator.Cleanup.cs",157,"SharpLink.Server","Method","Private","StartListenerDispose",2,0,0,0,0,""
"src/SharpLink.Server/ServerLifecycleCoordinator.Cleanup.cs",169,"SharpLink.Server","Method","Private","CancelForShutdown",4,0,0,0,0,""
"src/SharpLink.Server/ServerLifecycleCoordinator.Cleanup.cs",181,"SharpLink.Server","Method","Private","ObserveShutdownAndDisposeTokensAsync",2,0,0,0,0,""
"src/SharpLink.Server/ServerLifecycleCoordinator.Cleanup.cs",198,"SharpLink.Server","Method","Private","ObserveCleanupFailureAsync",2,0,0,0,0,""
"src/SharpLink.Server/ServerLifecycleCoordinator.Cleanup.cs",210,"SharpLink.Server","Method","Private","AddTaskFailures",2,0,0,0,0,""
"src/SharpLink.Server/ServerLifecycleCoordinator.Cleanup.cs",225,"SharpLink.Server","Method","Private","CreateTerminalFailure",1,0,0,0,0,""
"src/SharpLink.Server/ServerLifecycleCoordinator.Cleanup.cs",240,"SharpLink.Server","Method","Private","ThrowUnexpectedShutdownTaskFailures",1,0,0,0,0,""
"src/SharpLink.Server/ServerLifecycleCoordinator.cs",21,"SharpLink.Server","Field","Private","_acceptCts",8,0,0,0,0,""
"src/SharpLink.Server/ServerLifecycleCoordinator.cs",22,"SharpLink.Server","Field","Private","_forceStopCts",7,0,0,0,0,""
"src/SharpLink.Server/ServerLifecycleCoordinator.cs",23,"SharpLink.Server","Field","Private","_stateGate",6,0,0,0,0,""
"src/SharpLink.Server/ServerLifecycleCoordinator.cs",26,"SharpLink.Server","Field","Private","_terminalCompletion",4,0,0,0,0,""
"src/SharpLink.Server/ServerLifecycleCoordinator.cs",28,"SharpLink.Server","Field","Private","_startTask",3,0,0,0,0,""
"src/SharpLink.Server/ServerLifecycleCoordinator.cs",29,"SharpLink.Server","Field","Private","_acceptTask",2,0,0,0,0,""
"src/SharpLink.Server/ServerLifecycleCoordinator.cs",30,"SharpLink.Server","Field","Private","_acceptObserverTask",2,0,0,0,0,""
"src/SharpLink.Server/ServerLifecycleCoordinator.cs",31,"SharpLink.Server","Field","Private","_terminalFailureObserverTask",2,0,0,0,0,""
"src/SharpLink.Server/ServerLifecycleCoordinator.cs",32,"SharpLink.Server","Field","Private","_stopTask",5,0,0,0,0,""
"src/SharpLink.Server/ServerLifecycleCoordinator.cs",33,"SharpLink.Server","Field","Private","_terminalFailure",4,0,0,0,0,""
"src/SharpLink.Server/ServerLifecycleCoordinator.cs",34,"SharpLink.Server","Field","Private","_deferredServiceCleanupTask",4,0,0,0,0,""
"src/SharpLink.Server/ServerLifecycleCoordinator.cs",35,"SharpLink.Server","Field","Private","_shutdownCleanupObserver",4,0,0,0,0,""
"src/SharpLink.Server/ServerLifecycleCoordinator.cs",36,"SharpLink.Server","Field","Private","_serviceCleanupObserver",3,0,0,0,0,""
"src/SharpLink.Server/ServerLifecycleCoordinator.cs",37,"SharpLink.Server","Field","Private","_lastStopDiagnostics",2,0,0,0,0,""
"src/SharpLink.Server/ServerLifecycleCoordinator.cs",39,"SharpLink.Server","Field","Private","_callDrainSignalState",3,0,0,0,0,""
"src/SharpLink.Server/ServerLifecycleCoordinator.cs",40,"SharpLink.Server","Field","Private","_lastCallDrainSignalGlobalCalls",2,0,0,0,0,""
"src/SharpLink.Server/ServerLifecycleCoordinator.cs",41,"SharpLink.Server","Field","Private","_lastCallDrainSignalPendingAdmissions",2,0,0,0,0,""
"src/SharpLink.Server/ServerLifecycleCoordinator.cs",42,"SharpLink.Server","Field","Private","_lastCallDrainSignalLocalCalls",2,0,0,0,0,""
"src/SharpLink.Server/ServerLifecycleCoordinator.cs",44,"SharpLink.Server","Method","Internal","ServerLifecycleCoordinator",1,0,0,0,0,"Constructor/activation"
"src/SharpLink.Server/ServerLifecycleCoordinator.cs",49,"SharpLink.Server","Property","Internal","AcceptSource",1,0,0,0,0,""
"src/SharpLink.Server/ServerLifecycleCoordinator.cs",51,"SharpLink.Server","Property","Internal","ForceStopSource",1,0,1,0,0,""
"src/SharpLink.Server/ServerLifecycleCoordinator.cs",53,"SharpLink.Server","Property","Internal","StateGate",1,0,1,0,0,""
"src/SharpLink.Server/ServerLifecycleCoordinator.cs",56,"SharpLink.Server","Property","Internal","HasStopStarted",9,0,0,0,0,""
"src/SharpLink.Server/ServerLifecycleCoordinator.cs",69,"SharpLink.Server","Property","Internal","HealthStatus",2,0,7,0,0,""
"src/SharpLink.Server/ServerLifecycleCoordinator.cs",76,"SharpLink.Server","Method","Internal","StartAsync",1,0,3,0,0,""
"src/SharpLink.Server/ServerLifecycleCoordinator.cs",119,"SharpLink.Server","Method","Internal","WaitForShutdownAsync",1,0,3,0,0,""
"src/SharpLink.Server/ServerLifecycleCoordinator.cs",127,"SharpLink.Server","Method","Internal","StopAsync",3,0,45,0,0,""
"src/SharpLink.Server/ServerLifecycleCoordinator.cs",138,"SharpLink.Server","Method","Private","CompleteStartAsync",1,0,0,0,0,""
"src/SharpLink.Server/ServerLifecycleCoordinator.cs",173,"SharpLink.Server","Method","Private","StartCoreAsync",1,0,0,0,0,""
"src/SharpLink.Server/ServerLifecycleCoordinator.cs",218,"SharpLink.Server","Method","Private","ObserveAcceptLoopAsync",1,0,0,0,0,""
"src/SharpLink.Server/ServerLifecycleCoordinator.cs",242,"SharpLink.Server","Method","Internal","BeginAndObserveTerminalFailure",3,0,0,0,0,""
"src/SharpLink.Server/ServerLifecycleCoordinator.cs",252,"SharpLink.Server","Method","Private","ObserveTerminalFailureAsync",1,0,0,0,0,""
"src/SharpLink.Server/ServerLifecycleCoordinator.cs",265,"SharpLink.Server","Method","Internal","BeginTerminalFailure",2,0,0,0,0,""
"src/SharpLink.Server/ServerLifecycleCoordinator.cs",281,"SharpLink.Server","Method","Private","CompleteFaultedStopAsync",1,0,0,0,0,""
"src/SharpLink.Server/ServerLifecycleCoordinator.cs",309,"SharpLink.Server","Method","Private","WaitForAcceptRuntimeShutdownAsync",2,0,0,0,0,""
"src/SharpLink.Server/ServerLifecycleCoordinator.cs",338,"SharpLink.Server","Method","Private","GetOrCreateStopTask",1,0,0,0,0,""
"src/SharpLink.Server/ServerLifecycleCoordinator.cs",347,"SharpLink.Server","Method","Private","StopCoreAsync",1,0,0,0,0,""
"src/SharpLink.Server/ServerLifecycleCoordinator.cs",487,"SharpLink.Server","Method","Private","CleanupAfterRuntimeFailureAsync",1,0,0,0,0,""
"src/SharpLink.Server/ServerLifecycleCoordinator.cs",567,"SharpLink.Server","Method","Internal","TrySignalCallsDrained",4,0,0,0,0,""
"src/SharpLink.Server/ServerLifecycleCoordinator.cs",597,"SharpLink.Server","Property","Internal","CallsDrainedForDiagnostics",1,0,6,0,0,""
"src/SharpLink.Server/ServerLifecycleCoordinator.cs",599,"SharpLink.Server","Property","Internal","LastCallDrainSignalForDiagnostics",1,0,2,0,0,""
"src/SharpLink.Server/ServerLifecycleCoordinator.cs",612,"SharpLink.Server","Property","Internal","LastStopDiagnostics",1,0,3,0,0,""
"src/SharpLink.Server/ServerLifecycleCoordinator.cs",615,"SharpLink.Server","Method","Internal","CaptureDeferredTaskSnapshot",1,0,0,0,0,""
"src/SharpLink.Server/ServerLifecycleCoordinator.cs",622,"SharpLink.Server","Method","Internal","AssertCallAccountingInvariant",1,0,6,0,0,""
"src/SharpLink.Server/ServerLifecycleCoordinator.cs",635,"SharpLink.Server","Method","Internal","ForceStop",1,0,0,0,0,""
"src/SharpLink.Server/ServerLifecycleCoordinator.Diagnostics.cs",15,"SharpLink.Server","Method","Internal","DisposeAllSessionsForDiagnosticsAsync",1,0,0,0,0,""
"src/SharpLink.Server/ServerRequestEnvelopeReader.cs",3,"SharpLink.Server","NamedType","Internal","global::SharpLink.Server.ServerRequestEnvelopeReader",3,0,25,0,0,""
"src/SharpLink.Server/ServerRequestEnvelopeReader.cs",6,"SharpLink.Server","Method","Internal","ReadDecoded",2,0,7,0,0,""
"src/SharpLink.Server/ServerRequestEnvelopeReader.cs",42,"SharpLink.Server","Method","Internal","Read",2,0,18,0,0,""
"src/SharpLink.Server/ServerRequestEnvelopeReader.cs",110,"SharpLink.Server","NamedType","Internal","global::SharpLink.Server.ServerRequestEnvelope",12,0,22,0,0,""
"src/SharpLink.Server/ServerResourceGovernor.cs",5,"SharpLink.Server","Field","Private","_resourceGovernor",2,0,0,0,0,""
"src/SharpLink.Server/ServerResourceGovernor.cs",38,"SharpLink.Server","NamedType","Internal","global::SharpLink.Server.ServerResourceGovernor",16,0,2,0,0,""
"src/SharpLink.Server/ServerResourceGovernor.cs",40,"SharpLink.Server","Field","Private","_maxConcurrentDecodes",3,0,0,0,0,""
"src/SharpLink.Server/ServerResourceGovernor.cs",41,"SharpLink.Server","Field","Private","_maxRetainedCompressedBytes",3,0,0,0,0,""
"src/SharpLink.Server/ServerResourceGovernor.cs",42,"SharpLink.Server","Field","Private","_maxDecodedBytesInFlight",2,0,0,0,0,""
"src/SharpLink.Server/ServerResourceGovernor.cs",43,"SharpLink.Server","Field","Private","_maxPreAdmissionStreamBytes",2,0,0,0,0,""
"src/SharpLink.Server/ServerResourceGovernor.cs",44,"SharpLink.Server","Field","Private","_activeDecodes",5,0,0,0,0,""
"src/SharpLink.Server/ServerResourceGovernor.cs",45,"SharpLink.Server","Field","Private","_retainedCompressedBytes",11,0,0,0,0,""
"src/SharpLink.Server/ServerResourceGovernor.cs",46,"SharpLink.Server","Field","Private","_decodedBytesInFlight",3,0,0,0,0,""
"src/SharpLink.Server/ServerResourceGovernor.cs",47,"SharpLink.Server","Field","Private","_preAdmissionStreamBytes",3,0,0,0,0,""
"src/SharpLink.Server/ServerResourceGovernor.cs",49,"SharpLink.Server","Method","Internal","ServerResourceGovernor",1,0,2,0,0,"Constructor/activation"
"src/SharpLink.Server/ServerResourceGovernor.cs",77,"SharpLink.Server","Property","Internal","ActiveDecodeCount",1,0,0,0,0,""
"src/SharpLink.Server/ServerResourceGovernor.cs",79,"SharpLink.Server","Property","Internal","RetainedCompressedBytes",1,0,0,0,0,""
"src/SharpLink.Server/ServerResourceGovernor.cs",81,"SharpLink.Server","Property","Internal","DecodedBytesInFlight",1,0,0,0,0,""
"src/SharpLink.Server/ServerResourceGovernor.cs",83,"SharpLink.Server","Property","Internal","PreAdmissionStreamBytes",1,0,6,0,0,""
"src/SharpLink.Server/ServerResourceGovernor.cs",85,"SharpLink.Server","Method","Internal","TryAcquireRetained",1,0,0,0,0,""
"src/SharpLink.Server/ServerResourceGovernor.cs",112,"SharpLink.Server","Method","Internal","TryReservePreAdmissionStreamBytes",2,0,2,0,0,""
"src/SharpLink.Server/ServerResourceGovernor.cs",143,"SharpLink.Server","Method","Internal","TryAcquireDecode",2,0,0,0,0,""
"src/SharpLink.Server/ServerResourceGovernor.cs",208,"SharpLink.Server","Method","Internal","TryReserveDecodedBytes",2,0,6,0,0,""
"src/SharpLink.Server/ServerResourceGovernor.cs",214,"SharpLink.Server","Method","Internal","ReleaseRetained",3,0,0,0,0,""
"src/SharpLink.Server/ServerResourceGovernor.cs",220,"SharpLink.Server","Method","Internal","ReleasePreAdmissionStreamBytes",3,0,1,0,0,""
"src/SharpLink.Server/ServerResourceGovernor.cs",226,"SharpLink.Server","Method","Internal","ReleaseDecodeAndRetained",4,0,0,0,0,""
"src/SharpLink.Server/ServerResourceGovernor.cs",238,"SharpLink.Server","Method","Internal","ReleaseDecodedBytes",2,0,0,0,0,""
"src/SharpLink.Server/ServerResourceGovernor.cs",241,"SharpLink.Server","Method","Private","ReleaseDecodeSlot",3,0,0,0,0,""
"src/SharpLink.Server/ServerResourceGovernor.cs",251,"SharpLink.Server","Method","Private","TryIncrementBounded",2,0,0,0,0,""
"src/SharpLink.Server/ServerResourceGovernor.cs",263,"SharpLink.Server","Method","Private","TryAddBounded",4,0,0,0,0,""
"src/SharpLink.Server/ServerResourceGovernor.cs",280,"SharpLink.Server","Method","Private","ReleaseBytes",3,0,0,0,0,""
"src/SharpLink.Server/ServerResourceGovernor.cs",299,"SharpLink.Server","NamedType","Internal","global::SharpLink.Server.ServerPreAdmissionStreamBytesPermit",2,0,4,0,0,""
"src/SharpLink.Server/ServerResourceGovernor.cs",301,"SharpLink.Server","Field","Private","_governor",13,0,0,0,0,""
"src/SharpLink.Server/ServerResourceGovernor.cs",302,"SharpLink.Server","Field","Private","_retainedBytes",3,0,0,0,0,""
"src/SharpLink.Server/ServerResourceGovernor.cs",305,"SharpLink.Server","Method","Internal","ServerPreAdmissionStreamBytesPermit",1,0,0,0,0,"Constructor/activation"
"src/SharpLink.Server/ServerResourceGovernor.cs",328,"SharpLink.Server","NamedType","Internal","global::SharpLink.Server.ServerRetainedCompressedPermit",9,0,0,0,0,""
"src/SharpLink.Server/ServerResourceGovernor.cs",330,"SharpLink.Server","Field","Private","Owned",3,0,0,0,0,""
"src/SharpLink.Server/ServerResourceGovernor.cs",331,"SharpLink.Server","Field","Private","Transferred",1,0,0,0,0,""
"src/SharpLink.Server/ServerResourceGovernor.cs",338,"SharpLink.Server","Method","Internal","ServerRetainedCompressedPermit",1,0,0,0,0,"Constructor/activation"
"src/SharpLink.Server/ServerResourceGovernor.cs",348,"SharpLink.Server","Method","Internal","TryTransferToDecode",1,0,0,0,0,""
"src/SharpLink.Server/ServerResourceGovernor.cs",377,"SharpLink.Server","NamedType","Internal","global::SharpLink.Server.ServerDecodedBytesPermit",6,0,0,0,0,""
"src/SharpLink.Server/ServerResourceGovernor.cs",380,"SharpLink.Server","Field","Private","_decodedBytes",9,0,0,0,0,""
"src/SharpLink.Server/ServerResourceGovernor.cs",383,"SharpLink.Server","Method","Internal","ServerDecodedBytesPermit",1,0,0,0,0,"Constructor/activation"
"src/SharpLink.Server/ServerResourceGovernor.cs",406,"SharpLink.Server","NamedType","Internal","global::SharpLink.Server.ServerDecodePermit",15,0,16,0,0,""
"src/SharpLink.Server/ServerResourceGovernor.cs",412,"SharpLink.Server","Field","Private","_decodeCompleted",6,0,0,0,0,""
"src/SharpLink.Server/ServerResourceGovernor.cs",415,"SharpLink.Server","Method","Internal","ServerDecodePermit",2,0,0,0,0,"Constructor/activation"
"src/SharpLink.Server/ServerResourceGovernor.cs",423,"SharpLink.Server","Property","Internal","IsDecodeCompleted",1,0,0,0,0,""
"src/SharpLink.Server/ServerResourceGovernor.cs",458,"SharpLink.Server","Method","Internal","CompleteDecode",5,0,3,0,0,""
"src/SharpLink.Server/ServerResourceGovernor.cs",471,"SharpLink.Server","Method","Internal","DetachDecodedBytesOwnership",1,0,0,0,0,""
"src/SharpLink.Server/ServerRuntimeComposition.cs",8,"SharpLink.Server","NamedType","Internal","global::SharpLink.Server.ServerRuntimeComposition",2,0,0,0,0,""
"src/SharpLink.Server/ServerRuntimeComposition.cs",11,"SharpLink.Server","Field","Private","_staticManifests",13,0,0,0,0,""
"src/SharpLink.Server/ServerRuntimeComposition.cs",13,"SharpLink.Server","Method","Internal","ServerRuntimeComposition",1,0,0,0,0,"Constructor/activation"
"src/SharpLink.Server/ServerRuntimeComposition.cs",71,"SharpLink.Server","Property","Internal","TransportListener",2,0,0,0,0,""
"src/SharpLink.Server/ServerRuntimeComposition.cs",73,"SharpLink.Server","Property","Internal","Services",8,0,1,0,0,""
"src/SharpLink.Server/ServerRuntimeComposition.cs",79,"SharpLink.Server","Property","Internal","Logger",2,0,0,0,0,""
"src/SharpLink.Server/ServerRuntimeComposition.cs",85,"SharpLink.Server","Property","Internal","Authentication",2,0,0,0,0,""
"src/SharpLink.Server/ServerRuntimeComposition.cs",87,"SharpLink.Server","Property","Internal","ProtocolOptions",2,0,0,0,0,""
"src/SharpLink.Server/ServerRuntimeComposition.cs",91,"SharpLink.Server","Property","Internal","Interceptors",1,0,0,0,0,""
"src/SharpLink.Server/ServerRuntimeComposition.cs",95,"SharpLink.Server","Property","Internal","ServiceCleanup",2,0,0,0,0,""
"src/SharpLink.Server/ServerRuntimeComposition.cs",97,"SharpLink.Server","Property","Internal","ServiceProvider",2,0,0,0,0,""
"src/SharpLink.Server/ServerRuntimeComposition.cs",99,"SharpLink.Server","Property","Internal","StaticManifests",1,0,0,0,0,""
"src/SharpLink.Server/ServerRuntimeComposition.cs",101,"SharpLink.Server","Property","Internal","AdmissionProgram",1,0,0,0,0,""
"src/SharpLink.Server/ServerRuntimeComposition.cs",103,"SharpLink.Server","Property","Internal","AdmissionController",2,0,0,0,0,""
"src/SharpLink.Server/ServerRuntimeComposition.cs",105,"SharpLink.Server","Property","Internal","ConnectionAdmission",2,0,72,0,0,""
"src/SharpLink.Server/ServerRuntimeComposition.cs",107,"SharpLink.Server","Property","Internal","ShutdownPlan",2,0,0,0,0,""
"src/SharpLink.Server/ServerRuntimeComposition.cs",109,"SharpLink.Server","Property","Internal","FrameworkTasks",2,0,0,0,0,""
"src/SharpLink.Server/ServerServiceCleanup.cs",7,"SharpLink.Server","NamedType","Internal","global::SharpLink.Server.ServerServiceCleanup",4,0,1,0,0,""
"src/SharpLink.Server/ServerServiceCleanup.cs",11,"SharpLink.Server","Field","Private","_registrations",2,0,0,0,0,""
"src/SharpLink.Server/ServerServiceCleanup.cs",12,"SharpLink.Server","Field","Private","_ownedServiceProvider",2,0,0,0,0,""
"src/SharpLink.Server/ServerServiceModuleRegistry.cs",11,"SharpLink.Server","NamedType","Internal","global::SharpLink.Server.ServerServiceModuleRegistry",11,0,7,0,0,""
"src/SharpLink.Server/ServerServiceModuleRegistry.cs",15,"SharpLink.Server","Field","Private","_dynamicModules",9,0,0,0,0,""
"src/SharpLink.Server/ServerServiceModuleRegistry.cs",17,"SharpLink.Server","Field","Private","_unregisterOperations",6,0,0,0,0,""
"src/SharpLink.Server/ServerServiceModuleRegistry.cs",19,"SharpLink.Server","Field","Private","_detachedModuleServices",4,0,0,0,0,""
"src/SharpLink.Server/ServerServiceModuleRegistry.cs",20,"SharpLink.Server","Field","Private","_generation",2,0,0,0,0,""
"src/SharpLink.Server/ServerServiceModuleRegistry.cs",22,"SharpLink.Server","Method","Internal","ServerServiceModuleRegistry",1,0,1,0,0,"Constructor/activation"
"src/SharpLink.Server/ServerServiceModuleRegistry.cs",37,"SharpLink.Server","Property","Internal","ServicesStorage",1,0,0,0,0,""
"src/SharpLink.Server/ServerServiceModuleRegistry.cs",39,"SharpLink.Server","Property","Internal","GenerationStorage",1,0,2,0,0,""
"src/SharpLink.Server/ServerServiceModuleRegistry.cs",41,"SharpLink.Server","Property","Internal","DynamicModules",2,0,5,0,0,""
"src/SharpLink.Server/ServerServiceModuleRegistry.cs",43,"SharpLink.Server","Property","Internal","UnregisterOperations",2,0,2,0,0,""
"src/SharpLink.Server/ServerServiceModuleRegistry.cs",45,"SharpLink.Server","Property","Internal","DetachedModuleServices",2,0,4,0,0,""
"src/SharpLink.Server/ServerServiceModuleRegistry.cs",67,"SharpLink.Server","NamedType","Internal","global::SharpLink.Server.ServerServiceModuleRegistry.DynamicModuleTable",3,0,0,0,0,""
"src/SharpLink.Server/ServerServiceModuleRegistry.cs",71,"SharpLink.Server","Method","Internal","DynamicModuleTable",1,0,0,0,0,"Constructor/activation"
"src/SharpLink.Server/ServerServiceModuleRegistry.cs",79,"SharpLink.Server","Method","Internal","ContainsKey",3,0,1,0,0,""
"src/SharpLink.Server/ServerServiceModuleRegistry.cs",94,"SharpLink.Server","Method","Internal","Add",5,0,5,0,0,""
"src/SharpLink.Server/ServerServiceModuleRegistry.cs",100,"SharpLink.Server","Method","Public","GetEnumerator",1,0,0,0,0,""
"src/SharpLink.Server/ServerServiceModuleRegistry.cs",106,"SharpLink.Server","NamedType","Internal","global::SharpLink.Server.ServerServiceModuleRegistry.UnregisterOperationTable",3,0,0,0,0,""
"src/SharpLink.Server/ServerServiceModuleRegistry.cs",110,"SharpLink.Server","Method","Internal","UnregisterOperationTable",1,0,0,0,0,"Constructor/activation"
"src/SharpLink.Server/ServerServiceModuleRegistry.cs",138,"SharpLink.Server","NamedType","Internal","global::SharpLink.Server.ServerServiceModuleRegistry.DetachedModuleServiceTable",3,0,0,0,0,""
"src/SharpLink.Server/ServerServiceModuleRegistry.cs",142,"SharpLink.Server","Method","Internal","DetachedModuleServiceTable",1,0,0,0,0,"Constructor/activation"
"src/SharpLink.Server/ServerServiceModuleRegistry.cs",166,"SharpLink.Server","NamedType","Internal","global::SharpLink.Server.ServerServiceModuleRegistrySnapshot",2,0,2,0,0,""
"src/SharpLink.Server/ServerShutdownPlan.cs",3,"SharpLink.Server","NamedType","Internal","global::SharpLink.Server.ServerShutdownPlan",6,0,1,0,0,""
"src/SharpLink.Server/ServerShutdownPlan.cs",7,"SharpLink.Server","Method","Internal","ServerShutdownPlan",1,0,0,0,0,"Constructor/activation"
"src/SharpLink.Server/ServerShutdownPlan.cs",13,"SharpLink.Server","Property","Internal","CleanupBudget",5,0,1,0,0,""
"src/SharpLink.Server/ServerStopDiagnosticSnapshot.cs",7,"SharpLink.Server","NamedType","Internal","global::SharpLink.Server.ServerStopDiagnosticSnapshot",5,0,1,0,0,""
"src/SharpLink.Server/ServerStopDiagnosticSnapshot.cs",12,"SharpLink.Server","NamedType","Internal","global::SharpLink.Server.ServerConnectionDiagnosticSnapshot",4,0,0,0,0,""
"src/SharpLink.Server/ServerStopDiagnosticSnapshot.cs",19,"SharpLink.Server","NamedType","Internal","global::SharpLink.Server.ServerCallDiagnosticSnapshot",3,0,0,0,0,""
"src/SharpLink.Server/ServerStopDiagnosticSnapshot.cs",24,"SharpLink.Server","NamedType","Internal","global::SharpLink.Server.ServerDeferredTaskDiagnosticSnapshot",2,0,1,0,0,""
"src/SharpLink.Server/ServiceRegistration.cs",5,"SharpLink.Server","NamedType","Internal","global::SharpLink.Server.ServiceRegistrationDefinition",2,0,0,0,0,""
"src/SharpLink.Server/ServiceRegistration.cs",7,"SharpLink.Server","Field","Private","_factory",6,0,0,0,0,""
"src/SharpLink.Server/ServiceRegistration.cs",9,"SharpLink.Server","Field","Private","_callerOwned",2,0,0,0,0,""
"src/SharpLink.Server/ServiceRegistration.cs",11,"SharpLink.Server","Method","Internal","ServiceRegistrationDefinition",2,0,0,0,0,"Constructor/activation"
"src/SharpLink.Server/ServiceRegistration.cs",28,"SharpLink.Server","Property","Internal","Stub",28,0,2,0,0,""
"src/SharpLink.Server/ServiceRegistration.cs",69,"SharpLink.Server","NamedType","Internal","global::SharpLink.Server.ServiceRegistration",61,0,38,0,0,""
"src/SharpLink.Server/ServiceRegistration.cs",71,"SharpLink.Server","Field","Private","_singleton",8,0,0,0,0,""
"src/SharpLink.Server/ServiceRegistration.cs",72,"SharpLink.Server","Field","Private","_ownsSingleton",2,0,0,0,0,""
"src/SharpLink.Server/ServiceRegistration.cs",73,"SharpLink.Server","Field","Private","_rootProvider",3,0,0,0,0,""
"src/SharpLink.Server/ServiceRegistration.cs",74,"SharpLink.Server","Field","Private","_scopeFactory",3,0,0,0,0,""
"src/SharpLink.Server/ServiceRegistration.cs",76,"SharpLink.Server","Field","Private","_disposeScopedService",3,0,0,0,0,""
"src/SharpLink.Server/ServiceRegistration.cs",77,"SharpLink.Server","Field","Private","_singletonGate",3,0,0,0,0,""
"src/SharpLink.Server/ServiceRegistration.cs",78,"SharpLink.Server","Field","Private","_hasModule",7,0,0,0,0,""
"src/SharpLink.Server/ServiceRegistration.cs",81,"SharpLink.Server","Method","Private","ServiceRegistration",4,0,0,0,0,"Constructor/activation"
"src/SharpLink.Server/ServiceRegistration.cs",110,"SharpLink.Server","Property","Internal","Module",12,0,0,0,0,""
"src/SharpLink.Server/ServiceRegistration.cs",111,"SharpLink.Server","Property","Internal","HasModule",1,0,1,0,0,""
"src/SharpLink.Server/ServiceRegistration.cs",112,"SharpLink.Server","Property","Internal","ModuleCancellation",12,0,1,0,0,""
"src/SharpLink.Server/ServiceRegistration.cs",113,"SharpLink.Server","Property","Internal","AcceptsCalls",2,0,2,0,0,""
"src/SharpLink.Server/ServiceRegistration.cs",115,"SharpLink.Server","Method","Internal","TryGetStaticSingleton",2,0,5,0,0,""
"src/SharpLink.Server/ServiceRegistration.cs",136,"SharpLink.Server","Method","Internal","TryAcquireDynamicSingleton",2,0,2,0,0,""
"src/SharpLink.Server/ServiceRegistration.cs",176,"SharpLink.Server","Method","Internal","CreateSingleton",1,0,11,0,0,""
"src/SharpLink.Server/ServiceRegistration.cs",185,"SharpLink.Server","Method","Internal","CreateSingletonFactory",1,0,1,0,0,""
"src/SharpLink.Server/ServiceRegistration.cs",195,"SharpLink.Server","Method","Internal","CreateConnection",1,0,4,0,0,""
"src/SharpLink.Server/ServiceRegistration.cs",205,"SharpLink.Server","Method","Internal","CreatePerCall",1,0,4,0,0,""
"src/SharpLink.Server/ServiceRegistration.cs",250,"SharpLink.Server","Method","Internal","CreateConnectionServiceAsync",2,0,1,0,0,""
"src/SharpLink.Server/ServiceRegistration.cs",282,"SharpLink.Server","Method","Private","AcquirePerCallAsync",1,0,0,0,0,""
"src/SharpLink.Server/ServiceRegistration.cs",337,"SharpLink.Server","Method","Private","GetOrCreateSingleton",3,0,0,0,0,""
"src/SharpLink.Server/ServiceRegistration.cs",366,"SharpLink.Server","NamedType","Internal","global::SharpLink.Server.ConnectionServiceInstance",8,0,1,0,0,""
"src/SharpLink.Server/ServiceRegistration.cs",368,"SharpLink.Server","Field","Private","_scope",7,0,0,0,0,""
"src/SharpLink.Server/ServiceRegistration.cs",369,"SharpLink.Server","Field","Private","_disposeService",4,0,0,0,0,""
"src/SharpLink.Server/ServiceRegistration.cs",372,"SharpLink.Server","Method","Internal","ConnectionServiceInstance",1,0,1,0,0,"Constructor/activation"
"src/SharpLink.Server/ServiceRegistration.cs",379,"SharpLink.Server","Property","Internal","Service",7,0,1,0,0,""
"src/SharpLink.Server/ServiceRegistration.cs",413,"SharpLink.Server","NamedType","Internal","global::SharpLink.Server.ServiceLease",21,0,3,0,0,""
"src/SharpLink.Server/ServiceRegistration.cs",417,"SharpLink.Server","Field","Private","_moduleLease",3,0,0,0,0,""
"src/SharpLink.Server/ServiceRegistration.cs",419,"SharpLink.Server","Method","Internal","ServiceLease",3,0,2,0,0,"Constructor/activation"
"src/SharpLink.Server/ServiceRegistration.cs",432,"SharpLink.Server","Property","Internal","RequiresDisposal",1,0,0,0,0,""
"src/SharpLink.Server/ServiceRegistration.cs",479,"SharpLink.Server","Method","Internal","DisposeScopeAsync",4,0,0,0,0,""
"src/SharpLink.Server/SharpLinkServer.AdmissionDispatch.cs",5,"SharpLink.Server","Method","Private","DispatchOneWayRpc",2,0,0,0,0,""
"src/SharpLink.Server/SharpLinkServer.AdmissionDispatch.cs",441,"SharpLink.Server","Method","Private","AwaitOneWayDispatchAsync",1,0,0,0,0,""
"src/SharpLink.Server/SharpLinkServer.AdmissionDispatch.cs",485,"SharpLink.Server","Method","Private","AwaitOneWayAdmissionAsync",1,0,0,0,0,""
"src/SharpLink.Server/SharpLinkServer.AdmissionDispatch.cs",544,"SharpLink.Server","Method","Private","AwaitRpcAdmissionAsync",1,0,0,0,0,""
"src/SharpLink.Server/SharpLinkServer.AdmissionDispatch.cs",605,"SharpLink.Server","Method","Private","RejectQueuedAdmissionForRetainedBudgetAsync",2,0,0,0,0,""
"src/SharpLink.Server/SharpLinkServer.AdmissionDispatch.cs",654,"SharpLink.Server","Method","Private","CreateAdmissionWaitState",2,0,0,0,0,""
"src/SharpLink.Server/SharpLinkServer.AdmissionDispatch.cs",675,"SharpLink.Server","Method","Private","CreateAdmissionContext",2,0,0,0,0,""
"src/SharpLink.Server/SharpLinkServer.AdmissionDispatch.cs",687,"SharpLink.Server","Method","Private","TerminateUnresolvableOneWayRequest",3,0,0,0,0,""
"src/SharpLink.Server/SharpLinkServer.AdmissionDispatch.cs",697,"SharpLink.Server","Method","Private","RejectAdmission",5,0,0,0,0,""
"src/SharpLink.Server/SharpLinkServer.AdmissionDispatch.cs",745,"SharpLink.Server","Method","Private","PublishAdmissionError",1,0,0,0,0,""
"src/SharpLink.Server/SharpLinkServer.AdmissionDispatch.cs",761,"SharpLink.Server","Method","Private","ShouldLogOneWayAdmissionRejection",1,0,0,0,0,""
"src/SharpLink.Server/SharpLinkServer.AdmissionDispatch.cs",766,"SharpLink.Server","Method","Private","GetAdmissionResourceExhaustionReason",1,0,0,0,0,""
"src/SharpLink.Server/SharpLinkServer.AdmissionDispatch.cs",777,"SharpLink.Server","Method","Private","CreateAdmissionCancellationDecision",2,0,0,0,0,""
"src/SharpLink.Server/SharpLinkServer.AdmissionDispatch.cs",794,"SharpLink.Server","Method","Private","ReleasePendingAdmissionState",9,0,0,0,0,""
"src/SharpLink.Server/SharpLinkServer.AdmissionDispatch.cs",808,"SharpLink.Server","Method","Private","ReleaseAdmissionCallState",10,0,0,0,0,""
"src/SharpLink.Server/SharpLinkServer.AdmissionDispatch.cs",817,"SharpLink.Server","Method","Private","ReleaseOneWayDispatchResources",9,0,0,0,0,""
"src/SharpLink.Server/SharpLinkServer.AdmissionProgram.cs",5,"SharpLink.Server","Field","Private","s_afterAdmissionPublicationReadForTests",3,0,0,0,0,""
"src/SharpLink.Server/SharpLinkServer.AdmissionProgram.cs",6,"SharpLink.Server","Field","Private","s_afterAdmissionCaptureForTests",4,0,0,0,0,""
"src/SharpLink.Server/SharpLinkServer.AdmissionProgram.cs",7,"SharpLink.Server","Field","Private","s_afterAdmissionCandidateBuiltForTests",6,0,0,0,0,""
"src/SharpLink.Server/SharpLinkServer.AdmissionProgram.cs",8,"SharpLink.Server","Field","Private","s_beforeAdmissionPublicationLockForTests",3,0,0,0,0,""
"src/SharpLink.Server/SharpLinkServer.AdmissionProgram.cs",10,"SharpLink.Server","Field","Private","_admissionProgram",4,0,0,0,0,""
"src/SharpLink.Server/SharpLinkServer.AdmissionProgram.cs",73,"SharpLink.Server","Method","Private","EnableAdmissionControl",1,0,83,8,0,"Interface implementation"
"src/SharpLink.Server/SharpLinkServer.AdmissionProgram.cs",90,"SharpLink.Server","Method","Private","UpdateAdmissionControl",1,0,78,4,0,"Interface implementation"
"src/SharpLink.Server/SharpLinkServer.AdmissionProgram.cs",117,"SharpLink.Server","Method","Private","DisableAdmissionControl",1,0,33,0,0,"Interface implementation"
"src/SharpLink.Server/SharpLinkServer.AdmissionProgram.cs",120,"SharpLink.Server","Method","Private","CreateAdmissionProgram",3,0,0,0,0,""
"src/SharpLink.Server/SharpLinkServer.AdmissionProgram.cs",131,"SharpLink.Server","Method","Private","CreateAdmissionUpdateProgram",2,0,0,0,0,""
"src/SharpLink.Server/SharpLinkServer.AdmissionProgram.cs",148,"SharpLink.Server","Method","Private","AcquireAdmissionUpdateSource",1,0,0,0,0,""
"src/SharpLink.Server/SharpLinkServer.AdmissionProgram.cs",170,"SharpLink.Server","Method","Private","PublishAdmissionProgram",7,0,0,0,0,""
"src/SharpLink.Server/SharpLinkServer.AdmissionProgram.cs",271,"SharpLink.Server","Method","Private","CaptureAdmissionProgram",2,0,0,0,0,""
"src/SharpLink.Server/SharpLinkServer.AdmissionProgram.cs",303,"SharpLink.Server","Method","Private","ReadAdmissionPublication",8,0,0,0,0,""
"src/SharpLink.Server/SharpLinkServer.AdmissionProgram.cs",319,"SharpLink.Server","NamedType","Private","global::SharpLink.Server.SharpLinkServer.AdmissionPublicationIntent",14,0,0,0,0,""
"src/SharpLink.Server/SharpLinkServer.AdmissionProgram.cs",321,"SharpLink.Server","Field","Public","Enable",3,0,0,0,0,"Enum/protocol identity"
"src/SharpLink.Server/SharpLinkServer.AdmissionProgram.cs",322,"SharpLink.Server","Field","Public","Update",6,0,0,0,0,"Enum/protocol identity"
"src/SharpLink.Server/SharpLinkServer.AdmissionProgram.cs",323,"SharpLink.Server","Field","Public","Disable",3,0,0,0,0,"Enum/protocol identity"
"src/SharpLink.Server/SharpLinkServer.AdmissionProgram.cs",324,"SharpLink.Server","Field","Public","TestReplacement",1,0,0,0,0,"Enum/protocol identity"
"src/SharpLink.Server/SharpLinkServer.AssemblyDrain.cs",40,"SharpLink.Server","Method","Private","WaitForUnregisterAsync",2,0,0,0,0,""
"src/SharpLink.Server/SharpLinkServer.AssemblyDrain.cs",46,"SharpLink.Server","Method","Private","UnregisterCoreAsync",1,0,0,0,0,""
"src/SharpLink.Server/SharpLinkServer.AssemblyDrain.cs",82,"SharpLink.Server","Method","Private","CompleteUnregisterOperationAsync",2,0,0,0,0,""
"src/SharpLink.Server/SharpLinkServer.AssemblyDrain.cs",104,"SharpLink.Server","Method","Private","CompleteTimedOutUnregisterAsync",1,0,0,0,0,""
"src/SharpLink.Server/SharpLinkServer.AssemblyDrain.cs",113,"SharpLink.Server","Method","Private","ReleaseModuleAsync",3,0,0,0,0,""
"src/SharpLink.Server/SharpLinkServer.AssemblyDrain.cs",197,"SharpLink.Server","Method","Private","FindReplacementCodec",2,0,0,0,0,""
"src/SharpLink.Server/SharpLinkServer.AssemblyDrain.cs",217,"SharpLink.Server","Method","Private","BeginDrainDynamicModules",2,0,0,0,0,""
"src/SharpLink.Server/SharpLinkServer.AssemblyDrain.cs",226,"SharpLink.Server","Method","Private","ReleaseDrainedDynamicModulesAsync",1,0,0,0,0,""
"src/SharpLink.Server/SharpLinkServer.AssemblyDrain.cs",256,"SharpLink.Server","Method","Private","EnsureNoDynamicDependants",1,0,0,0,0,""
"src/SharpLink.Server/SharpLinkServer.AssemblyRegistration.cs",7,"SharpLink.Server","Field","Private","MaximumDynamicModules",4,0,0,0,0,""
"src/SharpLink.Server/SharpLinkServer.AssemblyRegistration.cs",348,"SharpLink.Server","Method","Private","WaitForReplacementAsync",1,0,0,0,0,""
"src/SharpLink.Server/SharpLinkServer.AssemblyRegistration.cs",357,"SharpLink.Server","Method","Private","BuildRegistrationCandidate",2,0,0,0,0,""
"src/SharpLink.Server/SharpLinkServer.AssemblyRegistration.cs",482,"SharpLink.Server","Method","Private","CreateCodecSnapshotWithout",1,0,0,0,0,""
"src/SharpLink.Server/SharpLinkServer.AssemblyRegistration.cs",498,"SharpLink.Server","Method","Private","DisposeCandidateServices",1,0,0,0,0,""
"src/SharpLink.Server/SharpLinkServer.AssemblyRegistration.cs",522,"SharpLink.Server","Method","Private","DisposeRegistrationCandidate",4,0,0,0,0,""
"src/SharpLink.Server/SharpLinkServer.AssemblyRegistration.cs",553,"SharpLink.Server","Method","Private","ThrowAfterAssemblyRollback",2,0,0,0,0,""
"src/SharpLink.Server/SharpLinkServer.AssemblyRegistration.cs",572,"SharpLink.Server","Method","Private","DisposeCreatedServices",4,0,0,0,0,""
"src/SharpLink.Server/SharpLinkServer.AssemblyRegistration.cs",578,"SharpLink.Server","Method","Private","ValidateReplacementDependants",1,0,0,0,0,""
"src/SharpLink.Server/SharpLinkServer.AssemblyRegistration.cs",601,"SharpLink.Server","Method","Private","EnumerateManifestDependencies",1,0,0,0,0,""
"src/SharpLink.Server/SharpLinkServer.AssemblyRegistration.cs",609,"SharpLink.Server","Method","Private","ManifestDependsOn",2,0,0,0,0,""
"src/SharpLink.Server/SharpLinkServer.AssemblyRegistration.cs",614,"SharpLink.Server","Method","Private","ValidateServiceDependencies",1,0,0,0,0,""
"src/SharpLink.Server/SharpLinkServer.AssemblyRegistration.cs",689,"SharpLink.Server","Method","Private","EnumerateRegisteredManifests",2,0,0,0,0,""
"src/SharpLink.Server/SharpLinkServer.AssemblyRegistration.cs",698,"SharpLink.Server","Method","Private","FindManifest",2,0,0,0,0,""
"src/SharpLink.Server/SharpLinkServer.AssemblyRegistration.cs",711,"SharpLink.Server","Method","Private","IsAssemblyRegistered",3,0,0,0,0,""
"src/SharpLink.Server/SharpLinkServer.AssemblyRegistration.cs",723,"SharpLink.Server","Method","Private","Failure",3,0,0,0,0,""
"src/SharpLink.Server/SharpLinkServer.AssemblyRegistration.cs",729,"SharpLink.Server","Method","Private","CreateError",17,0,0,0,0,""
"src/SharpLink.Server/SharpLinkServer.AssemblyRegistration.cs",749,"SharpLink.Server","Method","Private","Conflict",2,0,0,0,0,""
"src/SharpLink.Server/SharpLinkServer.AssemblyRegistration.cs",774,"SharpLink.Server","NamedType","Private","global::SharpLink.Server.SharpLinkServer.RegistrationCandidate",4,0,0,0,0,""
"src/SharpLink.Server/SharpLinkServer.CallAdmissionOwner.cs",5,"SharpLink.Server","Property","Internal","IsRunningForCallAdmission",5,0,0,0,0,""
"src/SharpLink.Server/SharpLinkServer.CallAdmissionOwner.cs",7,"SharpLink.Server","Property","Internal","ResourceGovernorForCallAdmission",1,0,0,0,0,""
"src/SharpLink.Server/SharpLinkServer.CallAdmissionOwner.cs",9,"SharpLink.Server","Method","Internal","TrySignalCallsDrainedForCallAdmission",2,0,0,0,0,""
"src/SharpLink.Server/SharpLinkServer.CallTracking.cs",5,"SharpLink.Server","Method","Private","CreateTrackedCallState",3,0,0,0,0,""
"src/SharpLink.Server/SharpLinkServer.CallTracking.cs",33,"SharpLink.Server","Method","Private","EnsurePreDecodeCallState",2,0,0,0,0,""
"src/SharpLink.Server/SharpLinkServer.CallTracking.cs",58,"SharpLink.Server","Method","Private","EnsureTrackedCallState",5,0,0,0,0,""
"src/SharpLink.Server/SharpLinkServer.CallTracking.cs",83,"SharpLink.Server","Method","Private","TryClaimCallCompletion",18,0,0,0,0,""
"src/SharpLink.Server/SharpLinkServer.CallTracking.cs",120,"SharpLink.Server","Method","Private","MapServerCancellationException",10,0,0,0,0,""
"src/SharpLink.Server/SharpLinkServer.CallTracking.cs",127,"SharpLink.Server","Method","Private","TrySendModuleDrainError",13,0,0,0,0,""
"src/SharpLink.Server/SharpLinkServer.Compression.cs",5,"SharpLink.Server","Field","Private","_responseCompressionPolicy",7,0,0,0,0,""
"src/SharpLink.Server/SharpLinkServer.ConnectionAdmission.cs",5,"SharpLink.Server","Method","Private","UpdateConnectionAdmission",1,0,4,0,0,"Interface implementation"
"src/SharpLink.Server/SharpLinkServer.ConnectionLifecycle.cs",5,"SharpLink.Server","Method","Private","HandleAcceptedConnectionAsync",1,0,0,0,0,""
"src/SharpLink.Server/SharpLinkServer.ConnectionLifecycle.cs",93,"SharpLink.Server","Method","Private","RunHeartbeatCheckLoopAsync",1,0,0,0,0,""
"src/SharpLink.Server/SharpLinkServer.ConnectionLifecycle.cs",104,"SharpLink.Server","Method","Private","HandleSessionLifecycleAsync",1,0,0,0,0,""
"src/SharpLink.Server/SharpLinkServer.ConnectionLifecycle.cs",228,"SharpLink.Server","Method","Private","LogProtocolViolationRateLimited",4,0,0,0,0,""
"src/SharpLink.Server/SharpLinkServer.ConnectionLifecycle.cs",242,"SharpLink.Server","Method","Private","ReplaceConnectionAsync",1,0,0,0,0,""
"src/SharpLink.Server/SharpLinkServer.ConnectionLifecycle.cs",260,"SharpLink.Server","Method","Private","DisconnectConnectionAsync",3,0,0,0,0,""
"src/SharpLink.Server/SharpLinkServer.ConnectionLifecycle.cs",282,"SharpLink.Server","Method","Private","RetireConnectionAsync",1,0,0,0,0,""
"src/SharpLink.Server/SharpLinkServer.ConnectionLifecycle.cs",302,"SharpLink.Server","Method","Private","ObserveDeferredRetiredConnectionCleanup",2,0,0,0,0,""
"src/SharpLink.Server/SharpLinkServer.ConnectionLifecycle.cs",308,"SharpLink.Server","Method","Private","ObserveDeferredRetiredConnectionCleanupAsync",1,0,0,0,0,""
"src/SharpLink.Server/SharpLinkServer.ConnectionLifecycle.cs",324,"SharpLink.Server","Method","Private","CompleteRetiredConnectionCleanupAsync",3,0,0,0,0,""
"src/SharpLink.Server/SharpLinkServer.ConnectionLifecycle.cs",337,"SharpLink.Server","Method","Private","DisconnectHeartbeatTimedOutConnectionAsync",1,0,0,0,0,""
"src/SharpLink.Server/SharpLinkServer.ConnectionLifecycle.cs",351,"SharpLink.Server","Method","Private","HeartbeatCheckLoop",1,0,0,0,0,""
"src/SharpLink.Server/SharpLinkServer.ContractManifest.cs",5,"SharpLink.Server","Field","Private","_contractManifestPublishScheduled",2,0,0,0,0,""
"src/SharpLink.Server/SharpLinkServer.ContractManifest.cs",9,"SharpLink.Server","Property","Internal","ContractManifestPublishBarrierForTesting",1,0,4,0,0,""
"src/SharpLink.Server/SharpLinkServer.ContractManifest.cs",11,"SharpLink.Server","Method","Private","CreateContractManifestSnapshot",1,0,0,0,0,""
"src/SharpLink.Server/SharpLinkServer.ContractManifest.cs",17,"SharpLink.Server","Method","Private","CreateContractManifestSnapshotLocked",2,0,0,0,0,""
"src/SharpLink.Server/SharpLinkServer.ContractManifest.cs",33,"SharpLink.Server","Method","Private","ScheduleContractManifestPublish",4,0,0,0,0,""
"src/SharpLink.Server/SharpLinkServer.ContractManifest.cs",45,"SharpLink.Server","Method","Private","PublishContractManifestUpdatesAsync",1,0,0,0,0,""
"src/SharpLink.Server/SharpLinkServer.cs",7,"SharpLink.Server","NamedType","Internal","global::SharpLink.Server.SharpLinkServer.ServerState",70,0,0,0,0,""
"src/SharpLink.Server/SharpLinkServer.cs",9,"SharpLink.Server","Field","Public","Created",2,0,0,0,0,"Enum/protocol identity"
"src/SharpLink.Server/SharpLinkServer.cs",10,"SharpLink.Server","Field","Public","Starting",8,0,0,0,0,"Enum/protocol identity"
"src/SharpLink.Server/SharpLinkServer.cs",13,"SharpLink.Server","Field","Public","Stopped",21,0,0,0,0,"Enum/protocol identity"
"src/SharpLink.Server/SharpLinkServer.cs",14,"SharpLink.Server","Field","Public","Faulted",22,0,0,0,0,"Enum/protocol identity"
"src/SharpLink.Server/SharpLinkServer.cs",17,"SharpLink.Server","Field","Private","_transportListener",4,0,0,0,0,""
"src/SharpLink.Server/SharpLinkServer.cs",18,"SharpLink.Server","Field","Private","_heartbeatCheckInterval",6,0,0,0,0,""
"src/SharpLink.Server/SharpLinkServer.cs",19,"SharpLink.Server","Field","Private","_heartbeatTimeout",6,0,0,0,0,""
"src/SharpLink.Server/SharpLinkServer.cs",20,"SharpLink.Server","Field","Private","_runtimeContext",67,0,0,0,0,""
"src/SharpLink.Server/SharpLinkServer.cs",21,"SharpLink.Server","Field","Private","_serviceModuleRegistry",7,0,0,0,0,""
"src/SharpLink.Server/SharpLinkServer.cs",22,"SharpLink.Server","Field","Private","_connectionRegistry",16,0,0,0,0,""
"src/SharpLink.Server/SharpLinkServer.cs",23,"SharpLink.Server","Field","Private","_serviceProvider",5,0,0,0,0,""
"src/SharpLink.Server/SharpLinkServer.cs",26,"SharpLink.Server","Field","Private","_authentication",2,0,0,0,0,""
"src/SharpLink.Server/SharpLinkServer.cs",27,"SharpLink.Server","Field","Private","_frameworkTasks",7,0,0,0,0,""
"src/SharpLink.Server/SharpLinkServer.cs",29,"SharpLink.Server","Field","Private","_protocolOptions",14,0,0,0,0,""
"src/SharpLink.Server/SharpLinkServer.cs",30,"SharpLink.Server","Field","Private","_maxConcurrentCallsPerConnection",4,0,0,0,0,""
"src/SharpLink.Server/SharpLinkServer.cs",31,"SharpLink.Server","Field","Private","_maxConcurrentCallsPerServer",3,0,0,0,0,""
"src/SharpLink.Server/SharpLinkServer.cs",32,"SharpLink.Server","Field","Private","_rpcSessionFlushOptions",5,0,0,0,0,""
"src/SharpLink.Server/SharpLinkServer.cs",33,"SharpLink.Server","Field","Private","_serverInterceptorGeneration",4,0,0,0,0,""
"src/SharpLink.Server/SharpLinkServer.cs",34,"SharpLink.Server","Field","Private","_exceptionMapper",4,0,0,0,0,""
"src/SharpLink.Server/SharpLinkServer.cs",35,"SharpLink.Server","Field","Private","_serviceCleanup",2,0,0,0,0,""
"src/SharpLink.Server/SharpLinkServer.cs",36,"SharpLink.Server","Field","Private","_admissionController",15,0,0,0,0,""
"src/SharpLink.Server/SharpLinkServer.cs",37,"SharpLink.Server","Field","Private","_connectionAdmission",7,0,0,0,0,""
"src/SharpLink.Server/SharpLinkServer.cs",38,"SharpLink.Server","Field","Private","_callAdmission",21,0,0,0,0,""
"src/SharpLink.Server/SharpLinkServer.cs",39,"SharpLink.Server","Field","Private","_shutdownPlan",6,0,0,0,0,""
"src/SharpLink.Server/SharpLinkServer.cs",40,"SharpLink.Server","Field","Private","_lifecycle",28,0,0,0,0,""
"src/SharpLink.Server/SharpLinkServer.cs",41,"SharpLink.Server","Field","Private","_deferredConnectionCleanups",3,0,0,0,0,""
"src/SharpLink.Server/SharpLinkServer.cs",42,"SharpLink.Server","Field","Private","_rejectedOneWayCalls",7,0,0,0,0,""
"src/SharpLink.Server/SharpLinkServer.cs",43,"SharpLink.Server","Field","Private","_connectionAdmissionLogThrottle",2,0,0,0,0,""
"src/SharpLink.Server/SharpLinkServer.cs",44,"SharpLink.Server","Field","Private","_oneWayAdmissionLogThrottle",2,0,0,0,0,""
"src/SharpLink.Server/SharpLinkServer.cs",45,"SharpLink.Server","Field","Private","_protocolViolationLogThrottle",2,0,0,0,0,""
"src/SharpLink.Server/SharpLinkServer.cs",49,"SharpLink.Server","Property","Private","_services",11,0,0,0,0,""
"src/SharpLink.Server/SharpLinkServer.cs",51,"SharpLink.Server","Property","Private","_registryGate",19,0,0,0,0,""
"src/SharpLink.Server/SharpLinkServer.cs",52,"SharpLink.Server","Property","Private","_dynamicModules",20,0,0,0,0,""
"src/SharpLink.Server/SharpLinkServer.cs",54,"SharpLink.Server","Property","Private","_unregisterOperations",6,0,0,0,0,""
"src/SharpLink.Server/SharpLinkServer.cs",56,"SharpLink.Server","Property","Private","_detachedModuleServices",2,0,0,0,0,""
"src/SharpLink.Server/SharpLinkServer.cs",58,"SharpLink.Server","Property","Private","_registryGeneration",10,0,0,0,0,""
"src/SharpLink.Server/SharpLinkServer.cs",61,"SharpLink.Server","Property","Private","_forceStopCts",9,0,0,0,0,""
"src/SharpLink.Server/SharpLinkServer.cs",68,"SharpLink.Server","Method","Internal","SharpLinkServer",1,0,0,0,0,"Constructor/activation"
"src/SharpLink.Server/SharpLinkServer.cs",121,"SharpLink.Server","Method","Internal","TrackFrameworkTask",8,0,1,0,0,""
"src/SharpLink.Server/SharpLinkServer.cs",127,"SharpLink.Server","Method","Internal","TrackServerRuntimeTask",2,0,0,0,0,""
"src/SharpLink.Server/SharpLinkServer.cs",154,"SharpLink.Server","Method","Internal","RecordConnectionAdmissionRejection",2,0,0,0,0,""
"src/SharpLink.Server/SharpLinkServer.cs",161,"SharpLink.Server","Method","Private","ShouldLogConnectionAdmissionRejection",1,0,0,0,0,""
"src/SharpLink.Server/SharpLinkServer.cs",166,"SharpLink.Server","Method","Private","IsExpectedSessionShutdownException",3,0,0,0,0,""
"src/SharpLink.Server/SharpLinkServer.cs",171,"SharpLink.Server","Method","Private","CreateCallContext",3,0,0,0,0,""
"src/SharpLink.Server/SharpLinkServer.cs",207,"SharpLink.Server","Method","Private","CreateServerInvocationContext",2,0,0,0,0,""
"src/SharpLink.Server/SharpLinkServer.cs",232,"SharpLink.Server","Method","Private","GetMethodDescriptor",8,0,0,0,0,""
"src/SharpLink.Server/SharpLinkServer.cs",251,"SharpLink.Server","Method","Private","GetCallCapacityExhaustionReason",2,0,0,0,0,""
"src/SharpLink.Server/SharpLinkServer.cs",261,"SharpLink.Server","Method","Private","TryAcceptRequest",1,0,0,0,0,""
"src/SharpLink.Server/SharpLinkServer.cs",324,"SharpLink.Server","Property","Private","CurrentState",50,0,0,0,0,""
"src/SharpLink.Server/SharpLinkServer.cs",326,"SharpLink.Server","Method","Private","TransitionTo",4,0,0,0,0,""
"src/SharpLink.Server/SharpLinkServer.cs",331,"SharpLink.Server","Method","Internal","CreateFrameworkTaskSupervisor",1,0,0,0,0,""
"src/SharpLink.Server/SharpLinkServer.DecodeExecutor.cs",5,"SharpLink.Server","Field","Private","MaxPersistentDecodeWorkers",1,0,0,0,0,""
"src/SharpLink.Server/SharpLinkServer.DecodeExecutor.cs",6,"SharpLink.Server","Field","Private","MinimumPersistentDecodeQueueCapacity",1,0,0,0,0,""
"src/SharpLink.Server/SharpLinkServer.DecodeExecutor.cs",10,"SharpLink.Server","Field","Private","InitialPersistentDecodeThresholdBytes",2,0,0,0,0,""
"src/SharpLink.Server/SharpLinkServer.DecodeExecutor.cs",11,"SharpLink.Server","Field","Private","_decodeExecutor",11,0,0,0,0,""
"src/SharpLink.Server/SharpLinkServer.DecodeExecutor.cs",13,"SharpLink.Server","Method","Private","StartDecodeExecutor",1,0,0,0,0,""
"src/SharpLink.Server/SharpLinkServer.DecodeExecutor.cs",38,"SharpLink.Server","Method","Private","ShouldUsePersistentDecode",1,0,0,0,0,""
"src/SharpLink.Server/SharpLinkServer.DecodeExecutor.cs",66,"SharpLink.Server","Property","Private","DecodeExecutor",2,0,0,0,0,""
"src/SharpLink.Server/SharpLinkServer.DecodeResources.cs",5,"SharpLink.Server","Method","Private","TryPrepareCompressedRequestDecode",3,0,0,0,0,""
"src/SharpLink.Server/SharpLinkServer.DecodeResources.cs",42,"SharpLink.Server","Method","Private","CreateDecodeResourceExhaustion",2,0,0,0,0,""
"src/SharpLink.Server/SharpLinkServer.DecodeResources.cs",52,"SharpLink.Server","Method","Private","CreateDecodeQueueResourceExhaustion",1,0,0,0,0,""
"src/SharpLink.Server/SharpLinkServer.DecodeResources.cs",61,"SharpLink.Server","Method","Private","CreateRetainedCompressedResourceExhaustion",2,0,0,0,0,""
"src/SharpLink.Server/SharpLinkServer.DesiredSession.cs",5,"SharpLink.Server","Field","Private","SessionRefreshEnqueueTimeout",1,0,0,0,0,""
"src/SharpLink.Server/SharpLinkServer.DesiredSession.cs",6,"SharpLink.Server","Field","Private","_desiredSessionGate",6,0,0,0,0,""
"src/SharpLink.Server/SharpLinkServer.DesiredSession.cs",7,"SharpLink.Server","Field","Private","_desiredSessionServerInstanceId",7,0,0,0,0,""
"src/SharpLink.Server/SharpLinkServer.DesiredSession.cs",8,"SharpLink.Server","Field","Private","_desiredSession",3,0,0,0,0,""
"src/SharpLink.Server/SharpLinkServer.DesiredSession.cs",9,"SharpLink.Server","Field","Private","_desiredSessionRollingGeneration",5,0,0,0,0,""
"src/SharpLink.Server/SharpLinkServer.DesiredSession.cs",10,"SharpLink.Server","Field","Private","_desiredSessionRolloutRequestEpoch",3,0,0,0,0,""
"src/SharpLink.Server/SharpLinkServer.DesiredSession.cs",11,"SharpLink.Server","Field","Private","_sessionDesiredSnapshots",3,0,0,0,0,""
"src/SharpLink.Server/SharpLinkServer.DesiredSession.cs",13,"SharpLink.Server","Field","Private","_desiredSessionRolloutWorker",6,0,0,0,0,""
"src/SharpLink.Server/SharpLinkServer.DesiredSession.cs",14,"SharpLink.Server","Field","Private","_desiredSessionRolloutTask",4,0,0,0,0,""
"src/SharpLink.Server/SharpLinkServer.DesiredSession.cs",16,"SharpLink.Server","Field","Internal","_desiredSessionRolloutTestHook",1,0,8,0,0,""
"src/SharpLink.Server/SharpLinkServer.DesiredSession.cs",33,"SharpLink.Server","Method","Internal","TryPublishDesiredSessionCoreAsync",2,0,0,0,0,""
"src/SharpLink.Server/SharpLinkServer.DesiredSession.cs",93,"SharpLink.Server","Method","Private","ValidateDesiredSessionCandidate",1,0,0,0,0,""
"src/SharpLink.Server/SharpLinkServer.DesiredSession.cs",112,"SharpLink.Server","Method","Private","CaptureDesiredSession",3,0,0,0,0,""
"src/SharpLink.Server/SharpLinkServer.DesiredSession.cs",118,"SharpLink.Server","Method","Private","GetOrCreateDesiredSessionLocked",3,0,0,0,0,""
"src/SharpLink.Server/SharpLinkServer.DesiredSession.cs",133,"SharpLink.Server","Method","Private","EnsureDesiredSessionRolloutWorkerLocked",1,0,0,0,0,""
"src/SharpLink.Server/SharpLinkServer.DesiredSession.cs",146,"SharpLink.Server","Method","Private","RunDesiredSessionRolloutWorkerAsync",1,0,0,0,0,""
"src/SharpLink.Server/SharpLinkServer.DesiredSession.cs",200,"SharpLink.Server","Method","Private","BindDesiredSessionSnapshot",1,0,0,0,0,""
"src/SharpLink.Server/SharpLinkServer.DesiredSession.cs",207,"SharpLink.Server","Method","Private","UnbindDesiredSessionSnapshot",1,0,0,0,0,""
"src/SharpLink.Server/SharpLinkServer.DesiredSession.cs",210,"SharpLink.Server","Method","Private","RequestRollingSessionRefreshAsync",1,0,0,0,0,""
"src/SharpLink.Server/SharpLinkServer.DesiredSession.cs",249,"SharpLink.Server","Method","Private","RunSessionRefreshIfStaleAsync",1,0,0,0,0,""
"src/SharpLink.Server/SharpLinkServer.DesiredSession.cs",267,"SharpLink.Server","Method","Private","RequestSessionRefreshIfStaleAsync",1,0,0,0,0,""
"src/SharpLink.Server/SharpLinkServer.DesiredSession.cs",280,"SharpLink.Server","Method","Private","SendSessionRefreshWithBoundedWaitAsync",2,0,0,0,0,""
"src/SharpLink.Server/SharpLinkServer.DesiredSession.cs",301,"SharpLink.Server","Method","Private","TryCreateRollingSessionRefreshRequest",2,0,0,0,0,""
"src/SharpLink.Server/SharpLinkServer.Handshake.cs",5,"SharpLink.Server","Method","Private","ProcessHandshakeAsync",1,0,0,0,0,""
"src/SharpLink.Server/SharpLinkServer.InterceptorGeneration.cs",5,"SharpLink.Server","NamedType","Private","global::SharpLink.Server.SharpLinkServer.ServerInterceptorGeneration",11,0,0,0,0,""
"src/SharpLink.Server/SharpLinkServer.InterceptorGeneration.cs",7,"SharpLink.Server","Field","Private","Terminal",1,0,0,0,0,""
"src/SharpLink.Server/SharpLinkServer.InterceptorGeneration.cs",9,"SharpLink.Server","Method","Private","ServerInterceptorGeneration",1,0,0,0,0,"Constructor/activation"
"src/SharpLink.Server/SharpLinkServer.InterceptorGeneration.cs",16,"SharpLink.Server","Property","Public","Entry",4,0,0,0,0,""
"src/SharpLink.Server/SharpLinkServer.InterceptorGeneration.cs",30,"SharpLink.Server","Method","Private","InvokeTerminalAsync",1,0,0,0,0,""
"src/SharpLink.Server/SharpLinkServer.InterceptorGeneration.cs",71,"SharpLink.Server","NamedType","Private","global::SharpLink.Server.SharpLinkServer.ServerInterceptorGeneration.ServerInterceptorNode",1,0,0,0,0,""
"src/SharpLink.Server/SharpLinkServer.InterceptorGeneration.cs",75,"SharpLink.Server","Method","Public","InvokeAsync",1,0,0,0,0,""
"src/SharpLink.Server/SharpLinkServer.Interceptors.cs",5,"SharpLink.Server","Method","Private","InvokeServiceAsync",3,0,0,0,0,""
"src/SharpLink.Server/SharpLinkServer.Interceptors.cs",139,"SharpLink.Server","Method","Private","CompleteDynamicSingletonInvocationAsync",2,0,0,0,0,""
"src/SharpLink.Server/SharpLinkServer.Interceptors.cs",179,"SharpLink.Server","Method","Private","InvokeAcquiredServiceAsync",2,0,0,0,0,""
"src/SharpLink.Server/SharpLinkServer.Interceptors.cs",224,"SharpLink.Server","Method","Private","InvokeServiceAfterAcquisitionAsync",1,0,0,0,0,""
"src/SharpLink.Server/SharpLinkServer.Interceptors.cs",266,"SharpLink.Server","Method","Private","InvokeServiceTrackedAsync",4,0,0,0,0,""
"src/SharpLink.Server/SharpLinkServer.Interceptors.cs",310,"SharpLink.Server","Method","Private","InvokeServiceWithLeaseAsync",1,0,0,0,0,""
"src/SharpLink.Server/SharpLinkServer.Interceptors.cs",368,"SharpLink.Server","Method","Private","CombineTerminalExceptions",4,0,0,0,0,""
"src/SharpLink.Server/SharpLinkServer.Interceptors.cs",371,"SharpLink.Server","Method","Private","CompleteDynamicRequestStreamsAsync",2,0,0,0,0,""
"src/SharpLink.Server/SharpLinkServer.Interceptors.cs",386,"SharpLink.Server","Method","Private","InvokeServiceCoreAsync",1,0,0,0,0,""
"src/SharpLink.Server/SharpLinkServer.Interceptors.cs",428,"SharpLink.Server","Method","Private","InvokeInterceptedWithOwnedArgumentsAsync",1,0,0,0,0,""
"src/SharpLink.Server/SharpLinkServer.Interceptors.cs",489,"SharpLink.Server","Method","Private","InvokeComposedServerInterceptorsAsync",2,0,0,0,0,""
"src/SharpLink.Server/SharpLinkServer.Interceptors.cs",540,"SharpLink.Server","Method","Private","ObserveServerCallAsync",1,0,0,0,0,""
"src/SharpLink.Server/SharpLinkServer.Interceptors.cs",556,"SharpLink.Server","Method","Private","MapServiceException",9,0,0,0,0,""
"src/SharpLink.Server/SharpLinkServer.Interceptors.cs",601,"SharpLink.Server","Method","Internal","MapStreamServiceException",1,0,0,0,0,""
"src/SharpLink.Server/SharpLinkServer.Interceptors.cs",648,"SharpLink.Server","Method","Private","IsCancellationException",1,0,0,0,0,""
"src/SharpLink.Server/SharpLinkServer.Interceptors.cs",652,"SharpLink.Server","Method","Private","RecordInvocationFailure",3,0,0,0,0,""
"src/SharpLink.Server/SharpLinkServer.InvocationContinuation.cs",10,"SharpLink.Server","Method","Private","ContinueRpcDispatch",2,0,0,0,0,""
"src/SharpLink.Server/SharpLinkServer.InvocationDispatch.cs",5,"SharpLink.Server","Method","Private","DispatchRpcAsync",2,0,0,0,0,""
"src/SharpLink.Server/SharpLinkServer.InvocationDispatch.cs",362,"SharpLink.Server","Method","Private","AwaitDispatchRpcNoReturnAsync",1,0,0,0,0,""
"src/SharpLink.Server/SharpLinkServer.InvocationDispatch.cs",447,"SharpLink.Server","Method","Private","AwaitDispatchRpcAsync",1,0,0,0,0,""
"src/SharpLink.Server/SharpLinkServer.InvocationDispatch.cs",553,"SharpLink.Server","Method","Private","ReleaseDispatchResources",10,0,0,0,0,""
"src/SharpLink.Server/SharpLinkServer.InvocationDispatch.cs",573,"SharpLink.Server","Method","Private","ReleaseDispatchResourcesAfterResponseAsync",18,0,0,0,0,""
"src/SharpLink.Server/SharpLinkServer.InvocationDispatch.cs",604,"SharpLink.Server","Method","Private","AwaitResponseAndReleaseDispatchResourcesAsync",1,0,0,0,0,""
"src/SharpLink.Server/SharpLinkServer.InvocationDispatch.cs",627,"SharpLink.Server","Method","Private","CompletePayloadResponseAndReleaseDispatchResourcesAsync",1,0,0,0,0,""
"src/SharpLink.Server/SharpLinkServer.InvocationDispatch.cs",657,"SharpLink.Server","Method","Private","AwaitPayloadResponseAndReleaseDispatchResourcesAsync",1,0,0,0,0,""
"src/SharpLink.Server/SharpLinkServer.LifecycleAliases.cs",7,"SharpLink.Server","Property","Private","_acceptCts",1,0,0,0,0,""
"src/SharpLink.Server/SharpLinkServer.LifecycleAliases.cs",9,"SharpLink.Server","Property","Private","_stateGate",9,0,0,0,0,""
"src/SharpLink.Server/SharpLinkServer.Log.cs",9,"SharpLink.Server","Field","Private","SSessionScope",1,0,0,0,0,""
"src/SharpLink.Server/SharpLinkServer.Log.cs",12,"SharpLink.Server","Field","Private","SRequestScope",1,0,0,0,0,""
"src/SharpLink.Server/SharpLinkServer.Log.cs",16,"SharpLink.Server","Method","Private","DebugLogClientHeartbeatReceived",2,0,0,0,0,""
"src/SharpLink.Server/SharpLinkServer.Log.cs",19,"SharpLink.Server","Method","Private","BeginSessionLogScope",2,0,0,0,0,""
"src/SharpLink.Server/SharpLinkServer.Log.cs",21,"SharpLink.Server","Method","Private","BeginRequestLogScope",2,0,0,0,0,""
"src/SharpLink.Server/SharpLinkServer.Log.cs",23,"SharpLink.Server","Method","Private","LogClientConnected",1,0,0,0,0,""
"src/SharpLink.Server/SharpLinkServer.Log.cs",26,"SharpLink.Server","Method","Private","LogClientDisconnected",1,0,0,0,0,""
"src/SharpLink.Server/SharpLinkServer.Log.cs",29,"SharpLink.Server","Method","Private","LogHandshakeFailed",2,0,0,0,0,""
"src/SharpLink.Server/SharpLinkServer.Log.cs",32,"SharpLink.Server","Method","Private","LogTlsHandshakeFailed",1,0,0,0,0,""
"src/SharpLink.Server/SharpLinkServer.Log.cs",35,"SharpLink.Server","Method","Private","LogTlsEstablished",1,0,0,0,0,""
"src/SharpLink.Server/SharpLinkServer.Log.cs",38,"SharpLink.Server","Method","Private","LogProtocolViolation",1,0,0,0,0,""
"src/SharpLink.Server/SharpLinkServer.Log.cs",41,"SharpLink.Server","Method","Private","LogProtocolViolationSuppressed",1,0,0,0,0,""
"src/SharpLink.Server/SharpLinkServer.Log.cs",44,"SharpLink.Server","Method","Private","LogConnectionAdmissionRejected",1,0,0,0,0,""
"src/SharpLink.Server/SharpLinkServer.Log.cs",47,"SharpLink.Server","Method","Private","LogClientHeartbeatTimeout",1,0,0,0,0,""
"src/SharpLink.Server/SharpLinkServer.Log.cs",50,"SharpLink.Server","Method","Private","LogOnewayRpcDispatchFailed",4,0,0,0,0,""
"src/SharpLink.Server/SharpLinkServer.Log.cs",53,"SharpLink.Server","Method","Private","LogOnewayRpcResourceExhausted",5,0,0,0,0,""
"src/SharpLink.Server/SharpLinkServer.Log.cs",56,"SharpLink.Server","Method","Private","LogRpcDispatchUnhandledException",3,0,0,0,0,""
"src/SharpLink.Server/SharpLinkServer.Log.cs",59,"SharpLink.Server","Method","Private","LogRpcCallAbandoned",2,0,0,0,0,""
"src/SharpLink.Server/SharpLinkServer.Log.cs",62,"SharpLink.Server","Method","Private","LogServerBackgroundLoopUnhandledException",4,0,0,0,0,""
"src/SharpLink.Server/SharpLinkServer.Log.cs",65,"SharpLink.Server","Method","Private","LogServerCallCapacityConfigured",1,0,0,0,0,""
"src/SharpLink.Server/SharpLinkServer.Log.cs",71,"SharpLink.Server","Method","Private","LogServerConnectionAdmissionConfigured",1,0,0,0,0,""
"src/SharpLink.Server/SharpLinkServer.Log.cs",77,"SharpLink.Server","Method","Private","LogForcedCallsRemaining",2,0,0,0,0,""
"src/SharpLink.Server/SharpLinkServer.Log.cs",80,"SharpLink.Server","Method","Private","LogDeferredCleanupFailed",14,0,0,0,0,""
"src/SharpLink.Server/SharpLinkServer.Log.cs",83,"SharpLink.Server","Method","Private","LogFrameworkCleanupTimeout",2,0,0,0,0,""
"src/SharpLink.Server/SharpLinkServer.Log.cs",86,"SharpLink.Server","Method","Private","LogClientHeartbeatReceived",1,0,0,0,0,""
"src/SharpLink.Server/SharpLinkServer.PersistentDecodeDispatch.cs",5,"SharpLink.Server","Method","Private","DispatchRpcWithPersistentDecodeAsync",1,0,0,0,0,""
"src/SharpLink.Server/SharpLinkServer.PersistentDecodeDispatch.cs",175,"SharpLink.Server","Method","Private","AwaitPersistentDecodeAndContinueAsync",1,0,0,0,0,""
"src/SharpLink.Server/SharpLinkServer.PersistentDecodeDispatch.cs",309,"SharpLink.Server","Method","Private","ReconcileRetainedPayloadUse",5,0,0,0,0,""
"src/SharpLink.Server/SharpLinkServer.PersistentDecodeDispatch.cs",323,"SharpLink.Server","Method","Private","ReleaseRetainedPayloadUse",3,0,0,0,0,""
"src/SharpLink.Server/SharpLinkServer.PersistentDecodeDispatch.cs",341,"SharpLink.Server","NamedType","Private","global::SharpLink.Server.SharpLinkServer.PersistentDecodeResult",3,0,0,0,0,""
"src/SharpLink.Server/SharpLinkServer.PersistentDecodeDispatch.cs",343,"SharpLink.Server","Property","Internal","Payload",5,0,0,0,0,""
"src/SharpLink.Server/SharpLinkServer.PersistentDecodeDispatch.cs",347,"SharpLink.Server","Property","Internal","DecodePermit",3,0,0,0,0,""
"src/SharpLink.Server/SharpLinkServer.PersistentDecodeDispatch.cs",349,"SharpLink.Server","Property","Internal","ResourceRejection",2,0,0,0,0,""
"src/SharpLink.Server/SharpLinkServer.PersistentDecodeDispatch.cs",351,"SharpLink.Server","Field","Internal","RetainedUseReleased",2,0,0,0,0,""
"src/SharpLink.Server/SharpLinkServer.PreAdmissionStreams.cs",5,"SharpLink.Server","Field","Private","UnresolvedClientStreamCount",2,0,0,0,0,""
"src/SharpLink.Server/SharpLinkServer.PreAdmissionStreams.cs",7,"SharpLink.Server","Method","Private","TryCopyAdmissionPayload",3,0,0,0,0,""
"src/SharpLink.Server/SharpLinkServer.PreAdmissionStreams.cs",43,"SharpLink.Server","Method","Private","ReservePreAdmissionRequestStreams",2,0,0,0,0,""
"src/SharpLink.Server/SharpLinkServer.PreAdmissionStreams.cs",55,"SharpLink.Server","Method","Private","ReservePreAdmissionRequestStreamsCore",1,0,0,0,0,""
"src/SharpLink.Server/SharpLinkServer.PreAdmissionStreams.cs",87,"SharpLink.Server","Method","Private","ReservePreInvocationRequestStreams",2,0,0,0,0,""
"src/SharpLink.Server/SharpLinkServer.PreAdmissionStreams.cs",103,"SharpLink.Server","Method","Private","ReservePreInvocationRequestStreamsCore",1,0,0,0,0,""
"src/SharpLink.Server/SharpLinkServer.PreAdmissionStreams.cs",172,"SharpLink.Server","Method","Private","DrainRejectedOneWayStreams",11,0,0,0,0,""
"src/SharpLink.Server/SharpLinkServer.PreAdmissionStreams.cs",187,"SharpLink.Server","Method","Private","DrainCompletedOneWayStreams",2,0,0,0,0,""
"src/SharpLink.Server/SharpLinkServer.PreAdmissionStreams.cs",196,"SharpLink.Server","Method","Private","ResolveRawRequestClientStreamCount",2,0,0,0,0,""
"src/SharpLink.Server/SharpLinkServer.PreAdmissionStreams.cs",210,"SharpLink.Server","Method","Private","CompleteFailedRequestStreams",22,0,0,0,0,""
"src/SharpLink.Server/SharpLinkServer.PreAdmissionStreams.cs",218,"SharpLink.Server","Method","Private","DrainFailedOneWayStreams",7,0,0,0,0,""
"src/SharpLink.Server/SharpLinkServer.PreAdmissionStreams.cs",230,"SharpLink.Server","NamedType","Internal","global::SharpLink.Server.ServerRetainedAdmissionPayload",14,0,0,0,0,""
"src/SharpLink.Server/SharpLinkServer.PreAdmissionStreams.cs",232,"SharpLink.Server","Field","Private","_pool",2,0,0,0,0,""
"src/SharpLink.Server/SharpLinkServer.PreAdmissionStreams.cs",234,"SharpLink.Server","Field","Private","_retainedPermit",3,0,0,0,0,""
"src/SharpLink.Server/SharpLinkServer.PreAdmissionStreams.cs",236,"SharpLink.Server","Field","Private","_activeUses",5,0,0,0,0,""
"src/SharpLink.Server/SharpLinkServer.PreAdmissionStreams.cs",238,"SharpLink.Server","Field","Private","_released",7,0,0,0,0,""
"src/SharpLink.Server/SharpLinkServer.PreAdmissionStreams.cs",240,"SharpLink.Server","Method","Internal","ServerRetainedAdmissionPayload",1,0,0,0,0,"Constructor/activation"
"src/SharpLink.Server/SharpLinkServer.PreAdmissionStreams.cs",262,"SharpLink.Server","Property","Internal","RetainedPermit",3,0,0,0,0,""
"src/SharpLink.Server/SharpLinkServer.PreAdmissionStreams.cs",321,"SharpLink.Server","Method","Private","ReleaseCore",2,0,0,0,0,""
"src/SharpLink.Server/SharpLinkServer.RequestEnvelope.cs",5,"SharpLink.Server","Method","Private","ReadRequestEnvelope",5,0,0,0,0,""
"src/SharpLink.Server/SharpLinkServer.RequestEnvelope.cs",20,"SharpLink.Server","Method","Private","IsDeadlineExceeded",6,0,0,0,0,""
"src/SharpLink.Server/SharpLinkServer.RequestLoop.cs",5,"SharpLink.Server","Method","Private","TryAcceptInboundStreamProgress",3,0,0,0,0,""
"src/SharpLink.Server/SharpLinkServer.RequestLoop.cs",57,"SharpLink.Server","Method","Private","ProcessRequestLoop",1,0,0,0,0,""
"src/SharpLink.Server/SharpLinkServer.RequestLoop.cs",343,"SharpLink.Server","Method","Private","DispatchRequestAsync",1,0,0,0,0,""
"src/SharpLink.Server/SharpLinkServer.RequestLoop.cs",442,"SharpLink.Server","Method","Private","AwaitDispatchAsync",2,0,0,0,0,""
"src/SharpLink.Server/SharpLinkServer.RequestLoop.cs",464,"SharpLink.Server","Method","Private","ObserveDecodedRequestErrorSend",1,0,0,0,0,""
"src/SharpLink.Server/SharpLinkServer.RequestLoop.cs",470,"SharpLink.Server","Method","Private","DispatchStreamChunkAsync",1,0,0,0,0,""
"src/SharpLink.Server/SharpLinkServer.RequestLoop.cs",480,"SharpLink.Server","Method","Private","DispatchStreamComplete",1,0,0,0,0,""
"src/SharpLink.Server/SharpLinkServer.RequestLoop.cs",498,"SharpLink.Server","Method","Private","TryReadStreamId",1,0,0,0,0,""
"src/SharpLink.Server/SharpLinkServer.RequestLoop.cs",508,"SharpLink.Server","Method","Private","ReadMonotonicTimestamp",1,0,0,0,0,""
"src/SharpLink.Server/SharpLinkServer.RunLoop.cs",5,"SharpLink.Server","Method","Private","RunAcceptLoopAsync",1,0,0,0,0,""
"src/SharpLink.Server/SharpLinkServer.RunLoop.cs",107,"SharpLink.Server","Method","Private","RunAcceptedConnectionIsolatedAsync",1,0,0,0,0,""
"src/SharpLink.Server/SharpLinkServer.RunLoop.cs",124,"SharpLink.Server","Method","Private","IsExpectedCancellation",6,0,0,0,0,""
"src/SharpLink.Server/SharpLinkServer.RunLoop.cs",127,"SharpLink.Server","Method","Private","IsExpectedConnectionTermination",3,0,0,0,0,""
"src/SharpLink.Server/SharpLinkServer.RuntimeCallCapacity.cs",5,"SharpLink.Server","Method","Private","UpdateCallCapacity",1,0,9,0,0,"Interface implementation"
"src/SharpLink.Server/SharpLinkServer.RuntimeConfigurationResults.cs",5,"SharpLink.Server","Method","Internal","TryReplaceInterceptorsCore",1,0,0,0,0,""
"src/SharpLink.Server/SharpLinkServer.RuntimeConfigurationResults.cs",21,"SharpLink.Server","Method","Internal","TryUpdateResponseCompressionPolicyCore",1,0,0,0,0,""
"src/SharpLink.Server/SharpLinkServer.RuntimeConfigurationResults.cs",34,"SharpLink.Server","Method","Internal","TryUpdateCallCapacityCore",1,0,0,0,0,""
"src/SharpLink.Server/SharpLinkServer.RuntimeConfigurationResults.cs",53,"SharpLink.Server","Method","Internal","TryUpdateConnectionAdmissionCore",1,0,0,0,0,""
"src/SharpLink.Server/SharpLinkServer.RuntimeConfigurationResults.cs",74,"SharpLink.Server","Method","Internal","TryEnableAdmissionControlCore",1,0,0,0,0,""
"src/SharpLink.Server/SharpLinkServer.RuntimeConfigurationResults.cs",109,"SharpLink.Server","Method","Internal","TryUpdateAdmissionControlCore",1,0,0,0,0,""
"src/SharpLink.Server/SharpLinkServer.RuntimeConfigurationResults.cs",178,"SharpLink.Server","Method","Internal","TryDisableAdmissionControlCore",1,0,0,0,0,""
"src/SharpLink.Server/SharpLinkServer.RuntimeConfigurationResults.cs",193,"SharpLink.Server","Method","Internal","TryUpdateTelemetryDetailPolicyCore",1,0,0,0,0,""
"src/SharpLink.Server/SharpLinkServer.RuntimeConfigurationResults.cs",216,"SharpLink.Server","Method","Private","IsRuntimeConfigurationPublicationClosed",10,0,0,0,0,""
"src/SharpLink.Server/SharpLinkServer.RuntimeConfigurationResults.cs",219,"SharpLink.Server","Method","Private","LifecycleClosed",11,0,0,0,0,""
"src/SharpLink.Server/SharpLinkServer.RuntimeConfigurationResults.cs",224,"SharpLink.Server","Method","Private","ModeConflict",2,0,0,0,0,""
"src/SharpLink.Server/SharpLinkServer.RuntimeConfigurationResults.cs",229,"SharpLink.Server","Method","Private","PublicationConflict",2,0,0,0,0,""
"src/SharpLink.Server/SharpLinkServer.RuntimeInterceptors.cs",6,"SharpLink.Server","Field","Private","_replacementStateGateEnteredForTesting",2,0,0,0,0,""
"src/SharpLink.Server/SharpLinkServer.RuntimeRpcSessionFlush.cs",3,"SharpLink.Server","NamedType","Internal","global::SharpLink.Server.ISharpLinkServerRpcSessionFlushRuntime",7,0,0,0,0,""
"src/SharpLink.Server/SharpLinkServer.RuntimeRpcSessionFlush.cs",5,"SharpLink.Server","Method","Public","GetRpcSessionFlushPolicySnapshot",1,0,7,0,0,"Interface contract"
"src/SharpLink.Server/SharpLinkServer.RuntimeRpcSessionFlush.cs",6,"SharpLink.Server","Method","Public","UpdateRpcSessionFlushPolicy",1,0,1,0,0,"Interface contract"
"src/SharpLink.Server/SharpLinkServer.RuntimeRpcSessionFlush.cs",7,"SharpLink.Server","Method","Public","TryUpdateRpcSessionFlushPolicy",1,0,5,0,0,"Interface contract"
"src/SharpLink.Server/SharpLinkServer.RuntimeRpcSessionFlush.cs",115,"SharpLink.Server","Method","Private","GetRpcSessionFlushPolicyState",3,0,0,0,0,""
"src/SharpLink.Server/SharpLinkServer.RuntimeTelemetryDetail.cs",5,"SharpLink.Server","Field","Private","_telemetryDetailGate",2,0,0,0,0,""
"src/SharpLink.Server/SharpLinkServer.RuntimeTelemetryDetail.cs",6,"SharpLink.Server","Field","Private","_telemetryDetailGeneration",4,0,0,0,0,""
"src/SharpLink.Server/SharpLinkServer.RuntimeTelemetryDetail.cs",38,"SharpLink.Server","Method","Private","CaptureTelemetryDetailGeneration",4,0,0,0,0,""
"src/SharpLink.Server/SharpLinkServer.RuntimeTelemetryDetail.cs",50,"SharpLink.Server","Method","Private","StartServerTelemetryCall",4,0,0,0,0,""
"src/SharpLink.Server/SharpLinkServerAdmissionControlExtensions.cs",78,"SharpLink.Server","NamedType","Internal","global::SharpLink.Server.ISharpLinkAdmissionRuntimeControl",7,0,0,0,0,""
"src/SharpLink.Server/SharpLinkServerBuilder.Compression.cs",3,"SharpLink.Server","NamedType","Public","global::SharpLink.Server.SharpLinkServerBuilder",48,0,216,11,12,""
"src/SharpLink.Server/SharpLinkServerBuilder.cs",6,"SharpLink.Server","Field","Private","ConsumedBuilderMessage",1,0,0,0,0,""
"src/SharpLink.Server/SharpLinkServerBuilder.cs",8,"SharpLink.Server","Field","Private","_configurationGate",6,0,0,0,0,""
"src/SharpLink.Server/SharpLinkServerBuilder.cs",9,"SharpLink.Server","Field","Private","_runtimeContextBuilder",8,0,0,0,0,""
"src/SharpLink.Server/SharpLinkServerBuilder.cs",10,"SharpLink.Server","Field","Private","_enabledServices",3,0,0,0,0,""
"src/SharpLink.Server/SharpLinkServerBuilder.cs",11,"SharpLink.Server","Field","Private","_excludedServices",3,0,0,0,0,""
"src/SharpLink.Server/SharpLinkServerBuilder.cs",12,"SharpLink.Server","Field","Private","_replacementServices",3,0,0,0,0,""
"src/SharpLink.Server/SharpLinkServerBuilder.cs",16,"SharpLink.Server","Field","Private","_transport",9,0,0,0,0,""
"src/SharpLink.Server/SharpLinkServerBuilder.cs",17,"SharpLink.Server","Field","Private","_pendingResources",4,0,0,0,0,""
"src/SharpLink.Server/SharpLinkServerBuilder.cs",21,"SharpLink.Server","Field","Private","_automaticServiceRegistration",2,0,0,0,0,""
"src/SharpLink.Server/SharpLinkServerBuilder.cs",23,"SharpLink.Server","Field","Private","_loggerFactory",3,0,0,0,0,""
"src/SharpLink.Server/SharpLinkServerBuilder.cs",26,"SharpLink.Server","Field","Private","_allowUnencrypted",2,0,0,0,0,""
"src/SharpLink.Server/SharpLinkServerBuilder.cs",27,"SharpLink.Server","Field","Private","_allowUnauthenticated",2,0,0,0,0,""
"src/SharpLink.Server/SharpLinkServerBuilder.cs",29,"SharpLink.Server","Field","Private","_includeExceptionDetails",2,0,0,0,0,""
"src/SharpLink.Server/SharpLinkServerBuilder.cs",30,"SharpLink.Server","Field","Private","_admissionControlOptions",3,0,0,0,0,""
"src/SharpLink.Server/SharpLinkServerBuilder.cs",31,"SharpLink.Server","Field","Private","_connectionAdmissionOptions",3,0,0,0,0,""
"src/SharpLink.Server/SharpLinkServerBuilder.cs",47,"SharpLink.Server","Method","Public","UseTransport",10,0,180,2,0,""
"src/SharpLink.Server/SharpLinkServerBuilder.cs",100,"SharpLink.Server","Method","Public","ListenOn",2,0,0,0,0,""
"src/SharpLink.Server/SharpLinkServerBuilder.cs",266,"SharpLink.Server","Method","Public","UseLoggerFactoryIfUnset",1,0,0,0,0,""
"src/SharpLink.Server/SharpLinkServerBuilder.cs",335,"SharpLink.Server","Method","Public","UseServiceProvider",1,0,20,1,0,""
"src/SharpLink.Server/SharpLinkServerBuilder.cs",415,"SharpLink.Server","Method","Private","CompileForBuild",1,0,0,0,0,""
"src/SharpLink.Server/SharpLinkServerBuilder.cs",439,"SharpLink.Server","Method","Private","CompilePlan",1,0,0,0,0,""
"src/SharpLink.Server/SharpLinkServerBuilder.cs",474,"SharpLink.Server","Method","Private","ValidateTransportSecurity",1,0,0,0,0,""
"src/SharpLink.Server/SharpLinkServerBuilder.cs",498,"SharpLink.Server","Method","Private","IsLoopback",1,0,0,0,0,""
"src/SharpLink.Server/SharpLinkServerBuilder.cs",620,"SharpLink.Server","Method","Private","CompileServicePlan",1,0,0,0,0,""
"src/SharpLink.Server/SharpLinkServerBuilder.cs",723,"SharpLink.Server","Method","Private","DisposeUnbuiltResources",1,0,0,0,0,""
"src/SharpLink.Server/SharpLinkServerBuilder.cs",740,"SharpLink.Server","Method","Private","Configure",32,0,0,0,0,""
"src/SharpLink.Server/SharpLinkServerBuilder.cs",749,"SharpLink.Server","Method","Private","BeginBuild",1,0,0,0,0,""
"src/SharpLink.Server/SharpLinkServerBuilder.cs",758,"SharpLink.Server","Method","Private","CompleteBuild",2,0,0,0,0,""
"src/SharpLink.Server/SharpLinkServerBuilder.cs",768,"SharpLink.Server","Method","Private","EnsureMutable",2,0,0,0,0,""
"src/SharpLink.Server/SharpLinkServerBuilder.cs",774,"SharpLink.Server","Method","Private","ValidateManifest",1,0,0,0,0,""
"src/SharpLink.Server/SharpLinkServerBuilder.cs",777,"SharpLink.Server","Method","Private","CreateBuildConflict",2,0,0,0,0,""
"src/SharpLink.Server/SharpLinkServerBuilder.cs",806,"SharpLink.Server","Method","Private","ValidateLifetime",1,0,0,0,0,""
"src/SharpLink.Server/SharpLinkServerBuilder.cs",816,"SharpLink.Server","NamedType","Private","global::SharpLink.Server.SharpLinkServerBuilder.BuilderState",6,0,0,0,0,""
"src/SharpLink.Server/SharpLinkServerBuilder.cs",818,"SharpLink.Server","Field","Public","Mutable",1,0,0,0,0,"Enum/protocol identity"
"src/SharpLink.Server/SharpLinkServerBuilder.cs",819,"SharpLink.Server","Field","Public","Building",1,0,0,0,0,"Enum/protocol identity"
"src/SharpLink.Server/SharpLinkServerBuilder.cs",820,"SharpLink.Server","Field","Public","Consumed",3,0,0,0,0,"Enum/protocol identity"
"src/SharpLink.Server/SharpLinkServerCallCapacityExtensions.cs",36,"SharpLink.Server","NamedType","Internal","global::SharpLink.Server.ISharpLinkServerCallCapacityRuntimeControl",3,0,0,0,0,""
"src/SharpLink.Server/SharpLinkServerConnectionAdmissionExtensions.cs",36,"SharpLink.Server","NamedType","Internal","global::SharpLink.Server.ISharpLinkConnectionAdmissionRuntimeControl",3,0,0,0,0,""
"src/SharpLink.Server/SharpLinkServerRuntimeConfigurationExtensions.cs",108,"SharpLink.Server","Method","Private","GetRuntime",9,0,0,0,0,""
"src/SharpLink.Server/SharpLinkServerRuntimeConfigurationExtensions.cs",114,"SharpLink.Server","Method","Private","Unsupported",8,0,0,0,0,""
"src/SharpLink.Server/TransportExtensions.cs",151,"SharpLink.Server","Method","Private","ValidateTcpPort",6,0,0,0,0,""
"src/SharpLink.Server/TransportExtensions.cs",157,"SharpLink.Server","Method","Private","ValidateBacklog",6,0,0,0,0,""
"src/SharpLink.Shared/RpcBuiltinCollectionWireCatalog.cs",3,"SharpLink.Generator","NamedType","Internal","global::SharpLink.RpcBuiltinCollectionWireStrategy",5,0,0,0,0,""
"src/SharpLink.Shared/RpcBuiltinCollectionWireCatalog.cs",3,"SharpLink.Runtime","NamedType","Internal","global::SharpLink.RpcBuiltinCollectionWireStrategy",3,0,2,0,0,""
"src/SharpLink.Shared/RpcBuiltinCollectionWireCatalog.cs",5,"SharpLink.Runtime","Field","Public","RawBlit",1,0,1,0,0,"Enum/protocol identity"
"src/SharpLink.Shared/RpcBuiltinCollectionWireCatalog.cs",6,"SharpLink.Runtime","Field","Public","DateTimeOffsetCanonical",1,0,1,0,0,"Enum/protocol identity"
"src/SharpLink.Shared/RpcBuiltinCollectionWireCatalog.cs",9,"SharpLink.Generator","NamedType","Internal","global::SharpLink.RpcBuiltinCollectionWireDescriptor",5,0,0,0,0,""
"src/SharpLink.Shared/RpcBuiltinCollectionWireCatalog.cs",9,"SharpLink.Runtime","NamedType","Internal","global::SharpLink.RpcBuiltinCollectionWireDescriptor",4,0,1,0,0,""
"src/SharpLink.Shared/RpcBuiltinCollectionWireCatalog.cs",14,"SharpLink.Generator","NamedType","Internal","global::SharpLink.RpcBuiltinCollectionWireCatalog",2,0,0,0,0,""
"src/SharpLink.Shared/RpcBuiltinCollectionWireCatalog.cs",16,"SharpLink.Generator","Field","Internal","RawBlitSemantic",1,0,0,0,0,""
"src/SharpLink.Shared/RpcBuiltinCollectionWireCatalog.cs",16,"SharpLink.Runtime","Field","Internal","RawBlitSemantic",1,0,0,0,0,""
"src/SharpLink.Shared/RpcBuiltinCollectionWireCatalog.cs",17,"SharpLink.Generator","Field","Internal","DateTimeOffsetCanonicalSemantic",1,0,0,0,0,""
"src/SharpLink.Shared/RpcBuiltinCollectionWireCatalog.cs",17,"SharpLink.Runtime","Field","Internal","DateTimeOffsetCanonicalSemantic",1,0,0,0,0,""
"src/SharpLink.Shared/RpcBuiltinCollectionWireCatalog.cs",20,"SharpLink.Generator","Field","Private","Items",4,0,0,0,0,""
"src/SharpLink.Shared/RpcBuiltinCollectionWireCatalog.cs",52,"SharpLink.Generator","Method","Internal","TryGet",2,0,0,0,0,""
"src/SharpLink.Shared/RpcBuiltinCollectionWireCatalog.cs",70,"SharpLink.Generator","Method","Private","NormalizeTypeName",1,0,0,0,0,""
"src/SharpLink.Shared/RpcBuiltinCollectionWireCatalog.cs",70,"SharpLink.Runtime","Method","Private","NormalizeTypeName",1,0,0,0,0,""
"src/SharpLink.Shared/RpcBuiltinCollectionWireCatalog.cs",94,"SharpLink.Generator","Method","Private","Raw",24,0,0,0,0,""
"src/SharpLink.Shared/RpcBuiltinCollectionWireCatalog.cs",94,"SharpLink.Runtime","Method","Private","Raw",24,0,0,0,0,""
